sample_id,annotation_partition,document_id,clause_index,clause_type,clause_text,check_id,question,flag_if,silver_risk,silver_risk_type,silver_severity,silver_evidence,silver_confidence,silver_status,adjudication_method,judge_model,verifier_model,max_tokens,protocol_version,notes
216d974108f5977d,locked_test,RandWorldwideInc_20010402_8-KA_EX-10.2_2102464_EX-10.2_Co-Branding Agreement.pdf,435,Anti-Assignment,"This Agreement may be assigned or otherwise transferred, by operation of law or otherwise without the express written consent of PlanetCAD and Dassault Systemes, but in such event the assigning Party shall give notice to the non-assigning Party and the non-assigning Party shall have the right to terminate this Agreement within the 30-day period following receipt of such notice.",AA-1,Is assignment restricted?,Yes — evaluate consent standard,UNCERTAIN,,,,LOW,MACHINE_DISAGREEMENT,QWEN3:8B_GEMMA3:12B_TWO_MODEL_CONSENSUS,qwen3:8b,gemma3:12b,700,silver_v5_blind_parallel,
39b952e24cdc3e35,locked_test,SFGFINANCIALCORP_05_12_2009-EX-10.1-SOFTWARE LICENSE AND MAINTENANCE AGREEMENT.PDF,1319,Anti-Assignment,"Licensee agrees it shall not exchange, lease, sublease, distribute, assign, sell or otherwise transfer in any manner any right and/or interest  incident to the License Technology to any third party under any circumstances, without the prior written consent of the Licensor.",AA-2,What is the consent standard?,"Absolute ban, or consent with no reasonableness limit",UNCERTAIN,,,,LOW,MACHINE_AGREED_BUT_EVIDENCE_INVALID,QWEN3:8B_GEMMA3:12B_TWO_MODEL_CONSENSUS,qwen3:8b,gemma3:12b,700,silver_v5_blind_parallel,
dc07063b55b9211f,locked_test,ReynoldsConsumerProductsInc_20191115_S-1_EX-10.18_11896469_EX-10.18_Supply Agreement.pdf,543,Anti-Assignment,"This Agreement, its rights and obligations, is not assignable or transferable by either Party, in whole or in part, except with the prior written consent of the other Party, which consent will not be unreasonably withheld, conditioned or delayed.",AA-3,"Are there exceptions for affiliates, M&A, or financing?",None,NO,,,,HIGH,MACHINE_AGREED,QWEN3:8B_GEMMA3:12B_TWO_MODEL_CONSENSUS,qwen3:8b,gemma3:12b,700,silver_v5_blind_parallel,
687086efd6b79a9a,locked_test,ArconicRolledProductsCorp_20191217_10-12B_EX-2.7_11923804_EX-2.7_Trademark License Agreement.pdf,947,Affiliate License-Licensor,"Licensor on behalf of itself and its Affliates hereby grants to Licensee the limited licenses to use and have used the Licensed Mark: (i) for the Licensed Products as set forth on Schedule 2; and (ii) as set forth on Schedule 1, concerning agreements entered into by Licensee prior to the Effective Date (""Existing Agreements""). For the avoidance of doubt, Licensor also grants to Licensee and its subsidiaries and affiliates a non-exclusive, worldwide royalty-free license for continued use of the Licensed Mark for the production and sale of inventory containing the Licensed Mark applied to such products during the Transition Period as set forth in section 8.2 of the Separation and Distribution Agreement and in Schedule 2 of this Agreement.",AFFLR-1,Is the affiliate that owns or controls the licensed IP clearly identified or its authority established?,No / unclear,UNCERTAIN,,,,LOW,MACHINE_DISAGREEMENT,QWEN3:8B_GEMMA3:12B_TWO_MODEL_CONSENSUS,qwen3:8b,gemma3:12b,700,silver_v5_blind_parallel,
ffa5f5170a333c3a,locked_test,ArconicRolledProductsCorp_20191217_10-12B_EX-2.7_11923804_EX-2.7_Trademark License Agreement.pdf,947,Affiliate License-Licensor,"Licensor on behalf of itself and its Affliates hereby grants to Licensee the limited licenses to use and have used the Licensed Mark: (i) for the Licensed Products as set forth on Schedule 2; and (ii) as set forth on Schedule 1, concerning agreements entered into by Licensee prior to the Effective Date (""Existing Agreements""). For the avoidance of doubt, Licensor also grants to Licensee and its subsidiaries and affiliates a non-exclusive, worldwide royalty-free license for continued use of the Licensed Mark for the production and sale of inventory containing the Licensed Mark applied to such products during the Transition Period as set forth in section 8.2 of the Separation and Distribution Agreement and in Schedule 2 of this Agreement.",AFFLR-2,Does the agreement clearly connect the affiliate-owned IP to the granted license and applicable obligations?,No / unclear,UNCERTAIN,,,,LOW,MACHINE_DISAGREEMENT,QWEN3:8B_GEMMA3:12B_TWO_MODEL_CONSENSUS,qwen3:8b,gemma3:12b,700,silver_v5_blind_parallel,
6b8f0cd5d8007e54,locked_test,ArconicRolledProductsCorp_20191217_10-12B_EX-2.7_11923804_EX-2.7_Trademark License Agreement.pdf,947,Affiliate License-Licensor,"Licensor on behalf of itself and its Affliates hereby grants to Licensee the limited licenses to use and have used the Licensed Mark: (i) for the Licensed Products as set forth on Schedule 2; and (ii) as set forth on Schedule 1, concerning agreements entered into by Licensee prior to the Effective Date (""Existing Agreements""). For the avoidance of doubt, Licensor also grants to Licensee and its subsidiaries and affiliates a non-exclusive, worldwide royalty-free license for continued use of the Licensed Mark for the production and sale of inventory containing the Licensed Mark applied to such products during the Transition Period as set forth in section 8.2 of the Separation and Distribution Agreement and in Schedule 2 of this Agreement.",AFFLR-3,Is there a material continuity or enforcement gap if the affiliate is not a party to the main agreement?,Yes / possible,UNCERTAIN,,,,LOW,MACHINE_DISAGREEMENT,QWEN3:8B_GEMMA3:12B_TWO_MODEL_CONSENSUS,qwen3:8b,gemma3:12b,700,silver_v5_blind_parallel,
9b7e7248d7921016,locked_test,KINGPHARMACEUTICALSINC_08_09_2006-EX-10.1-PROMOTION AGREEMENT.PDF,2423,Affiliate License-Licensee,"During the Term, subject to the terms and conditions of this Agreement, Depomed hereby grants to King and its Affiliates and King and its Affiliates hereby accept a co-exclusive right to Promote the Product under the Depomed Trademarks in the Territory together with Depomed and its Affiliates only, on the terms and subject to the conditions set forth herein.",AFFLS-1,Are the affiliates permitted to use the licensed rights clearly identified or objectively determinable?,No / unclear,UNCERTAIN,,,,LOW,MACHINE_AGREED_UNCERTAIN,QWEN3:8B_GEMMA3:12B_TWO_MODEL_CONSENSUS,qwen3:8b,gemma3:12b,700,silver_v5_blind_parallel,
d15fe4a2484b84cc,locked_test,BizzingoInc_20120322_8-K_EX-10.17_7504499_EX-10.17_Endorsement Agreement.pdf,2187,Affiliate License-Licensee,"Subject to the terms and conditions set forth herein, Theismann hereby grants to Bizzingo and its affiliates the unlimited  right and privilege during the Term (as defined herein) and within the Territory to use the Property (as defined herein) in connection with the  advertisement, promotion, and sale of the Network in the Territory whether through film, television, radio, print and Internet media, including the right to use  the Property in or on the Network",AFFLS-2,"Are affiliate use rights bounded by the same field, territory, purpose, duration, and security obligations as the main license?",No / unclear,UNCERTAIN,,,,LOW,MACHINE_DISAGREEMENT,QWEN3:8B_GEMMA3:12B_TWO_MODEL_CONSENSUS,qwen3:8b,gemma3:12b,700,silver_v5_blind_parallel,
83f23fbb45c01ddc,locked_test,KINGPHARMACEUTICALSINC_08_09_2006-EX-10.1-PROMOTION AGREEMENT.PDF,2423,Affiliate License-Licensee,"During the Term, subject to the terms and conditions of this Agreement, Depomed hereby grants to King and its Affiliates and King and its Affiliates hereby accept a co-exclusive right to Promote the Product under the Depomed Trademarks in the Territory together with Depomed and its Affiliates only, on the terms and subject to the conditions set forth herein.",AFFLS-3,Could affiliate use materially expand the commercial scope or exposure without corresponding controls?,Yes,YES,Commercial Scope Expansion,HIGH,co-exclusive right to Promote the Product under the Depomed Trademarks in the Territory together with Depomed and its Affiliates only,HIGH,MACHINE_AGREED,QWEN3:8B_GEMMA3:12B_TWO_MODEL_CONSENSUS,qwen3:8b,gemma3:12b,700,silver_v5_blind_parallel,
27ca5e94bd96c777,locked_test,XpresspaGroupInc_20190401_10-K_EX-10.28_11599457_EX-10.28_Marketing Agreement.pdf,2069,Audit Rights,"Upon receipt of such information, Calm shall have thirty (30) days (the ""Calm Review Period"") to review the Calm Audit Results.",AUD-1,Are audit rights one-sided in a way that creates undue burden or data exposure for the reviewing party?,Yes,UNCERTAIN,,,,LOW,MACHINE_DISAGREEMENT,QWEN3:8B_GEMMA3:12B_TWO_MODEL_CONSENSUS,qwen3:8b,gemma3:12b,700,silver_v5_blind_parallel,
7bc9a67c8c205902,locked_test,KINGPHARMACEUTICALSINC_08_09_2006-EX-10.1-PROMOTION AGREEMENT.PDF,2433,Audit Rights,"The audit will be conducted during normal business hours, at convenient times.",AUD-2,"Are notice, frequency, and confidentiality protections for audits stated?",No,UNCERTAIN,,,,LOW,MACHINE_DISAGREEMENT,QWEN3:8B_GEMMA3:12B_TWO_MODEL_CONSENSUS,qwen3:8b,gemma3:12b,700,silver_v5_blind_parallel,
dff81e370b0f817f,locked_test,KINGPHARMACEUTICALSINC_08_09_2006-EX-10.1-PROMOTION AGREEMENT.PDF,2443,Covenant Not To Sue,"Depomed recognizes King's title to the King Trademarks, and shall not at any time, during or after the Term, do or knowingly suffer to be done any act or thing which will in any way impair the rights of King in or to the King Trademarks.",CNTS-1,Does the covenant restrict claims or enforcement rights more broadly than the commercial arrangement requires?,Yes,UNCERTAIN,,,,LOW,MACHINE_DISAGREEMENT,QWEN3:8B_GEMMA3:12B_TWO_MODEL_CONSENSUS,qwen3:8b,gemma3:12b,700,silver_v5_blind_parallel,
883fd42adb99e408,locked_test,HealthcentralCom_19991108_S-1A_EX-10.27_6623292_EX-10.27_Co-Branding Agreement.pdf,1602,Covenant Not To Sue,"Without      limiting the generality of the foregoing, MLX agrees:<omitted>not to contest the validity of the HCI Marks or HCI's title              thereto;",CNTS-2,"Are the covered claims, parties, duration, and exceptions clearly bounded?",No / unclear,UNCERTAIN,,,,LOW,MACHINE_DISAGREEMENT,QWEN3:8B_GEMMA3:12B_TWO_MODEL_CONSENSUS,qwen3:8b,gemma3:12b,700,silver_v5_blind_parallel,
f58104ebc2da4fff,locked_test,XpresspaGroupInc_20190401_10-K_EX-10.28_11599457_EX-10.28_Marketing Agreement.pdf,2079,Covenant Not To Sue,"Neither Party shall do or cause to be done any act or thing that may in any way adversely affect any rights of the other Party in and to such other Party's Marks or any registrations thereof or that, directly or indirectly, may reduce the value of such Marks or detract from any Mark's reputation, including challenging the ownership, validity or enforceability of such Marks.",CNTS-3,Is the covenant materially one-sided or broader than any reciprocal protection?,Yes,UNCERTAIN,,,,LOW,MACHINE_DISAGREEMENT,QWEN3:8B_GEMMA3:12B_TWO_MODEL_CONSENSUS,qwen3:8b,gemma3:12b,700,silver_v5_blind_parallel,
bb0743d2068eea43,locked_test,MOELIS&CO_03_24_2014-EX-10.19-STRATEGIC ALLIANCE AGREEMENT.PDF,483,Change Of Control,"This Agreement may be terminated as follows:<omitted>(d) by any party if the SMBC Unit-Holders cease to hold any Partnership Interests as a result of sale or transfer pursuant to Section 12.4 of this Agreement or Section 8.4 of the Moelis Holdings Agreement, such termination to be effective six (6) months following the date on which the other parties receive written notice of such party's election to terminate this Agreement;",COC-1,What happens on a change of control?,Automatic termination or harsh adverse effect,NO,,,,HIGH,MACHINE_AGREED,QWEN3:8B_GEMMA3:12B_TWO_MODEL_CONSENSUS,qwen3:8b,gemma3:12b,700,silver_v5_blind_parallel,
39b82ef6c36fdcb2,locked_test,VerizonAbsLlc_20200123_8-K_EX-10.4_11952335_EX-10.4_Service Agreement.pdf,1112,Change Of Control,"Within fifteen (15) Business Days after the merger, consolidation, succession or assignment, such Person will (i) execute an agreement to assume the Depositor's obligations under this Agreement and each Transaction Document to which the Depositor is a party (unless the assumption happens by operation of Law), (ii) deliver to the Issuer, the Owner Trustee and the Indenture Trustee an Officer's Certificate and an Opinion of Counsel each stating that the merger, consolidation, succession or assignment and the assumption agreement comply with this Section 5.3, (iii) deliver to the Issuer, the Owner Trustee and the Indenture Trustee an Opinion of Counsel stating that the security interest in favor of the Issuer in the Depositor Transferred Property and the Indenture Trustee in the Collateral is or will be perfected and (iv) notify the Rating Agencies of the merger, consolidation, succession or assignment.",COC-2,Is the same corporate event treated inconsistently versus the anti-assignment clause?,Yes,NO,,,,HIGH,MACHINE_AGREED,QWEN3:8B_GEMMA3:12B_TWO_MODEL_CONSENSUS,qwen3:8b,gemma3:12b,700,silver_v5_blind_parallel,
4a8b8d98719a70b1,locked_test,HealthcentralCom_19991108_S-1A_EX-10.27_6623292_EX-10.27_Co-Branding Agreement.pdf,1583,Competitive Restriction Exception,"If, at any time during the Term of this Agreement, HCI fails to meet the content requirements set out in paragraphs 3(f), (g) and (h), HCI shall no longer be entitled to be the exclusive health content partner in the health section of the Sympatico web site.",CRE-1,"Are exceptions to exclusivity, non-compete, or similar restrictions clearly defined?",No / unclear,UNCERTAIN,,,,LOW,MACHINE_DISAGREEMENT,QWEN3:8B_GEMMA3:12B_TWO_MODEL_CONSENSUS,qwen3:8b,gemma3:12b,700,silver_v5_blind_parallel,
6c004d8b37c85805,locked_test,MOELIS&CO_03_24_2014-EX-10.19-STRATEGIC ALLIANCE AGREEMENT.PDF,465,Competitive Restriction Exception,"Notwithstanding the foregoing, this provision shall not prevent any party from soliciting or otherwise contacting any Client (i) for any purpose other than working on or obtaining an assignment on Covered Businesses involving Japanese Companies in Covered Regions where all principal parties involved are located within Covered Regions or (ii) with whom such party (or its employees or consultants) has had a pre-existing relationship, including, but not limited to, a pre-existing contractual or business relationship, prior to the Introduction of such Client in connection with an assignment covered by this Agreement.",CRE-2,Do the exceptions materially weaken the protection expected by the reviewing party?,Yes,UNCERTAIN,,,,LOW,MACHINE_DISAGREEMENT,QWEN3:8B_GEMMA3:12B_TWO_MODEL_CONSENSUS,qwen3:8b,gemma3:12b,700,silver_v5_blind_parallel,
a639457f0fb039e8,locked_test,BIOCEPTINC_08_19_2013-EX-10-COLLABORATION AGREEMENT.PDF,996,Competitive Restriction Exception,"Life Technologies will be authorized to perform the Professional Component of all Tests sold by the parties, although Biocept may engage other groups in promotion, marketing and performance arrangements for the Tests, at the discretion of Biocept.",CRE-3,Are the exception triggers consistent with the surrounding restriction clauses?,No / unclear,UNCERTAIN,,,,LOW,MACHINE_DISAGREEMENT,QWEN3:8B_GEMMA3:12B_TWO_MODEL_CONSENSUS,qwen3:8b,gemma3:12b,700,silver_v5_blind_parallel,
0e46f254be85d200,locked_test,CHANGEPOINTCORP_03_08_2000-EX-10.6-LICENSE AND HOSTING AGREEMENT.PDF,102,Source Code Escrow,"The Escrow Agent shall require Changepoint to place in an          escrow account in Toronto a copy of the source code of the Software          including all Updates and Upgrades thereto, documentation and similar          materials (the ""SOURCE CODE"").",ESC-1,Is the licensed software business-critical with no escrow or equivalent continuity path?,Yes,NO,,,,HIGH,MACHINE_AGREED,QWEN3:8B_GEMMA3:12B_TWO_MODEL_CONSENSUS,qwen3:8b,gemma3:12b,700,silver_v5_blind_parallel,
1cfdd09ee0b27531,locked_test,CHANGEPOINTCORP_03_08_2000-EX-10.6-LICENSE AND HOSTING AGREEMENT.PDF,105,Source Code Escrow,"Corio shall notify Changepoint in writing if it believes that          one of the following events (the ""RELEASE CONDITIONS"") has occurred and          that it intends to seek release of the Source Code from the escrow          account: (i) Changepoint's dissolution or ceasing to do business in the          normal course, except as a result or a merger, amalgamation or sale of          all or a substantial part of the assets of Changepoint, or (ii)          Changepoint's repeated and material breach of Changepoint's Software          Support and Maintenance obligations defined under Section 5 of this          Agreement and EXHIBIT C pertaining to the correction of programming





         errors and such breach is not cured within sixty (60) days of receipt          of written notice thereof from Corio.",ESC-2,"Are release conditions clear (for example bankruptcy, material breach, failure to support)?",No,UNCERTAIN,,,,LOW,MACHINE_DISAGREEMENT,QWEN3:8B_GEMMA3:12B_TWO_MODEL_CONSENSUS,qwen3:8b,gemma3:12b,700,silver_v5_blind_parallel,
902710e079e7907e,locked_test,BizzingoInc_20120322_8-K_EX-10.17_7504499_EX-10.17_Endorsement Agreement.pdf,2179,Exclusivity,"Notwithstanding the foregoing, during the term and for a period of one (1) year thereafter, Theismann shall not use,  permit the use of, or license to others the Property in connection with the advertisement, promotion, and sale of any network or Internet service,  including but limited to all computer/video games, CD-ROMs, and/or interactive video of any form, except for a pre-existing license by Theismann.",EXC-1,Is exclusivity granted without performance obligations or exit rights?,Yes,UNCERTAIN,,,,LOW,MACHINE_DISAGREEMENT,QWEN3:8B_GEMMA3:12B_TWO_MODEL_CONSENSUS,qwen3:8b,gemma3:12b,700,silver_v5_blind_parallel,
68024707e901ce40,locked_test,"PACIRA PHARMACEUTICALS, INC. - A&R STRATEGIC LICENSING, DISTRIBUTION AND MARKETING AGREEMENT .PDF",1727,Exclusivity,"PPI hereby grants EKR the exclusive right and license (with the right to sublicense) to use, market, promote, sell, distribute and warehouse the Products (the ""Distribution Rights"") in the Field in the Territory during the Term, as  well as to make or have made the Products anywhere in the world for import or sale in the Field in the Territory in each case, under the PPI  IP provided that PPI retains all rights necessary to manufacture and supply the Products to EKR in accordance with this Agreement and the  Supply Agreement.",EXC-2,Do exceptions hollow out the exclusivity or make it one-sided against the reviewing party?,Yes,NO,,,,HIGH,MACHINE_AGREED,QWEN3:8B_GEMMA3:12B_TWO_MODEL_CONSENSUS,qwen3:8b,gemma3:12b,700,silver_v5_blind_parallel,
a4b0ed39df5c30ef,locked_test,DataCallTechnologies_20060918_SB-2A_EX-10.9_944510_EX-10.9_Content License Agreement.pdf,2505,Governing Law,This Agreement  shall  be  governed  and  construed in accordance with           the  laws  of  the  United  States of America.,GOV-1,Is governing law stated?,No,NO,,,,HIGH,MACHINE_AGREED,QWEN3:8B_GEMMA3:12B_TWO_MODEL_CONSENSUS,qwen3:8b,gemma3:12b,700,silver_v5_blind_parallel,
c735c1aca5b81160,locked_test,VerizonAbsLlc_20200123_8-K_EX-10.4_11952335_EX-10.4_Service Agreement.pdf,1111,Governing Law,"THIS AGREEMENT, INCLUDING THE RIGHTS AND DUTIES OF THE PARTIES HERETO, SHALL BE GOVERNED BY, AND CONSTRUED IN ACCORDANCE WITH, THE INTERNAL LAWS OF THE STATE OF NEW YORK (INCLUDING SECTIONS 5-1401 AND 5-1402 OF THE GENERAL OBLIGATIONS LAW OF THE STATE OF NEW YORK, BUT WITHOUT REGARD TO ANY OTHERWISE APPLICABLE CONFLICTS OF LAW PRINCIPLES).",GOV-2,Is the forum or dispute mechanism consistent with the governing law?,Missing or inconsistent,UNCERTAIN,,,,LOW,MACHINE_DISAGREEMENT,QWEN3:8B_GEMMA3:12B_TWO_MODEL_CONSENSUS,qwen3:8b,gemma3:12b,700,silver_v5_blind_parallel,
bc486dfa0c411044,locked_test,"FTENETWORKS,INC_02_18_2016-EX-99.4-STRATEGIC ALLIANCE AGREEMENT.PDF",274,Insurance,"Subcontractor expressly acknowledges while EDGE retains the right to review the insurance provided by Subcontractor and' Lower-tier Subcontractors, EDGE is not obligated to perform such review.",INS-1,Are insurance requirements stated where the activity creates material risk?,No,UNCERTAIN,,,,LOW,MACHINE_DISAGREEMENT,QWEN3:8B_GEMMA3:12B_TWO_MODEL_CONSENSUS,qwen3:8b,gemma3:12b,700,silver_v5_blind_parallel,
f58e946f261cac0c,locked_test,"PACIRA PHARMACEUTICALS, INC. - A&R STRATEGIC LICENSING, DISTRIBUTION AND MARKETING AGREEMENT .PDF",1779,Insurance,"During the Lease Term, PPI shall:<omitted>maintain property damage and liability insurance and insurance against  loss or damage to the Transferred Equipment as part of PPI's general liability insurance.",INS-2,Are required limits aligned with residual liability exposure?,Limits far below exposure,UNCERTAIN,,,,LOW,MACHINE_AGREED_UNCERTAIN,QWEN3:8B_GEMMA3:12B_TWO_MODEL_CONSENSUS,qwen3:8b,gemma3:12b,700,silver_v5_blind_parallel,
d2e488cc44c5a743,locked_test,"PACIRA PHARMACEUTICALS, INC. - A&R STRATEGIC LICENSING, DISTRIBUTION AND MARKETING AGREEMENT .PDF",1740,Ip Ownership Assignment,"Effective as of the Agreement Date, PPI hereby sells, transfers, conveys and assigns to EKR all right, title  and interest in and to [**] (the ""Transferred NDA"").",IP-1,Who owns newly created or deliverable IP?,"Vendor owns IP the customer paid to create, without clear license-back",UNCERTAIN,,,,LOW,MACHINE_DISAGREEMENT,QWEN3:8B_GEMMA3:12B_TWO_MODEL_CONSENSUS,qwen3:8b,gemma3:12b,700,silver_v5_blind_parallel,
b0a97676bdaaf650,locked_test,CHANGEPOINTCORP_03_08_2000-EX-10.6-LICENSE AND HOSTING AGREEMENT.PDF,78,Ip Ownership Assignment,"All changes, modifications and enhancements or          derivative works made to the Software or Documentation by Corio or          Changepoint, or jointly by the parties, shall be owned by Changepoint,          including all copyrights, patents, trade secret rights, trademarks and          other intellectual property rights therein.",IP-2,Is assignment language present-tense (for example 'hereby assigns') rather than only future ('will assign')?,Future-tense only,NO,,,,HIGH,MACHINE_AGREED,QWEN3:8B_GEMMA3:12B_TWO_MODEL_CONSENSUS,qwen3:8b,gemma3:12b,700,silver_v5_blind_parallel,
5ac81aa938c225fb,locked_test,MOSSIMOINC_04_14_2000-EX-10.14-ENDORSEMENT AGREEMENT.PDF,297,Ip Ownership Assignment,"In the event that, prior to commencement of the Contract Period, Company has filed one or more applications for registration of any such trademark, or otherwise has obtained any rights to such trademark, Company agrees to cause such applications and/or trademarks to be assigned and transferred to Licensor forthwith.",IP-3,Does the clause assign the customer's pre-existing IP or data to the vendor?,Yes,UNCERTAIN,,,,LOW,MACHINE_DISAGREEMENT,QWEN3:8B_GEMMA3:12B_TWO_MODEL_CONSENSUS,qwen3:8b,gemma3:12b,700,silver_v5_blind_parallel,
60aa80f1fecf97ae,locked_test,"PACIRA PHARMACEUTICALS, INC. - A&R STRATEGIC LICENSING, DISTRIBUTION AND MARKETING AGREEMENT .PDF",1743,Ip Ownership Assignment,"Upon termination of this Agreement for any reason except by EKR pursuant to Section 16.1(a), EKR shall promptly transfer the Transferred NDA and related regulatory documentation to PPI in accordance with Section 17.1(e).",IP-4,Is each party's background IP clearly retained?,No,NO,,,,HIGH,MACHINE_AGREED,QWEN3:8B_GEMMA3:12B_TWO_MODEL_CONSENSUS,qwen3:8b,gemma3:12b,700,silver_v5_blind_parallel,
6a4c4a0d0fe63832,locked_test,ELECTRAMECCANICA VEHICLES CORP. - Manufacturing Agreement .PDF,1934,Irrevocable Or Perpetual License,"Subject to the terms of this Agreement, subject to Manufacturer meeting EMV's requirements for quality, price and lead- time, EMV hereby grants Manufacturer an exclusive, non-transferable, license (without the right to sublicense) under EMV's Proprietary Rights in the Territory, during the term of this Agreement, to use the Specifications solely for the purpose of manufacturing the Products to fulfil Purchase Orders for EMV.",IPL-1,Is the license described as irrevocable or perpetual?,Present — then check IPL-2 and IPL-3,UNCERTAIN,,,,LOW,MACHINE_DISAGREEMENT,QWEN3:8B_GEMMA3:12B_TWO_MODEL_CONSENSUS,qwen3:8b,gemma3:12b,700,silver_v5_blind_parallel,
cba91b25866fb13f,locked_test,ELECTRAMECCANICA VEHICLES CORP. - Manufacturing Agreement .PDF,1934,Irrevocable Or Perpetual License,"Subject to the terms of this Agreement, subject to Manufacturer meeting EMV's requirements for quality, price and lead- time, EMV hereby grants Manufacturer an exclusive, non-transferable, license (without the right to sublicense) under EMV's Proprietary Rights in the Territory, during the term of this Agreement, to use the Specifications solely for the purpose of manufacturing the Products to fulfil Purchase Orders for EMV.",IPL-2,Can the supplier still terminate the license for convenience or minor breach?,Yes,NO,,,,HIGH,MACHINE_AGREED,QWEN3:8B_GEMMA3:12B_TWO_MODEL_CONSENSUS,qwen3:8b,gemma3:12b,700,silver_v5_blind_parallel,
4fe45ad7889aedb2,locked_test,RareElementResourcesLtd_20171019_SC 13D_EX-99.4_10897534_EX-99.4_Intellectual Property Agreement.pdf,780,Irrevocable Or Perpetual License,"Company further grants to Investor, during the duration of the Option Period, a worldwide, royalty-free, non-exclusive, irrevocable license (with the right to grant sublicenses to Affiliates) to use the Technical Information to practice the methods described and claimed in the Patents and to make and have made, use, offer to sell, sell and import products made using the methods, and to make Improvements, and to engage in any activity which would give rise to a claim of infringement (direct or indirect or otherwise) of one or more of the Patents in the absence of a license.",IPL-3,Did the reviewing party grant an irrevocable or perpetual license it did not intend?,Yes,UNCERTAIN,,,,LOW,MACHINE_DISAGREEMENT,QWEN3:8B_GEMMA3:12B_TWO_MODEL_CONSENSUS,qwen3:8b,gemma3:12b,700,silver_v5_blind_parallel,
fc4560f691423685,locked_test,"KIROMICBIOPHARMA,INC_04_08_2020-EX-10.28-JOINT VENTURE AGREEMENT.PDF",983,Joint Ip Ownership,"In this case the Party concerned shall have the right to proceed with the submission of the application on the Results at its own expense and in co-ownership with the other Party, subject to written notice.",JIPO-1,Are ownership shares or ownership rights for jointly created IP clearly defined?,No / unclear,UNCERTAIN,,,,LOW,MACHINE_AGREED_UNCERTAIN,QWEN3:8B_GEMMA3:12B_TWO_MODEL_CONSENSUS,qwen3:8b,gemma3:12b,700,silver_v5_blind_parallel,
77cfc0a8cebe29f3,locked_test,"PACIRA PHARMACEUTICALS, INC. - A&R STRATEGIC LICENSING, DISTRIBUTION AND MARKETING AGREEMENT .PDF",1745,Joint Ip Ownership,"Joint Improvements  shall be owned jointly by the Parties, and PPI's interest therein shall be licensed to EKR hereunder.",JIPO-2,"Are licensing, exploitation, enforcement, registration, and cost responsibilities for joint IP addressed?",No / unclear,NO,,,,HIGH,MACHINE_AGREED,QWEN3:8B_GEMMA3:12B_TWO_MODEL_CONSENSUS,qwen3:8b,gemma3:12b,700,silver_v5_blind_parallel,
df0044cdd51506b8,locked_test,"KIROMICBIOPHARMA,INC_04_08_2020-EX-10.28-JOINT VENTURE AGREEMENT.PDF",983,Joint Ip Ownership,"In this case the Party concerned shall have the right to proceed with the submission of the application on the Results at its own expense and in co-ownership with the other Party, subject to written notice.",JIPO-3,"Are exit, termination, or dispute consequences for jointly owned IP unclear?",Yes / unclear,UNCERTAIN,,,,LOW,MACHINE_DISAGREEMENT,QWEN3:8B_GEMMA3:12B_TWO_MODEL_CONSENSUS,qwen3:8b,gemma3:12b,700,silver_v5_blind_parallel,
bf097d657479c7d1,locked_test,"INTERSECTENT,INC_05_11_2020-EX-10.1-SUPPLY AGREEMENT.PDF",2460,Liquidated Damages,"In the case that either company is acquired by, or merges with, another company which has reason to not wish to continue the relationship, that company may make a contract buyout payment [*] for the [*], with a [*] buyout payment amount of [*].",LD-1,Does the amount appear to be a reasonable pre-estimate of loss rather than a penalty?,Looks punitive or arbitrary,UNCERTAIN,,,,LOW,MACHINE_DISAGREEMENT,QWEN3:8B_GEMMA3:12B_TWO_MODEL_CONSENSUS,qwen3:8b,gemma3:12b,700,silver_v5_blind_parallel,
bdac13d6d35d491d,locked_test,MOSSIMOINC_04_14_2000-EX-10.14-ENDORSEMENT AGREEMENT.PDF,303,Liquidated Damages,"In the event the Company terminates the                   Agreement in accordance with Section 16, any unearned                   Additional License Fee will be fully refundable and due the                   Company as set forth in Section 16.",LD-2,Is the relationship between liquidated damages and the liability cap stated?,Silent or conflicting,NO,,,,HIGH,MACHINE_AGREED,QWEN3:8B_GEMMA3:12B_TWO_MODEL_CONSENSUS,qwen3:8b,gemma3:12b,700,silver_v5_blind_parallel,
e2eb2abf309fc226,locked_test,"PACIRA PHARMACEUTICALS, INC. - A&R STRATEGIC LICENSING, DISTRIBUTION AND MARKETING AGREEMENT .PDF",1746,License Grant,"The Step-in Right shall include, without limitation, and to the extent allowable under Applicable Law, PPI's grant to EKR of  such additional license rights, rights of access, rights of observation and rights of management, direction and control, in  each case solely with respect to the manufacture and supply of Product and as reasonably necessary to enable and permit  EKR (or EKR's designee) to ensure that the supply of Product shall continue to be available to EKR under this Agreement  and the Supply Agreement; provided that EKR in exercising the Step-in Right shall not (i) unreasonably interfere with PPI's  other activities at the facilities at which the Product is manufactured, tested, labeled, stored or<omitted>otherwise handled (""Product Facilities"") or (ii) require PPI to take any action or fail to take any action that does or could  reasonably be expected to interfere with PPI's other activities at the Product Facilities.",LIC-1,"Are field, territory, and purpose of the license clear?",Unclear or missing,UNCERTAIN,,,,LOW,MACHINE_DISAGREEMENT,QWEN3:8B_GEMMA3:12B_TWO_MODEL_CONSENSUS,qwen3:8b,gemma3:12b,700,silver_v5_blind_parallel,
bb12613a381efacb,locked_test,CHANGEPOINTCORP_03_08_2000-EX-10.6-LICENSE AND HOSTING AGREEMENT.PDF,85,License Grant,"Subject to the terms and conditions of this          Agreement, Changepoint grants to Corio a nonexclusive, nontransferable          (except in accordance with Section 14.1 of this Agreement),          royalty-free, fully paid up license in the Territory to reproduce,          install and use additional copies of the Software, Documentation, and          Software tools and utilities if any, subject to any restrictions placed          on the Changepoint by third party software providers and payment of any          applicable fees required by such third parties, in machine executable          object code for production, testing, development, upgrade, reporting          and training for the purpose of allowing the Software to be made          available to Customers as part of the Corio Services.",LIC-2,Is the license broader than the commercial deal requires?,Yes,UNCERTAIN,,,,LOW,MACHINE_DISAGREEMENT,QWEN3:8B_GEMMA3:12B_TWO_MODEL_CONSENSUS,qwen3:8b,gemma3:12b,700,silver_v5_blind_parallel,
391c2f3d9f7d328e,locked_test,"PACIRA PHARMACEUTICALS, INC. - A&R STRATEGIC LICENSING, DISTRIBUTION AND MARKETING AGREEMENT .PDF",1751,License Grant,"Joint Improvements  shall be owned jointly by the Parties, and PPI's interest therein shall be licensed to EKR hereunder.",LIC-3,Are sublicense or affiliate rights missing when the deal needs them?,Yes,UNCERTAIN,,,,LOW,MACHINE_DISAGREEMENT,QWEN3:8B_GEMMA3:12B_TWO_MODEL_CONSENSUS,qwen3:8b,gemma3:12b,700,silver_v5_blind_parallel,
3a657233b89cbd66,locked_test,ENTERPRISEPRODUCTSPARTNERSLP_07_08_1998-EX-10.3-TRANSPORTATION CONTRACT.PDF,686,Cap On Liability,"A claim must be filed with Carrier within     thirty (30) days from the date the shipment in question was delivered, and     (i) contain facts sufficient to identify the shipment (or shipments)     involved (ii) assert the grounds for Carrier's liability for alleged loss,     damage, injury, or delay, and (iii) request payment of a specified or     determinable amount of money.",LOL-1,Is there no express monetary or fee-based liability cap?,Yes,NO,,,,HIGH,MACHINE_AGREED,QWEN3:8B_GEMMA3:12B_TWO_MODEL_CONSENSUS,qwen3:8b,gemma3:12b,700,silver_v5_blind_parallel,
6ffc4ed57c1aa9cd,locked_test,SFGFINANCIALCORP_05_12_2009-EX-10.1-SOFTWARE LICENSE AND MAINTENANCE AGREEMENT.PDF,1332,Cap On Liability,"Licensor shall assume no liability, both contingent and otherwise, which may arise out of or be in any  way related to the following; (a) furnishing, performance, maintenance, use of, or inability to use all or  any part of the system, (b) any fault in the delivery or operation of the system, (c) suspension or  termination of the Licensee's ability to use all or part of the system, or any inaccuracies or omissions  in any information or documentation provided, (d) any failure or delay suffered or allegedly suffered  by Licensee in initiating and terminating trades, (e) the termination of all or part of this Licensee  Agreement by the Licensor, (f) the termination or modification of any and all parts of the License.",LOL-2,Is the cap mutual?,One-sided protecting only the counterparty,UNCERTAIN,,,,LOW,MACHINE_DISAGREEMENT,QWEN3:8B_GEMMA3:12B_TWO_MODEL_CONSENSUS,qwen3:8b,gemma3:12b,700,silver_v5_blind_parallel,
5afc7fee61b6c1d0,locked_test,CHANGEPOINTCORP_03_08_2000-EX-10.6-LICENSE AND HOSTING AGREEMENT.PDF,124,Cap On Liability,"Termination of this          Agreement by Corio for non conformance of the Software to the          Documentation under this Section 3.1 shall, upon a refund of all          fees paid to Changepoint, be Corio's sole and exclusive remedy          against Changepoint for any nonconformance of the Software with the          Documentation.",LOL-3,Is the liability cap nominal or very low relative to deal value or exposure?,Yes,UNCERTAIN,,,,LOW,MACHINE_DISAGREEMENT,QWEN3:8B_GEMMA3:12B_TWO_MODEL_CONSENSUS,qwen3:8b,gemma3:12b,700,silver_v5_blind_parallel,
7e400444de57e071,locked_test,AURASYSTEMSINC_06_16_2010-EX-10.25-STRATEGIC ALLIANCE AGREEMENT.PDF,2549,Cap On Liability,"NEITHER PARTY SHALL NOT BE LIABLE TO THE OTHER FOR ANY DAMAGES, LOSSES OR EXPENSES RESULTING FROM ANY  TERMINATION OR EXPIRATION OF THIS AGREEMENT ARISING FROM ANY CLAIMS ASSERTED WHICH ARE BASED UPON  LOSS OF GOODWILL, PROSPECTIVE PROFITS OR ANTICIPATED ORDERS, OR ON ACCOUNT OF ANY EXPENDITURES,  INVESTMENTS, LEASES OR COMMITMENTS MADE BY SUCH PARTY;",LOL-4,"Are high-risk heads missing from the liability-cap carve-outs (for example IP, confidentiality/data, fraud, willful misconduct, gross negligence)?",Yes,NO,,,,HIGH,MACHINE_AGREED,QWEN3:8B_GEMMA3:12B_TWO_MODEL_CONSENSUS,qwen3:8b,gemma3:12b,700,silver_v5_blind_parallel,
2674f6e6895b0ffd,locked_test,KINGPHARMACEUTICALSINC_08_09_2006-EX-10.1-PROMOTION AGREEMENT.PDF,2434,Cap On Liability,"In the event that a Depomed Supply Failure occurs, notwithstanding its compliance with its obligations under Section 6.1, to fulfill all orders for the Product generated by King activities in a timely and efficient manner, upon written notice to Depomed (a ""King Manufacturing Notice""), King shall have, and hereby grants King, exercisable only in accordance with the provisions hereof, the right, but not the obligation, to manufacture, or have manufactured, the Product on behalf of Depomed, at Depomed's expense, including expenses related to the technical transfer of the Product, and Depomed will provide reasonable assistance to King in connection therewith, including by transferring or licensing to King all Technology necessary or useful to give King the capability of manufacturing the Product so that King can undertake manufacture of the Product; provided, however, that Depomed shall not be required to reimburse King for more than [***] percent ([***]%) of Depomed's standard cost for such Product.",LOL-5,Is the exclusion of consequential or indirect damages one-sided against the reviewing party?,Yes,NO,,,,HIGH,MACHINE_AGREED,QWEN3:8B_GEMMA3:12B_TWO_MODEL_CONSENSUS,qwen3:8b,gemma3:12b,700,silver_v5_blind_parallel,
57ca736cd91be53c,locked_test,AURASYSTEMSINC_06_16_2010-EX-10.25-STRATEGIC ALLIANCE AGREEMENT.PDF,2530,Most Favored Nation,"Zanotti shall notify Aura  in writing of any such MFN Terms within fifteen (15) calendar days after agreeing thereto, and shall make the MFN Terms available to Aura as of  the effective date of such agreement and thereafter for the greater of (i) three (3) months or (ii) such time that the MFN Terms remain in effect.",MFN-1,"Is MFN scope (price, terms, customers, territory) clear?",Unclear,UNCERTAIN,,,,LOW,MACHINE_AGREED_UNCERTAIN,QWEN3:8B_GEMMA3:12B_TWO_MODEL_CONSENSUS,qwen3:8b,gemma3:12b,700,silver_v5_blind_parallel,
c68fde25145a849b,locked_test,AURASYSTEMSINC_06_16_2010-EX-10.25-STRATEGIC ALLIANCE AGREEMENT.PDF,2529,Most Favored Nation,"During the term of this Agreement, Zanotti agrees that Aura shall be allowed the full benefit of any and all lower prices  and/or any more favorable terms and/or conditions (""MFN"" Terms) contained in any other agreement entered into by Zanotti for the sale of any  product substantially similar to the Product in the same or lesser quantities described in this Agreement to third parties",MFN-2,Does MFN conflict with other price or discount restrictions in the contract?,Yes,UNCERTAIN,,,,LOW,MACHINE_DISAGREEMENT,QWEN3:8B_GEMMA3:12B_TWO_MODEL_CONSENSUS,qwen3:8b,gemma3:12b,700,silver_v5_blind_parallel,
38a897b28a5e69e8,locked_test,ELECTRAMECCANICA VEHICLES CORP. - Manufacturing Agreement .PDF,1925,Minimum Commitment,"In case that EMV fails to reach the target volume within the specified period of the agreement, EMV shall reimburse the Manufacturer the investment of the equipment by the percentage of unachieved volume.",MIN-1,Is there a minimum purchase or take-or-pay obligation?,Yes — check relief terms,NO,,,,HIGH,MACHINE_AGREED,QWEN3:8B_GEMMA3:12B_TWO_MODEL_CONSENSUS,qwen3:8b,gemma3:12b,700,silver_v5_blind_parallel,
3986d453f97db587,locked_test,AURASYSTEMSINC_06_16_2010-EX-10.25-STRATEGIC ALLIANCE AGREEMENT.PDF,2541,Minimum Commitment,"Within thirty (30) days from the Effective Date hereof, Zanotti shall deliver to Aura a minimum total of twelve (12)  Products to be delivered to Aura's facilities McDonough, Georgia, of such type as mutually agreed by the Parties (the ""Initial Order"").",MIN-2,Is there relief if goods or services are not delivered or are unusable?,No,NO,,,,HIGH,MACHINE_AGREED,QWEN3:8B_GEMMA3:12B_TWO_MODEL_CONSENSUS,qwen3:8b,gemma3:12b,700,silver_v5_blind_parallel,
a51bc08b1e66534f,locked_test,XpresspaGroupInc_20190401_10-K_EX-10.28_11599457_EX-10.28_Marketing Agreement.pdf,2043,Non-Compete,"Throughout the Term and for a period of six (6) months after the expiration or termination of this Agreement, neither XSPA nor any of its affiliates shall, directly or indirectly, sell, offer for sale, market or promote any digital meditation or digital sleep products (other than the Products), including online or in any Store in the Territory, without the express prior written consent of Calm.",NC-1,"Are scope, geography, and duration reasonable?",Over-broad or excessively long,UNCERTAIN,,,,LOW,MACHINE_DISAGREEMENT,QWEN3:8B_GEMMA3:12B_TWO_MODEL_CONSENSUS,qwen3:8b,gemma3:12b,700,silver_v5_blind_parallel,
e1e8f837cf02c42f,locked_test,XpresspaGroupInc_20190401_10-K_EX-10.28_11599457_EX-10.28_Marketing Agreement.pdf,2043,Non-Compete,"Throughout the Term and for a period of six (6) months after the expiration or termination of this Agreement, neither XSPA nor any of its affiliates shall, directly or indirectly, sell, offer for sale, market or promote any digital meditation or digital sleep products (other than the Products), including online or in any Store in the Territory, without the express prior written consent of Calm.",NC-2,Is there a meaningful exception or carve-out for ordinary business?,No,UNCERTAIN,,,,LOW,MACHINE_DISAGREEMENT,QWEN3:8B_GEMMA3:12B_TWO_MODEL_CONSENSUS,qwen3:8b,gemma3:12b,700,silver_v5_blind_parallel,
d4ed7d7f1bf834e9,locked_test,CybergyHoldingsInc_20140520_10-Q_EX-10.27_8605784_EX-10.27_Affiliate Agreement.pdf,1561,Non-Disparagement,"Company shall not specify the business practices of MA, nor regulate the manner in which MA shall operate its business, provided that MA (a) conducts business in a manner that reflects favorably at all times on the Technology sold and the good name, goodwill and reputation of Company and its affiliates<omitted>",NDS-1,Is the non-disparagement restriction materially broader than needed for the transaction?,Yes,UNCERTAIN,,,,LOW,MACHINE_DISAGREEMENT,QWEN3:8B_GEMMA3:12B_TWO_MODEL_CONSENSUS,qwen3:8b,gemma3:12b,700,silver_v5_blind_parallel,
0e4dc90f7d08a9f2,locked_test,CybergyHoldingsInc_20140520_10-Q_EX-10.27_8605784_EX-10.27_Affiliate Agreement.pdf,1561,Non-Disparagement,"Company shall not specify the business practices of MA, nor regulate the manner in which MA shall operate its business, provided that MA (a) conducts business in a manner that reflects favorably at all times on the Technology sold and the good name, goodwill and reputation of Company and its affiliates<omitted>",NDS-2,"Is the restriction mutual and subject to appropriate legal, regulatory, or truthful-reporting exceptions?",No / unclear,UNCERTAIN,,,,LOW,MACHINE_DISAGREEMENT,QWEN3:8B_GEMMA3:12B_TWO_MODEL_CONSENSUS,qwen3:8b,gemma3:12b,700,silver_v5_blind_parallel,
218408288627f818,locked_test,CybergyHoldingsInc_20140520_10-Q_EX-10.27_8605784_EX-10.27_Affiliate Agreement.pdf,1561,Non-Disparagement,"Company shall not specify the business practices of MA, nor regulate the manner in which MA shall operate its business, provided that MA (a) conducts business in a manner that reflects favorably at all times on the Technology sold and the good name, goodwill and reputation of Company and its affiliates<omitted>",NDS-3,Is the duration or covered audience unclear or unusually extensive?,Yes / unclear,UNCERTAIN,,,,LOW,MACHINE_DISAGREEMENT,QWEN3:8B_GEMMA3:12B_TWO_MODEL_CONSENSUS,qwen3:8b,gemma3:12b,700,silver_v5_blind_parallel,
fb3d602ba4563c66,locked_test,AURASYSTEMSINC_06_16_2010-EX-10.25-STRATEGIC ALLIANCE AGREEMENT.PDF,2526,Notice Period To Terminate Renewal,"Unless terminated prior to the natural expiration of the Initial Term, upon the expiry of the  Initial Term this Agreement shall automatically renew for successive terms of the same duration, unless either party gives written notice to the  other of such party's desire not to renew not less than ninety (90) days prior to the date of the expiration of the Initial Term or any









  successive term thereafter.",NOT-1,Is a notice period to prevent renewal stated?,No,UNCERTAIN,,,,LOW,MACHINE_DISAGREEMENT,QWEN3:8B_GEMMA3:12B_TWO_MODEL_CONSENSUS,qwen3:8b,gemma3:12b,700,silver_v5_blind_parallel,
d269902a307210d1,locked_test,MOELIS&CO_03_24_2014-EX-10.19-STRATEGIC ALLIANCE AGREEMENT.PDF,463,Notice Period To Terminate Renewal,"At the end of such initial term, and any renewed term, as applicable, this Agreement shall automatically renew for an additional one (1) year term, unless a party provides written notice to the other parties at least six (6) months prior to the end of the<omitted>initial term.",NOT-2,Can the deadline be calculated clearly from the renewal or term dates?,No,NO,,,,HIGH,MACHINE_AGREED,QWEN3:8B_GEMMA3:12B_TWO_MODEL_CONSENSUS,qwen3:8b,gemma3:12b,700,silver_v5_blind_parallel,
b50e6392a60ef899,locked_test,MOELIS&CO_03_24_2014-EX-10.19-STRATEGIC ALLIANCE AGREEMENT.PDF,463,Notice Period To Terminate Renewal,"At the end of such initial term, and any renewed term, as applicable, this Agreement shall automatically renew for an additional one (1) year term, unless a party provides written notice to the other parties at least six (6) months prior to the end of the<omitted>initial term.",NOT-3,Does the notice window fall inside the current term in a workable way?,No,NO,,,,HIGH,MACHINE_AGREED,QWEN3:8B_GEMMA3:12B_TWO_MODEL_CONSENSUS,qwen3:8b,gemma3:12b,700,silver_v5_blind_parallel,
515c075ff3e6858c,locked_test,"Loop Industries, Inc. - Marketing Agreement.PDF",1251,No-Solicit Of Customers,"Joint Venture Company shall not, and shall cause each SPV and each of their Affiliates not to, directly or indirectly, market or sell any Loop-branded Products or any Products produced using Licensed Subject Matter to any person or entity except to Authorized Customers pursuant to a Transferred Contract (the ""Marketing and Sale Restriction""); provided that if at any time during the term of this Agreement, Loop has delivered Proposed Contract Notices that result in Transferred Contracts having binding purchase and supply obligations for less than [***] of the then existing actual production capacity of a Licensed Facility (taking into account Joint Venture Company's reasonable forecasts based on customer requirements, seasonal variations, and other factors) in the subsequent three months (the ""[***]""), Joint Venture Company may market and solicit orders for Licensed Products produced in such Licensed Facility directly to customers and potential customers and enter into supply contracts for the sale of Loop-branded Products or any Products produced using Licensed Subject Matter produced in such Licensed Facility with customers without being restricted by the Marketing and Sale Restriction.",NS-1,Is non-solicit so broad it functions as a non-compete?,Yes,UNCERTAIN,,,,LOW,MACHINE_DISAGREEMENT,QWEN3:8B_GEMMA3:12B_TWO_MODEL_CONSENSUS,qwen3:8b,gemma3:12b,700,silver_v5_blind_parallel,
f6c315fbf8dfb180,locked_test,SFGFINANCIALCORP_05_12_2009-EX-10.1-SOFTWARE LICENSE AND MAINTENANCE AGREEMENT.PDF,1312,No-Solicit Of Employees,"During the Term of this Agreement and during the three year period after the expiration or termination of this  Agreement, the Licensee will not solicit any person employed by Licensor and/or its Affiliates to leave his or her employment with Licensor.",NS-2,Are duration and covered persons reasonable?,No,NO,,,,HIGH,MACHINE_AGREED,QWEN3:8B_GEMMA3:12B_TWO_MODEL_CONSENSUS,qwen3:8b,gemma3:12b,700,silver_v5_blind_parallel,
4ac73f06bf56ea66,locked_test,RandWorldwideInc_20010402_8-KA_EX-10.2_2102464_EX-10.2_Co-Branding Agreement.pdf,442,Non-Transferable License,"On or before the Launch Date, each party shall grant the other party a non-exclusive, non-transferable, revocable right to use their approved Marks, for the sole purpose of advertising, marketing, promotion and sale of the Co-Branded Service.",NTL-1,"Does the license prohibit transfer, assignment, or sublicense in a way that could block the intended operational use?",Yes,NO,,,,HIGH,MACHINE_AGREED,QWEN3:8B_GEMMA3:12B_TWO_MODEL_CONSENSUS,qwen3:8b,gemma3:12b,700,silver_v5_blind_parallel,
a033f81a5d24b4a6,locked_test,KINGPHARMACEUTICALSINC_08_09_2006-EX-10.1-PROMOTION AGREEMENT.PDF,2422,Non-Transferable License,"Depomed hereby grants to King a non-assignable, non- sublicensable, non-exclusive, royalty-free right and license to use the Depomed Trademarks in the Territory solely in connection with King's Promotion of the Product in accordance with this Agreement; provided King may assign and sublicense such right and license in accordance with Section 2.2.",NTL-2,"Are affiliate, merger, acquisition, financing, or other necessary transfer exceptions absent?",Yes,NO,,,,HIGH,MACHINE_AGREED,QWEN3:8B_GEMMA3:12B_TWO_MODEL_CONSENSUS,qwen3:8b,gemma3:12b,700,silver_v5_blind_parallel,
e5ff03f9d282474c,locked_test,VerizonAbsLlc_20200123_8-K_EX-10.4_11952335_EX-10.4_Service Agreement.pdf,1115,Non-Transferable License,"Except for the transfer and assignment under this Agreement, the Depositor will not transfer or assign any Depositor Transferred Property to another Person or Grant or allow a Lien, other than a Permitted Lien, on an interest in any Depositor Transferred Property.",NTL-3,Do transfer restrictions conflict with the anti-assignment or change-of-control provisions?,Yes / inconsistent,NO,,,,HIGH,MACHINE_AGREED,QWEN3:8B_GEMMA3:12B_TWO_MODEL_CONSENSUS,qwen3:8b,gemma3:12b,700,silver_v5_blind_parallel,
2c71638ad3f3462f,locked_test,ENTERPRISEPRODUCTSPARTNERSLP_07_08_1998-EX-10.3-TRANSPORTATION CONTRACT.PDF,667,Price Restrictions,"When for Shipper's convenience a trailer is set out at the facilities of the    Consignor or Consignee or any other site designated, a charge of $10.00 per    hour or fraction thereof will apply, subject to a maximum charge of $100.00    per trailer in any consecutive twenty-four (24) hour period.",PR-1,Can the counterparty raise prices without clear limits or notice?,Yes,NO,,,,HIGH,MACHINE_AGREED,QWEN3:8B_GEMMA3:12B_TWO_MODEL_CONSENSUS,qwen3:8b,gemma3:12b,700,silver_v5_blind_parallel,
c6617f320930125d,locked_test,ENTERPRISEPRODUCTSPARTNERSLP_07_08_1998-EX-10.3-TRANSPORTATION CONTRACT.PDF,667,Price Restrictions,"When for Shipper's convenience a trailer is set out at the facilities of the    Consignor or Consignee or any other site designated, a charge of $10.00 per    hour or fraction thereof will apply, subject to a maximum charge of $100.00    per trailer in any consecutive twenty-four (24) hour period.",PR-2,Are price-adjustment formulas and triggers stated clearly?,No,UNCERTAIN,,,,LOW,MACHINE_DISAGREEMENT,QWEN3:8B_GEMMA3:12B_TWO_MODEL_CONSENSUS,qwen3:8b,gemma3:12b,700,silver_v5_blind_parallel,
2472ed4289ef22e1,locked_test,KINGPHARMACEUTICALSINC_08_09_2006-EX-10.1-PROMOTION AGREEMENT.PDF,2424,Post-Termination Services,"Following the termination of this Agreement at the conclusion of the initial five year term or any additional term, for each of the eight full calendar quarters following such termination, Depomed shall pay to King an amount equal to, in each of the first four such calendar quarters, [***]% of the Net Sales for each such quarter and, in each of the fifth through eighth such calendar quarters, [***]% of such Net Sales for each such quarter.",PTS-1,Is transition or post-termination assistance required where continuity matters?,No,UNCERTAIN,,,,LOW,MACHINE_DISAGREEMENT,QWEN3:8B_GEMMA3:12B_TWO_MODEL_CONSENSUS,qwen3:8b,gemma3:12b,700,silver_v5_blind_parallel,
46d0eade20f4bd80,locked_test,VerizonAbsLlc_20200123_8-K_EX-10.4_11952335_EX-10.4_Service Agreement.pdf,1116,Post-Termination Services,"On its resignation or termination, the Servicer will cooperate with the Issuer, the Owner Trustee, the Indenture Trustee and the Successor Servicer in effecting (i) the termination of its rights and obligations under this Agreement and (ii) an orderly transition of such rights and obligations to the Successor Servicer.",PTS-2,"Are duration, fees, and data-return terms for post-termination services clear?",No,UNCERTAIN,,,,LOW,MACHINE_DISAGREEMENT,QWEN3:8B_GEMMA3:12B_TWO_MODEL_CONSENSUS,qwen3:8b,gemma3:12b,700,silver_v5_blind_parallel,
945c79fa65e83125,locked_test,"KIROMICBIOPHARMA,INC_04_08_2020-EX-10.28-JOINT VENTURE AGREEMENT.PDF",972,Renewal Term,"This JV Agreement shall become effective on the signing date and shall have a duration of * years, extendable for a further * years, unless notice of non- renewal is sent one year before the natural expiry date.",REN-1,Is renewal automatic or evergreen?,Yes — then require workable non-renewal notice,UNCERTAIN,,,,LOW,MACHINE_DISAGREEMENT,QWEN3:8B_GEMMA3:12B_TWO_MODEL_CONSENSUS,qwen3:8b,gemma3:12b,700,silver_v5_blind_parallel,
84476267083fad2e,locked_test,BizzingoInc_20120322_8-K_EX-10.17_7504499_EX-10.17_Endorsement Agreement.pdf,2177,Renewal Term,"Unless sooner terminated under the provisions hereof, this Agreement shall commence on the Effective Date and continue for a period  of one (1) year (""Term""). provided however, that the Parties may extend the Term for an additional year period by entering into an written  addendum of the Agreement extending such term.",REN-2,Is the non-renewal notice period stated and calculable from the renewal date?,No,NO,,,,HIGH,MACHINE_AGREED,QWEN3:8B_GEMMA3:12B_TWO_MODEL_CONSENSUS,qwen3:8b,gemma3:12b,700,silver_v5_blind_parallel,
fceac06c0c92c65c,locked_test,RangeResourcesLouisianaInc_20150417_8-K_EX-10.5_9045501_EX-10.5_Transportation Agreement.pdf,1481,Renewal Term,"This Agreement shall commence on the Effective Date and continue in full force and effect until the end of the fifteenth (15th) Contract Year, and shall continue in full force and effect thereafter until terminated by either Party by providing thirty (30) calendar days' prior written notice of termination to the other Party (such fifteen (15) Contract Year period, as may be further extended as provided herein is referred to as the ""Term"").",REN-3,Is the notice window so early that non-renewal is impractical?,Yes,NO,,,,HIGH,MACHINE_AGREED,QWEN3:8B_GEMMA3:12B_TWO_MODEL_CONSENSUS,qwen3:8b,gemma3:12b,700,silver_v5_blind_parallel,
c4d0d3efcad45005,locked_test,MOELIS&CO_03_24_2014-EX-10.19-STRATEGIC ALLIANCE AGREEMENT.PDF,479,Rofr/Rofo/Rofn,"In the event a Partner proposes to undertake a sale or transfer of Partnership Interests to which the foregoing right applies, and Moelis General Partner must consent to the sale or transfer, Moelis General Partner shall require that Partner to give SMBC written notice of its intention to sell or transfer Partnership Interests to an SMBC Competitor describing the price and terms upon which such Partner proposes to sell or transfer its Partnership Interests.",ROFR-1,"Is the trigger for the right of first refusal, offer, or negotiation clearly defined?",No / unclear,UNCERTAIN,,,,LOW,MACHINE_DISAGREEMENT,QWEN3:8B_GEMMA3:12B_TWO_MODEL_CONSENSUS,qwen3:8b,gemma3:12b,700,silver_v5_blind_parallel,
b7ccddda9abeae17,locked_test,XpresspaGroupInc_20190401_10-K_EX-10.28_11599457_EX-10.28_Marketing Agreement.pdf,2048,Rofr/Rofo/Rofn,"If Calm exercises its ROFR within the ROFR Period, the Parties shall enter into an amendment or addendum to this Agreement to include such additional region and/or Stores.",ROFR-2,"Are notice, response, matching, negotiation, and expiry periods objectively calculable?",No / unclear,UNCERTAIN,,,,LOW,MACHINE_DISAGREEMENT,QWEN3:8B_GEMMA3:12B_TWO_MODEL_CONSENSUS,qwen3:8b,gemma3:12b,700,silver_v5_blind_parallel,
0cc913b4689a76d8,locked_test,KINGPHARMACEUTICALSINC_08_09_2006-EX-10.1-PROMOTION AGREEMENT.PDF,2399,Rofr/Rofo/Rofn,"Depomed shall notify King in writing in the event that Depomed desires to divest itself of its rights to the Product in the Territory (e.g., by asset sale or product license to a Third Party), or of its rights in the Territory to a product owned or controlled by Depomed containing metformin and another active pharmaceutical ingredient in combination with Depomed's proprietary drug delivery technology incorporated within the Product (currently referred to as the AcuForm technology) (a ""Combination Product"").",ROFR-3,"Can the right materially constrain a transaction, sale, or third-party deal without a clear process?",Yes / unclear,UNCERTAIN,,,,LOW,MACHINE_DISAGREEMENT,QWEN3:8B_GEMMA3:12B_TWO_MODEL_CONSENSUS,qwen3:8b,gemma3:12b,700,silver_v5_blind_parallel,
e8298d9cd749ee42,locked_test,XpresspaGroupInc_20190401_10-K_EX-10.28_11599457_EX-10.28_Marketing Agreement.pdf,2055,Revenue/Profit Sharing,XSPA shall pay to Calm on a monthly basis an amount equal to (i) fifty percent (50%) of the Retail Price for all Products sold in the Stores in the Territory during the applicable month minus (ii) fifty percent (50%) of any commission actually paid or payable to XSPA employee(s) or contractor(s) attributable to sales of such Products during such month; provided that in no event shall such commission be greater than fifteen percent (15%) of the Retail Price for the applicable Product.,RPS-1,"Are the revenue, profit, net sales, or other sharing bases defined sufficiently to calculate the amount owed?",No / unclear,UNCERTAIN,,,,LOW,MACHINE_DISAGREEMENT,QWEN3:8B_GEMMA3:12B_TWO_MODEL_CONSENSUS,qwen3:8b,gemma3:12b,700,silver_v5_blind_parallel,
874f2ccbe66c975e,locked_test,VALENCETECHNOLOGYINC_02_14_2003-EX-10-JOINT VENTURE CONTRACT.PDF,192,Revenue/Profit Sharing,"Party A's contribution to the registered capital of the Joint Venture Company shall be Fourteen Million Six Hundred Fifty-One Thousand United States Dollars (US$14,651,000), representing a forty-nine percent (49%) share of the Joint Venture Company's registered capital. Party B's contribution to the registered capital of the Joint Venture Company shall be Fifteen Million Two Hundred Forty Nine Thousand United States Dollars (US$15,249,000), representing a fifty-one percent (51%) share of the Joint Venture Company's registered capital.",RPS-2,"Are deductions, credits, refunds, taxes, timing, and payment mechanics clearly specified?",No / unclear,NO,,,,HIGH,MACHINE_AGREED,QWEN3:8B_GEMMA3:12B_TWO_MODEL_CONSENSUS,qwen3:8b,gemma3:12b,700,silver_v5_blind_parallel,
d2d9aff4e562282a,locked_test,CHANGEPOINTCORP_03_08_2000-EX-10.6-LICENSE AND HOSTING AGREEMENT.PDF,76,Revenue/Profit Sharing,"In consideration for the licenses granted to Corio          pursuant to Section 2 (except Section 2.5) of this Agreement, Corio          shall pay the revenue sharing fees specified in EXHIBIT B hereto.",RPS-3,"Are reporting, audit, record-retention, and dispute mechanisms for the shared amounts addressed?",No / unclear,NO,,,,HIGH,MACHINE_AGREED,QWEN3:8B_GEMMA3:12B_TWO_MODEL_CONSENSUS,qwen3:8b,gemma3:12b,700,silver_v5_blind_parallel,
e4cf3eed6b131d10,locked_test,AURASYSTEMSINC_06_16_2010-EX-10.25-STRATEGIC ALLIANCE AGREEMENT.PDF,2538,Termination For Convenience,"Notwithstanding Section 7.1 above, this Agreement may be terminated upon the occurrence of any of the following events:<omitted>(d) By either party hereto upon sixty (60) days prior written notice to the other party hereto;",TFC-1,Does the reviewing party have a termination-for-convenience right?,"No, while the counterparty does",YES,Termination For Convenience,HIGH,By either party hereto upon sixty (60) days prior written notice to the other party hereto;,HIGH,MACHINE_AGREED,QWEN3:8B_GEMMA3:12B_TWO_MODEL_CONSENSUS,qwen3:8b,gemma3:12b,700,silver_v5_blind_parallel,
2fa8dfa8272c2680,locked_test,"BLUEROCKRESIDENTIALGROWTHREIT,INC_06_01_2016-EX-1.1-AGENCY AGREEMENT.PDF",1181,Termination For Convenience,"Until the Settlement Date, this Agreement may be terminated by the Agent by giving notice (in the manner prescribed by Section 9 hereof) to the Company, if (i) the Company shall have failed, refused or been unable, at or prior to the Settlement Date, to perform any agreement on its part to be performed hereunder unless the failure to perform any agreement is due to the default or omission by the Agent; (ii) any other condition of the obligations of the Agent hereunder is not fulfilled; (iii) trading in securities generally on the NYSE, NYSE MKT, or Nasdaq shall have been suspended or minimum or maximum prices shall have been established on either of such exchanges or such market by the Commission or by such exchange or other regulatory body or governmental authority having jurisdiction; (iv) trading or quotation in any of the Company's securities shall have been suspended or materially limited by the Commission or by the NYSE MKT, NYSE or Nasdaq or other regulatory body of governmental authority having jurisdiction; (v) a general banking moratorium has been declared by Federal or New York authorities; (vi) a material disruption in securities settlement, payment or clearance services in the United States shall have occurred; (vii) there shall have been any material adverse change in general economic, political or financial conditions in the United States or in international conditions on the financial markets in the United States, in each case, the effect of which is such as to make it, in the Agent's reasonable judgment, inadvisable to proceed with the delivery of the Securities; or (viii) any attack on, outbreak or escalation of hostilities, declaration of war or act of terrorism involving the United States or any other national or international calamity or emergency has occurred if, in the Agent's reasonable judgment, the effect of any such attack, outbreak, escalation, declaration, act, calamity or emergency makes it impractical or inadvisable to proceed with the completion of the placement or the delivery of the Securities.",TFC-2,Is the notice period practical (for example 30 to 60 days)?,"Very long, unclear, or missing",UNCERTAIN,,,,LOW,MACHINE_DISAGREEMENT,QWEN3:8B_GEMMA3:12B_TWO_MODEL_CONSENSUS,qwen3:8b,gemma3:12b,700,silver_v5_blind_parallel,
c7e07447b3348885,locked_test,UnionDentalHoldingsInc_20050204_8-KA_EX-10_3345577_EX-10_Affiliate Agreement.pdf,1031,Termination For Convenience,This Agreement  shall become  effective on the Effective Date      and shall  continue in effect until  either  Party  informs the other Party      with thirty (30) day prior written notice of termination of this Agreement.,TFC-3,Does early exit trigger a large fee or the full remaining commitment?,Yes,NO,,,,HIGH,MACHINE_AGREED,QWEN3:8B_GEMMA3:12B_TWO_MODEL_CONSENSUS,qwen3:8b,gemma3:12b,700,silver_v5_blind_parallel,
fe673949c40c3fe0,locked_test,HYDRONTECHNOLOGIESINC_03_31_1997-EX-10.47-SPONSORSHIP AGREEMENT.PDF,1070,Third Party Beneficiary,"Each of the parties agree that the foregoing indemnities also apply for the benefit of the NFL (and its affiliates), South Florida Stadium Corporation, the owner and operator of Pro Player Stadium and their respective officials, officers, partners, agents and employees, who shall be deemed third party beneficiaries of this Agreement for the purpose of enforcing these indemnity obligations.",TPB-1,Are third-party beneficiary rights expressly identified or effectively created by the contract?,Yes / unclear,YES,Third Party Beneficiary,,who shall be deemed third party beneficiaries of this Agreement for the purpose of enforcing these indemnity obligations,HIGH,MACHINE_AGREED,QWEN3:8B_GEMMA3:12B_TWO_MODEL_CONSENSUS,qwen3:8b,gemma3:12b,700,silver_v5_blind_parallel,
bfcb88e499b2869a,locked_test,STWRESOURCESHOLDINGCORP_08_06_2014-EX-10.1-COOPERATION AGREEMENT.PDF,884,Third Party Beneficiary,"Nothing in this AGREEMENT shall be construed to confer any right, privilege or benefit on, or to otherwise create any vested right or third-party beneficiary relationship with any person or entity not a party to the AGREEMENT, unless otherwise provided in this AGREEMENT.",TPB-2,"Are the beneficiary identities, rights, and scope clearly bounded?",No / unclear,UNCERTAIN,,,,LOW,MACHINE_DISAGREEMENT,QWEN3:8B_GEMMA3:12B_TWO_MODEL_CONSENSUS,qwen3:8b,gemma3:12b,700,silver_v5_blind_parallel,
4d378132fbb5889b,locked_test,MOSSIMOINC_04_14_2000-EX-10.14-ENDORSEMENT AGREEMENT.PDF,310,Third Party Beneficiary,It is understood that Duval is not a party hereto and has no liability hereunder but is an intended specific third party creditor beneficiary hereof.,TPB-3,Could an unintended third party obtain material enforcement rights?,Yes / unclear,UNCERTAIN,,,,LOW,MACHINE_DISAGREEMENT,QWEN3:8B_GEMMA3:12B_TWO_MODEL_CONSENSUS,qwen3:8b,gemma3:12b,700,silver_v5_blind_parallel,
7d6a3d2c7a63ddd6,locked_test,CHANGEPOINTCORP_03_08_2000-EX-10.6-LICENSE AND HOSTING AGREEMENT.PDF,95,Unlimited/All-You-Can-Eat-License,"The utilization rights of Customer are as follows:

         (a)  Customer is granted an unlimited number of Client Access Licenses.               Each Client Access License entitles Customer to receive one (1)               Enable Code from Changepoint which will enable Customer to have               one (1) user use the Licensed Materials.

         (b)  Customer may install Licensed Software on one or more computer               servers as it desires.",UAEL-1,"Does the license provide effectively unlimited use without clear scope, capacity, or fair-use boundaries?",Yes,UNCERTAIN,,,,LOW,MACHINE_AGREED_BUT_EVIDENCE_INVALID,QWEN3:8B_GEMMA3:12B_TWO_MODEL_CONSENSUS,qwen3:8b,gemma3:12b,700,silver_v5_blind_parallel,
4fbd4b28a665a11f,locked_test,CHANGEPOINTCORP_03_08_2000-EX-10.6-LICENSE AND HOSTING AGREEMENT.PDF,97,Unlimited/All-You-Can-Eat-License,"Subject to the terms and conditions of this          Agreement, Changepoint hereby grants to Corio a fee-bearing,          irrevocable, nonexclusive, nontransferable (except in accordance with          Section 14.1 of this Agreement) license in the Territory to (i)          reproduce the Software in machine executable object code format only          for installation on the Corio Servers; (ii) install multiple copies of          the Software on Corio's Servers which will be made remotely accessible          to Corio's Customers for their internal business purposes, (iii) permit          limited access to and use of the Software by Customers through Corio          Servers solely for such Customer's internal business purposes; (iv)          sublicense an unlimited number of Customers to access and use the          Software only through the installation on Corio Servers solely for such          Customer's internal business purposes; and (v) use Changepoint's tools          and utilities, if any, subject to any restrictions placed on the          Changepoint by third party software providers and payment of any          applicable fees required by such third parties, to configure, integrate          and manage the Software.",UAEL-2,Is the commercial price or service model clearly aligned with the unlimited scope?,No / unclear,NO,,,,HIGH,MACHINE_AGREED,QWEN3:8B_GEMMA3:12B_TWO_MODEL_CONSENSUS,qwen3:8b,gemma3:12b,700,silver_v5_blind_parallel,
0bbd54e9538a2fd3,locked_test,CHANGEPOINTCORP_03_08_2000-EX-10.6-LICENSE AND HOSTING AGREEMENT.PDF,96,Unlimited/All-You-Can-Eat-License,Customer is granted an unlimited number of Client Access Licenses.,UAEL-3,"Are abuse, extraordinary-volume, security, or termination controls absent?",Yes / unclear,UNCERTAIN,,,,LOW,MACHINE_DISAGREEMENT,QWEN3:8B_GEMMA3:12B_TWO_MODEL_CONSENSUS,qwen3:8b,gemma3:12b,700,silver_v5_blind_parallel,
4627f1104694fa32,locked_test,"Loop Industries, Inc. - Marketing Agreement.PDF",1256,Uncapped Liability,"NOTWITHSTANDING THE FOREGOING, NONE OF THE FOREGOING LIMITATIONS OF LIABILITY SET FORTH IN THIS SECTION 3.1 SHALL BE AVAILABLE TO EITHER PARTY WITH RESPECT TO A BREACH OF SECTION 4, CONFIDENTIAL INFORMATION, OR FOR CLAIMS TO THE EXTENT THEY ARISE OUT OF A PARTY'S GROSS NEGLIGENCE, FRAUD, OR WILLFUL MISCONDUCT.",UNC-1,Is any liability described as unlimited or uncapped?,Yes (then classify scope in UNC-2 and UNC-3),NO,,,,HIGH,MACHINE_AGREED,QWEN3:8B_GEMMA3:12B_TWO_MODEL_CONSENSUS,qwen3:8b,gemma3:12b,700,silver_v5_blind_parallel,
68c575f6f031504b,locked_test,RandWorldwideInc_20010402_8-KA_EX-10.2_2102464_EX-10.2_Co-Branding Agreement.pdf,445,Uncapped Liability,"EXCEPT FOR LIABILITY ARISING FROM SECTION 9.3  [Intellectual Property Infringement], IN NO EVENT SHALL EITHER PARTY BE LIABLE UNDER THIS AGREEMENT FOR AN AMOUNT GREATER THAN THE AMOUNT THAT SUCH PARTY HAS EARNED PURSUANT TO THE REVENUE SHARING PROVISIONS OF SECTION 5.4  [Share of Net Revenue] IN THE TWELVE MONTH PERIOD PRECEDING THE CLAIM.",UNC-2,Does uncapped liability apply to ordinary breach?,Yes,NO,,,,HIGH,MACHINE_AGREED,QWEN3:8B_GEMMA3:12B_TWO_MODEL_CONSENSUS,qwen3:8b,gemma3:12b,700,silver_v5_blind_parallel,
9fe45f6c41cbf9a4,locked_test,CHANGEPOINTCORP_03_08_2000-EX-10.6-LICENSE AND HOSTING AGREEMENT.PDF,113,Uncapped Liability,"EXCEPT FOR LIABILITY ARISING UNDER SECTIONS 2.7, 8, 10 AND 12.3 OF THIS          AGREEMENT, IN NO EVENT SHALL EITHER PARTY'S LIABILITY ARISING OUT OF OR          RELATED TO THIS AGREEMENT OR THE USE OR PERFORMANCE OF THE SOFTWARE          EXCEED THE TOTAL AMOUNT ACTUALLY PAID BY CORIO HEREUNDER FOR THE          TRANSACTION WHICH THE LIABILITY RELATES TO DURING THE TWELVE (12)          MONTHS IMMEDIATELY PRIOR TO THE CAUSE OF<omitted>ACTION FIRST ARISING, EVEN IF IT IS A CONTINUOUS ONE, OR IN THE          AGGREGATE, WITH RESPECT OF ALL CLAIMS ARISING OUT OF OR RELATED TO          THIS AGREEMENT, THE TOTAL AMOUNT ACTUALLY PAID BY CORIO UNDER THIS          AGREEMENT TO CHANGEPOINT.",UNC-3,"Is uncapped liability limited to high-risk heads (IP, confidentiality, willful misconduct, fraud, indemnity)?",No — extends beyond those heads,UNCERTAIN,,,,LOW,MACHINE_DISAGREEMENT,QWEN3:8B_GEMMA3:12B_TWO_MODEL_CONSENSUS,qwen3:8b,gemma3:12b,700,silver_v5_blind_parallel,
cba7648739e3cdb9,locked_test,"PACIRA PHARMACEUTICALS, INC. - A&R STRATEGIC LICENSING, DISTRIBUTION AND MARKETING AGREEMENT .PDF",1774,Uncapped Liability,"Any and all liability of EKR to PPI howsoever arising in respect of this Agreement, the Transition Services and Inventory Agreement or the Supply Agreement and their performance in contract tort or otherwise shall be limited (except for death or  personal injury caused by the negligence of EKR or its employees while acting in the course of their employment, and except in relation to  any specified payment, lump sum, milestone or royalty payment unpaid) to [**] US Dollars ($[**]); provided however that such limitation  shall not apply to the extent that PPI or any PPI Indemnified Party is required to pay in excess of such amount to a third party in respect of a  final judgment or order obtained by the third party.",UNC-4,Is the reviewing party's liability uncapped while the counterparty's liability is capped?,Yes,UNCERTAIN,,,,LOW,MACHINE_DISAGREEMENT,QWEN3:8B_GEMMA3:12B_TWO_MODEL_CONSENSUS,qwen3:8b,gemma3:12b,700,silver_v5_blind_parallel,
e73179a67282543a,locked_test,RangeResourcesLouisianaInc_20150417_8-K_EX-10.5_9045501_EX-10.5_Transportation Agreement.pdf,1487,Volume Restriction,Carrier is not required to allocate more than two percent (2%) of the Available Capacity to any individual New Shipper.,VOL-1,"Are minimums, maximums, or volume ceilings clearly stated and objectively measurable?",No / unclear,UNCERTAIN,,,,LOW,MACHINE_AGREED_BUT_EVIDENCE_INVALID,QWEN3:8B_GEMMA3:12B_TWO_MODEL_CONSENSUS,qwen3:8b,gemma3:12b,700,silver_v5_blind_parallel,
eef1b19862268b33,locked_test,CHANGEPOINTCORP_03_08_2000-EX-10.6-LICENSE AND HOSTING AGREEMENT.PDF,77,Volume Restriction,"Corio shall not demonstrate the Software to any          one Customer for more than sixty (60) days from the start of that          Customer demonstration, and Corio shall not demonstrate the Software to          more than ten (10) Software Users at any one time.",VOL-2,Could a volume restriction prevent expected business use or create material supply/service interruption risk?,Yes,UNCERTAIN,,,,LOW,MACHINE_DISAGREEMENT,QWEN3:8B_GEMMA3:12B_TWO_MODEL_CONSENSUS,qwen3:8b,gemma3:12b,700,silver_v5_blind_parallel,
747fd68a7bad3457,locked_test,ENTERPRISEPRODUCTSPARTNERSLP_07_08_1998-EX-10.3-TRANSPORTATION CONTRACT.PDF,684,Volume Restriction,A charge of $12.50    per half hour or fractional part thereof shall apply for all time consumed in    excess of free time allowed for loading when due to delays caused by Shipper    or Consignor and beyond Carrier's control.,VOL-3,"Are forecasting, overflow, repricing, relief, or adjustment mechanisms defined?",No / unclear,NO,,,,HIGH,MACHINE_AGREED,QWEN3:8B_GEMMA3:12B_TWO_MODEL_CONSENSUS,qwen3:8b,gemma3:12b,700,silver_v5_blind_parallel,
0d4cd147db464467,locked_test,CHANGEPOINTCORP_03_08_2000-EX-10.6-LICENSE AND HOSTING AGREEMENT.PDF,128,Warranty Duration,Changepoint will replace          any defective media returned to Changepoint during the Warranty Period.,WAR-1,Are material warranties disclaimed (for example 'as is') without meaningful remedies?,Yes,UNCERTAIN,,,,LOW,MACHINE_DISAGREEMENT,QWEN3:8B_GEMMA3:12B_TWO_MODEL_CONSENSUS,qwen3:8b,gemma3:12b,700,silver_v5_blind_parallel,
da90f3834f97bafb,locked_test,CHANGEPOINTCORP_03_08_2000-EX-10.6-LICENSE AND HOSTING AGREEMENT.PDF,127,Warranty Duration,"Changepoint warrants that the Software will perform          in substantial accordance with the Documentation, and the media on          which the Software is distributed will be free from defects in          materials and workmanship under normal use, for a period of one hundred          twenty (120) days after delivery of the Software to Corio for          Acceptance Testing (the ""Warranty Period"").",WAR-2,Is warranty duration stated and practical?,Missing or unreasonably short,UNCERTAIN,,,,LOW,MACHINE_DISAGREEMENT,QWEN3:8B_GEMMA3:12B_TWO_MODEL_CONSENSUS,qwen3:8b,gemma3:12b,700,silver_v5_blind_parallel,
538d76b28b90f4c6,calibration,AzulSa_20170303_F-1A_EX-10.3_9943903_EX-10.3_Maintenance Agreement1.pdf,1957,Anti-Assignment,"Consequently either this Agreement or any of the respective rights or obligations of the Parties hereunder may be assigned or otherwise transferred, in whole or in part, in any form whatsoever (including by way of change of Control), by either Party subject to the prior written consent of the other Party, which consent shall not be unreasonably withheld or delayed, and any attempt to do so without such consent shall be null and void.",AA-1,Is assignment restricted?,Yes — evaluate consent standard,UNCERTAIN,,,,LOW,MACHINE_DISAGREEMENT,QWEN3:8B_GEMMA3:12B_TWO_MODEL_CONSENSUS,qwen3:8b,gemma3:12b,700,silver_v5_blind_parallel,
22563bb88fa8f530,calibration,AzulSa_20170303_F-1A_EX-10.3_9943903_EX-10.3_Maintenance Agreement1.pdf,1956,Anti-Assignment,the Parties may at any time assign or transfer all or part of its rights and obligations under this Agreement to any of its Affiliates provided that such assignment or transfer is previously notified to the other Party.,AA-2,What is the consent standard?,"Absolute ban, or consent with no reasonableness limit",NO,,,,HIGH,MACHINE_AGREED,QWEN3:8B_GEMMA3:12B_TWO_MODEL_CONSENSUS,qwen3:8b,gemma3:12b,700,silver_v5_blind_parallel,
bc5bb1d494cf475d,calibration,PenntexMidstreamPartnersLp_20150416_S-1A_EX-10.4_9042833_EX-10.4_Transportation Agreement.pdf,1292,Anti-Assignment,"This Agreement may not be assigned, disposed of, alienated or otherwise transferred by either Party, in whole or in part, without the prior written consent of the other Party, which consent shall not be unreasonably withheld, conditioned or delayed, except as provided below.",AA-3,"Are there exceptions for affiliates, M&A, or financing?",None,UNCERTAIN,,,,LOW,MACHINE_DISAGREEMENT,QWEN3:8B_GEMMA3:12B_TWO_MODEL_CONSENSUS,qwen3:8b,gemma3:12b,700,silver_v5_blind_parallel,
8f3e087c5b97970b,calibration,ANIXABIOSCIENCESINC_06_09_2020-EX-10.1-COLLABORATION AGREEMENT.PDF,155,Affiliate License-Licensor,"OntoChem hereby grants to Anixa a non-exclusive, fully paid-up, royalty-free, perpetual, irrevocable, transferable, worldwide license (with the right to grant and authorize sublicenses through multiple tiers) under any patents which OntoChem or any of its Affiliates own or control during the term of this Agreement, to make, have made, use, sell, offer for sale and import the Lead Scaffold(s) and products that incorporate compounds from the Lead Scaffold(s).",AFFLR-1,Is the affiliate that owns or controls the licensed IP clearly identified or its authority established?,No / unclear,UNCERTAIN,,,,LOW,MACHINE_DISAGREEMENT,QWEN3:8B_GEMMA3:12B_TWO_MODEL_CONSENSUS,qwen3:8b,gemma3:12b,700,silver_v5_blind_parallel,
023eb7fcc22ba82b,calibration,ANIXABIOSCIENCESINC_06_09_2020-EX-10.1-COLLABORATION AGREEMENT.PDF,155,Affiliate License-Licensor,"OntoChem hereby grants to Anixa a non-exclusive, fully paid-up, royalty-free, perpetual, irrevocable, transferable, worldwide license (with the right to grant and authorize sublicenses through multiple tiers) under any patents which OntoChem or any of its Affiliates own or control during the term of this Agreement, to make, have made, use, sell, offer for sale and import the Lead Scaffold(s) and products that incorporate compounds from the Lead Scaffold(s).",AFFLR-2,Does the agreement clearly connect the affiliate-owned IP to the granted license and applicable obligations?,No / unclear,UNCERTAIN,,,,LOW,MACHINE_DISAGREEMENT,QWEN3:8B_GEMMA3:12B_TWO_MODEL_CONSENSUS,qwen3:8b,gemma3:12b,700,silver_v5_blind_parallel,
45c21df0f72009c3,calibration,ANIXABIOSCIENCESINC_06_09_2020-EX-10.1-COLLABORATION AGREEMENT.PDF,155,Affiliate License-Licensor,"OntoChem hereby grants to Anixa a non-exclusive, fully paid-up, royalty-free, perpetual, irrevocable, transferable, worldwide license (with the right to grant and authorize sublicenses through multiple tiers) under any patents which OntoChem or any of its Affiliates own or control during the term of this Agreement, to make, have made, use, sell, offer for sale and import the Lead Scaffold(s) and products that incorporate compounds from the Lead Scaffold(s).",AFFLR-3,Is there a material continuity or enforcement gap if the affiliate is not a party to the main agreement?,Yes / possible,NO,,,,HIGH,MACHINE_AGREED,QWEN3:8B_GEMMA3:12B_TWO_MODEL_CONSENSUS,qwen3:8b,gemma3:12b,700,silver_v5_blind_parallel,
2517c6f28a0a4564,calibration,AzulSa_20170303_F-1A_EX-10.3_9943903_EX-10.3_Maintenance Agreement1.pdf,1964,Audit Rights,The Company shall provide full access to enable the Repairer to conduct periodic inventory inspection of the Advanced Pool Stock.,AUD-1,Are audit rights one-sided in a way that creates undue burden or data exposure for the reviewing party?,Yes,YES,One-Sided Audit Rights,HIGH,The Company shall provide full access to enable the Repairer to conduct periodic inventory inspection of the Advanced Pool Stock,HIGH,MACHINE_AGREED,QWEN3:8B_GEMMA3:12B_TWO_MODEL_CONSENSUS,qwen3:8b,gemma3:12b,700,silver_v5_blind_parallel,
0c503ca39550ff22,calibration,LiquidmetalTechnologiesInc_20200205_8-K_EX-10.1_11968198_EX-10.1_Development Agreement.pdf,1902,Audit Rights,"Upon reasonable prior notice to Eutectix and at Liquidmetal's expense, no more than once per year, during the Term of this Agreement and for one (1) year following the expiration or termination of this Agreement, Liquidmetal or its designee shall have the right from time to time to confirm and validate: (a) that Eutectix has complied with the pricing provisions of this Agreement; (b) Eutectix's financial condition, successorship planning, and ability to continue operations; (c) that Eutectix's performance is consistent with the Agreement; (d) that Eutectix has complied with Article 10 (Compliance) of this Agreement. Upon reasonable and prior notice to Eutectix, Eutectix will also provide Liquidmetal or its designee from time to time with reasonable access to Eutectix's facility and the facilities of its sub-suppliers and other subcontractors to permit Liquidmetal to inspect the production, handling, and storage of Liquidmetal Products and the Licensed Equipment and inventories of raw materials and components. Eutectix shall maintain an orderly storage bookkeeping so that the respective inventory of the Licensed Equipment, Liquidmetal Products and property of Liquidmetal can be immediately recognized; and (e) such confirmation and validation to be conducted with minimal disruption to Eutectix's business operations and all information disclosed during such exercise to be deemed to be Confidential Information.",AUD-2,"Are notice, frequency, and confidentiality protections for audits stated?",No,UNCERTAIN,,,,LOW,MACHINE_DISAGREEMENT,QWEN3:8B_GEMMA3:12B_TWO_MODEL_CONSENSUS,qwen3:8b,gemma3:12b,700,silver_v5_blind_parallel,
db7674f634cd0b69,calibration,PenntexMidstreamPartnersLp_20150416_S-1A_EX-10.4_9042833_EX-10.4_Transportation Agreement.pdf,1297,Covenant Not To Sue,"CUSTOMER SHALL RELEASE, DEFEND, INDEMNIFY AND HOLD HARMLESS TRANSPORTER AND TRANSPORTER'S MEMBERS, DIRECTORS, OFFICERS, AGENTS AND EMPLOYEES FROM AND AGAINST ANY AND ALL SUITS, ACTIONS, CAUSES OF ACTION, CLAIMS, DEMANDS, LOSSES, LIABILITIES AND EXPENSES (INCLUDING, WITHOUT LIMITATION, INTEREST, COURT COSTS, REASONABLE ATTORNEYS' FEES AND EXPENSES, AND OTHER COSTS OF DEFENSE) (COLLECTIVELY, ""CLAIMS"") RELATING TO, CAUSED BY OR ARISING OUT OF CUSTOMER'S BREACH OF ANY REPRESENTATION, WARRANTY OR COVENANT MADE BY CUSTOMER HEREUNDER, BUT NOT TO THE PROPORTIONATE EXTENT THAT SUCH CLAIM IS CAUSED BY OR RESULTS FROM OR ARISES OUT OF THE GROSS NEGLIGENCE OR WILLFUL MISCONDUCT OF TRANSPORTER.",CNTS-1,Does the covenant restrict claims or enforcement rights more broadly than the commercial arrangement requires?,Yes,NO,,,,HIGH,MACHINE_AGREED,QWEN3:8B_GEMMA3:12B_TWO_MODEL_CONSENSUS,qwen3:8b,gemma3:12b,700,silver_v5_blind_parallel,
2c55473981f64d3a,calibration,PenntexMidstreamPartnersLp_20150416_S-1A_EX-10.4_9042833_EX-10.4_Transportation Agreement.pdf,1297,Covenant Not To Sue,"CUSTOMER SHALL RELEASE, DEFEND, INDEMNIFY AND HOLD HARMLESS TRANSPORTER AND TRANSPORTER'S MEMBERS, DIRECTORS, OFFICERS, AGENTS AND EMPLOYEES FROM AND AGAINST ANY AND ALL SUITS, ACTIONS, CAUSES OF ACTION, CLAIMS, DEMANDS, LOSSES, LIABILITIES AND EXPENSES (INCLUDING, WITHOUT LIMITATION, INTEREST, COURT COSTS, REASONABLE ATTORNEYS' FEES AND EXPENSES, AND OTHER COSTS OF DEFENSE) (COLLECTIVELY, ""CLAIMS"") RELATING TO, CAUSED BY OR ARISING OUT OF CUSTOMER'S BREACH OF ANY REPRESENTATION, WARRANTY OR COVENANT MADE BY CUSTOMER HEREUNDER, BUT NOT TO THE PROPORTIONATE EXTENT THAT SUCH CLAIM IS CAUSED BY OR RESULTS FROM OR ARISES OUT OF THE GROSS NEGLIGENCE OR WILLFUL MISCONDUCT OF TRANSPORTER.",CNTS-2,"Are the covered claims, parties, duration, and exceptions clearly bounded?",No / unclear,UNCERTAIN,,,,LOW,MACHINE_DISAGREEMENT,QWEN3:8B_GEMMA3:12B_TWO_MODEL_CONSENSUS,qwen3:8b,gemma3:12b,700,silver_v5_blind_parallel,
8b1fc1a9cfb5de73,calibration,AlliedEsportsEntertainmentInc_20190815_8-K_EX-10.19_11788293_EX-10.19_Content License Agreement.pdf,914,Covenant Not To Sue,"Licensee will not, at any time during or after this Agreement, register, attempt to register, claim any interest in, contest the use of, or otherwise adversely affect the validity of any of Licensor's marks (including, without limitation, any act or assistance to any act, which may infringe or lead to the infringement of any such marks).",CNTS-3,Is the covenant materially one-sided or broader than any reciprocal protection?,Yes,UNCERTAIN,,,,LOW,MACHINE_DISAGREEMENT,QWEN3:8B_GEMMA3:12B_TWO_MODEL_CONSENSUS,qwen3:8b,gemma3:12b,700,silver_v5_blind_parallel,
73d302175f26685c,calibration,NEONSYSTEMSINC_03_01_1999-EX-10.5-DISTRIBUTOR AGREEMENT_Amendment.pdf,245,Change Of Control,"So long as the Option shall be in existence           (whether or not exercisable), Skunkware and Licensor agree that           Licensor will conduct its business in the ordinary course and will           not, without the prior written consent of Licensee, merge or           consolidated with any other entity, sell all or substantially all of           its assets, grant or permit to exist any lien or encumbrance on any           material portion of its assets, issue any securities to any person           other than Skunkware or engage in any other transaction or enter into           any other agreement other than in the ordinary course of business.",COC-1,What happens on a change of control?,Automatic termination or harsh adverse effect,NO,,,,HIGH,MACHINE_AGREED,QWEN3:8B_GEMMA3:12B_TWO_MODEL_CONSENSUS,qwen3:8b,gemma3:12b,700,silver_v5_blind_parallel,
bbac0eba31d23fa9,calibration,"ASHWORTHINC_01_29_1999-EX-10.(D)-PROMOTION AGREEMENT AND NANTZ COMMUNICATIONS, INC..PDF",513,Change Of Control,"In the event of the merger or consolidation of the Company with any other entity, Nantz Communications shall have the right to terminate the Agreement by so notifying the Company in writing on or before sixty (60) days<omitted>after Nantz Communications has received notice of such merger or consolidation if and only if, by virtue of such merger or consolidation Nantz Communications or Nantz would be in default under or violating any provisions of any agreement to which he or it is subject entered into prior to June 1, 1994.",COC-2,Is the same corporate event treated inconsistently versus the anti-assignment clause?,Yes,UNCERTAIN,,,,LOW,MACHINE_DISAGREEMENT,QWEN3:8B_GEMMA3:12B_TWO_MODEL_CONSENSUS,qwen3:8b,gemma3:12b,700,silver_v5_blind_parallel,
339562d6e699bd8f,calibration,PapaJohnsInternationalInc_20190617_8-K_EX-10.1_11707365_EX-10.1_Endorsement Agreement.pdf,2272,Competitive Restriction Exception,"Subject to the terms contained herein, PAPA JOHN'S and ABG agree and acknowledge that during the Term of this Agreement and for one (1) year thereafter, ABG shall be prohibited from granting any rights for CELEBRITY identical or similar to the rights granted to PAPA JOHN'S hereunder to any entity other than PAPA JOHN'S for the purpose of directly promoting, advertising, making an appearance on behalf of, or endorsing Competitive Products; provided, however, that in the event this Agreement is terminated pursuant to Section 7.B. of this Agreement, the prohibition referenced above shall be for a period of six (6) months, except that the prohibition shall referenced above shall not apply (or shall immediately cease to apply, as applicable) in the event of any one or more of the following: (i) the Agreement is terminated due to PAPA JOHN'S failure to pay to ABG any monies under this Agreement, as set forth herein, (ii) the Agreement is terminated due to PAPA JOHN'S failure to grant, issue, or cause to vest any of the RSUs (as hereinafter defined) under this Agreement, as set forth herein, (iii) PAPA JOHN'S failure to pay to ABG any monies under Section 7.D.a. or Section 7.D.b. of this Agreement, as set forth herein, or (iv) PAPA JOHN'S failure to grant, issue, or cause to vest any of the RSUs under Section 7.E.a. or Section 7.E.b. of this Agreement, as set forth herein.",CRE-1,"Are exceptions to exclusivity, non-compete, or similar restrictions clearly defined?",No / unclear,UNCERTAIN,,,,LOW,MACHINE_DISAGREEMENT,QWEN3:8B_GEMMA3:12B_TWO_MODEL_CONSENSUS,qwen3:8b,gemma3:12b,700,silver_v5_blind_parallel,
63447ac68c4c6c3d,calibration,"MEDALISTDIVERSIFIEDREIT,INC_05_18_2020-EX-10.1-CONSULTING AGREEMENT.PDF",398,Competitive Restriction Exception,It is agreed that ownership of no more than 1% of the outstanding voting stock of a publicly traded corporation will not constitute a violation of Section 7.3.,CRE-2,Do the exceptions materially weaken the protection expected by the reviewing party?,Yes,UNCERTAIN,,,,LOW,MACHINE_DISAGREEMENT,QWEN3:8B_GEMMA3:12B_TWO_MODEL_CONSENSUS,qwen3:8b,gemma3:12b,700,silver_v5_blind_parallel,
4cb25b1a849eb593,calibration,LOYALTYPOINTINC_11_16_2004-EX-10.2-RESELLER AGREEMENT.PDF,2335,Competitive Restriction Exception,Schoolpop understands and agrees that this Agreement does not                   grant Schoolpop any exclusive right to market the Cards or any                   other AEIS products and services outside of the NPO                   Marketplace.,CRE-3,Are the exception triggers consistent with the surrounding restriction clauses?,No / unclear,UNCERTAIN,,,,LOW,MACHINE_AGREED_UNCERTAIN,QWEN3:8B_GEMMA3:12B_TWO_MODEL_CONSENSUS,qwen3:8b,gemma3:12b,700,silver_v5_blind_parallel,
fbd5d36356d540b1,calibration,NEONSYSTEMSINC_03_01_1999-EX-10.5-DISTRIBUTOR AGREEMENT_New.pdf,568,Exclusivity,"Licensor hereby grants to Licensee an exclusive in the Territory to (1) make Sublicense Copies and copies of the Documentation to meet the demand of Redistributors and Customers and (2) market and sublicense Sublicense Copies and copies of the Documentation, together with any copies of promotional and other materials which Licensor may produce or obtain from time to time to assist Licensee in marketing and sublicensing the Licensed Products during the term of this Agreement by any one or more of the following means:

     (a)  TO A REDISTRIBUTOR: To a Redistributor pursuant to a Redistributor           Agreement containing substantially the same terms and conditions as           are set forth in this Agreement (subject to Section 2.5) and a           Sublicense with each Customer of Redistributor in accordance with           subsection 2.2(b); or

     (b)  TO CUSTOMERS: Pursuant to a Sublicense signed by the Customer.",EXC-1,Is exclusivity granted without performance obligations or exit rights?,Yes,UNCERTAIN,,,,LOW,MACHINE_DISAGREEMENT,QWEN3:8B_GEMMA3:12B_TWO_MODEL_CONSENSUS,qwen3:8b,gemma3:12b,700,silver_v5_blind_parallel,
a169a604e54e8614,calibration,AzulSa_20170303_F-1A_EX-10.3_9943903_EX-10.3_Maintenance Agreement1.pdf,1952,Exclusivity,"Each Item listed in Exhibit 3 (""Main Elements covered under this Agreement"") and Exhibit 6 (""LRUs covered by repair and standardexchange Services"") withdrawn from the Stock and used by the Company shall be exclusively repaired by the Repairer.",EXC-2,Do exceptions hollow out the exclusivity or make it one-sided against the reviewing party?,Yes,UNCERTAIN,,,,LOW,MACHINE_DISAGREEMENT,QWEN3:8B_GEMMA3:12B_TWO_MODEL_CONSENSUS,qwen3:8b,gemma3:12b,700,silver_v5_blind_parallel,
a6df817fb988ef51,calibration,PalmerSquareCapitalBdcInc_20200116_10-12GA_EX-10.6_11949289_EX-10.6_Trademark License Agreement.pdf,212,Governing Law,"This Agreement shall be governed by, and construed in accordance with, the laws of the State of New York.",GOV-1,Is governing law stated?,No,NO,,,,HIGH,MACHINE_AGREED,QWEN3:8B_GEMMA3:12B_TWO_MODEL_CONSENSUS,qwen3:8b,gemma3:12b,700,silver_v5_blind_parallel,
3f930fd5537df8d7,calibration,LohaCompanyltd_20191209_F-1_EX-10.16_11917878_EX-10.16_Supply Agreement.pdf,2321,Governing Law,"It will be governed by the law of the People's Republic of China ,otherwise it is governed by United Nations Convention on Contract for the International Sale of Goods.",GOV-2,Is the forum or dispute mechanism consistent with the governing law?,Missing or inconsistent,UNCERTAIN,,,,LOW,MACHINE_AGREED_UNCERTAIN,QWEN3:8B_GEMMA3:12B_TWO_MODEL_CONSENSUS,qwen3:8b,gemma3:12b,700,silver_v5_blind_parallel,
6f2a90c4d076362b,calibration,AIRTECHINTERNATIONALGROUPINC_05_08_2000-EX-10.4-FRANCHISE AGREEMENT.PDF,725,Insurance,The evidence of insurance shall include a statement by the insurer that the policy or policies will not be canceled or materially altered without at least 30 days prior written notice to AIRSOPURE.,INS-1,Are insurance requirements stated where the activity creates material risk?,No,UNCERTAIN,,,,LOW,MACHINE_DISAGREEMENT,QWEN3:8B_GEMMA3:12B_TWO_MODEL_CONSENSUS,qwen3:8b,gemma3:12b,700,silver_v5_blind_parallel,
f30d1a8eb9048c46,calibration,ANIXABIOSCIENCESINC_06_09_2020-EX-10.1-COLLABORATION AGREEMENT.PDF,162,Insurance,"Each Party will maintain liability insurance, with reputable and financially secure insurance carriers, at levels consistent with industry standards based upon such Party's respective activities and indemnification obligations under this Agreement. Upon request, each Party will furnish to the other Party certificates issued by the applicable insurance company(ies) evidencing such insurance.",INS-2,Are required limits aligned with residual liability exposure?,Limits far below exposure,UNCERTAIN,,,,LOW,MACHINE_DISAGREEMENT,QWEN3:8B_GEMMA3:12B_TWO_MODEL_CONSENSUS,qwen3:8b,gemma3:12b,700,silver_v5_blind_parallel,
892408e46e9a3058,calibration,"MEDALISTDIVERSIFIEDREIT,INC_05_18_2020-EX-10.1-CONSULTING AGREEMENT.PDF",413,Ip Ownership Assignment,"CONSULTANT shall promptly disclose such Work Product to the Chief Executive Officer of the Company and, at the Company's expense, perform all actions reasonably requested by the Chief Executive Officer of the Company (whether during or after the consultancy) to establish and confirm such ownership (including assignments, consents, powers of attorney and other instruments).",IP-1,Who owns newly created or deliverable IP?,"Vendor owns IP the customer paid to create, without clear license-back",NO,,,,HIGH,MACHINE_AGREED,QWEN3:8B_GEMMA3:12B_TWO_MODEL_CONSENSUS,qwen3:8b,gemma3:12b,700,silver_v5_blind_parallel,
054705a8753cb120,calibration,ANIXABIOSCIENCESINC_06_09_2020-EX-10.1-COLLABORATION AGREEMENT.PDF,153,Ip Ownership Assignment,"Anixa will own, and OntoChem hereby assigns to Anixa, all right, title and interest in and to all Inventions other than OntoChem Inventions, including, for clarity, Inventions directed to the Lead Scaffold(s) (including the composition, use or manufacture thereof) (collectively, ""Anixa Inventions"").",IP-2,Is assignment language present-tense (for example 'hereby assigns') rather than only future ('will assign')?,Future-tense only,UNCERTAIN,,,,LOW,MACHINE_DISAGREEMENT,QWEN3:8B_GEMMA3:12B_TWO_MODEL_CONSENSUS,qwen3:8b,gemma3:12b,700,silver_v5_blind_parallel,
cb3182d33a959517,calibration,PapaJohnsInternationalInc_20190617_8-K_EX-10.1_11707365_EX-10.1_Endorsement Agreement.pdf,2280,Ip Ownership Assignment,"If any Materials created under this Agreement are not legally capable of being a work-made-for-hire under the applicable copyright laws, then all right, title, and interest in such Materials is hereby assigned to Papa John's and CELEBRITY or ABG will execute any documents consistent herewith necessary to perfect such assignment.",IP-3,Does the clause assign the customer's pre-existing IP or data to the vendor?,Yes,UNCERTAIN,,,,LOW,MACHINE_DISAGREEMENT,QWEN3:8B_GEMMA3:12B_TWO_MODEL_CONSENSUS,qwen3:8b,gemma3:12b,700,silver_v5_blind_parallel,
826b71059e2cb698,calibration,ANIXABIOSCIENCESINC_06_09_2020-EX-10.1-COLLABORATION AGREEMENT.PDF,150,Ip Ownership Assignment,"For each Lead Scaffold, if (a) neither Anixa nor any of its Affiliates, licensees or assignees has dosed the first patient in a human clinical trial for a product incorporating a compound from such Lead Scaffold by the fifth (5th) anniversary of the date of the Selection Notice, or (b) Anixa earlier provides written notice of termination of such Lead Scaffold referencing this Section 4.3, then such Lead Scaffold (each, a ""Terminated Scaffold"") will thereupon cease to be a Lead Scaffold under this Agreement and thereafter, notwithstanding anything to the contrary in this Agreement: (i) Anixa will promptly assign to OntoChem all right, title and interest in and to any patents and patent applications owned by Anixa that claim such Terminated Scaffold (including the composition, use or manufacture thereof) and, following such assignment, OntoChem will exclusively control the filing, prosecution, maintenance and enforcement of such patents and patent applications; (ii) the identity, structure and SAR information of such Terminated Scaffold will be deemed to be the Confidential Information of OntoChem; (iii) Anixa will not owe any further annual fees under Section 3.2 for such Terminated Scaffold; and (iv) this Agreement will otherwise remain in full force and effect.",IP-4,Is each party's background IP clearly retained?,No,NO,,,,HIGH,MACHINE_AGREED,QWEN3:8B_GEMMA3:12B_TWO_MODEL_CONSENSUS,qwen3:8b,gemma3:12b,700,silver_v5_blind_parallel,
31ce5b8b9de200f9,calibration,AlliedEsportsEntertainmentInc_20190815_8-K_EX-10.19_11788293_EX-10.19_Content License Agreement.pdf,908,Irrevocable Or Perpetual License,"Notwithstanding the foregoing, for each end user that previously downloaded a Zynga game that includes WPT's Licensed Property, and stored such Zynga game within such end user's device, WPT grants a license and right to continue to use, activate, operate, perform, store, use and display that game on the end user's device in perpetuity at no additional charge; provided, however, that Zynga shall use best efforts to offer end users updates to its games which no longer include WPT's Licensed Property after the Term.",IPL-1,Is the license described as irrevocable or perpetual?,Present — then check IPL-2 and IPL-3,UNCERTAIN,,,,LOW,MACHINE_DISAGREEMENT,QWEN3:8B_GEMMA3:12B_TWO_MODEL_CONSENSUS,qwen3:8b,gemma3:12b,700,silver_v5_blind_parallel,
55f4abb82adf5312,calibration,AlliedEsportsEntertainmentInc_20190815_8-K_EX-10.19_11788293_EX-10.19_Content License Agreement.pdf,909,Irrevocable Or Perpetual License,"Notwithstanding any termination of this Agreement, any Approved Content that includes Zynga's Licensed Property may remain in perpetuity in any media in which such Licensed Property was integrated into during the Term (e.g., televised WPT Tournaments or WPT Invitational Tournaments, social media posts, repurposed integrations for ""best of"" television programs) or for historical purposes (e.g., reference on WPT's website that Zynga-sponsored tour events took place as part of the tour).",IPL-2,Can the supplier still terminate the license for convenience or minor breach?,Yes,NO,,,,HIGH,MACHINE_AGREED,QWEN3:8B_GEMMA3:12B_TWO_MODEL_CONSENSUS,qwen3:8b,gemma3:12b,700,silver_v5_blind_parallel,
8e02caf668116279,calibration,LiquidmetalTechnologiesInc_20200205_8-K_EX-10.1_11968198_EX-10.1_Development Agreement.pdf,1895,Irrevocable Or Perpetual License,"The Parties shall negotiate in good faith a royalty-bearing, perpetual, world-wide, non-exclusive license to any New Application Technology in which they acquire rights as set forth in Section 8.2.3 above. Royalties and other terms shall be commercially reasonable and negotiated by the Parties in good faith.",IPL-3,Did the reviewing party grant an irrevocable or perpetual license it did not intend?,Yes,UNCERTAIN,,,,LOW,MACHINE_DISAGREEMENT,QWEN3:8B_GEMMA3:12B_TWO_MODEL_CONSENSUS,qwen3:8b,gemma3:12b,700,silver_v5_blind_parallel,
6bf3992e175bdc65,calibration,LiquidmetalTechnologiesInc_20200205_8-K_EX-10.1_11968198_EX-10.1_Development Agreement.pdf,1883,Joint Ip Ownership,"New Alloy Technologies that have been developed by cooperation of the Parties shall be jointly and equally owned by the Parties, and any royalties for the use thereof by third parties shall be shared equitably between the Parties",JIPO-1,Are ownership shares or ownership rights for jointly created IP clearly defined?,No / unclear,UNCERTAIN,,,,LOW,MACHINE_DISAGREEMENT,QWEN3:8B_GEMMA3:12B_TWO_MODEL_CONSENSUS,qwen3:8b,gemma3:12b,700,silver_v5_blind_parallel,
50278d81dcc6c46a,calibration,LiquidmetalTechnologiesInc_20200205_8-K_EX-10.1_11968198_EX-10.1_Development Agreement.pdf,1883,Joint Ip Ownership,"New Alloy Technologies that have been developed by cooperation of the Parties shall be jointly and equally owned by the Parties, and any royalties for the use thereof by third parties shall be shared equitably between the Parties",JIPO-2,"Are licensing, exploitation, enforcement, registration, and cost responsibilities for joint IP addressed?",No / unclear,UNCERTAIN,,,,LOW,MACHINE_DISAGREEMENT,QWEN3:8B_GEMMA3:12B_TWO_MODEL_CONSENSUS,qwen3:8b,gemma3:12b,700,silver_v5_blind_parallel,
8535ce86ad7c8ddd,calibration,LiquidmetalTechnologiesInc_20200205_8-K_EX-10.1_11968198_EX-10.1_Development Agreement.pdf,1882,Joint Ip Ownership,The Parties shall work cooperatively toward the appropriate patent or other legal protection of such jointly and equally owned Intellectual Property.,JIPO-3,"Are exit, termination, or dispute consequences for jointly owned IP unclear?",Yes / unclear,UNCERTAIN,,,,LOW,MACHINE_DISAGREEMENT,QWEN3:8B_GEMMA3:12B_TWO_MODEL_CONSENSUS,qwen3:8b,gemma3:12b,700,silver_v5_blind_parallel,
6e1c052eab6a876d,calibration,"MEDALISTDIVERSIFIEDREIT,INC_05_18_2020-EX-10.1-CONSULTING AGREEMENT.PDF",416,Liquidated Damages,"In the event of a 'Change of Control' of Company, then if CONSULTANT's services are terminated without cause at any time within a twelve (12) month period following such Change of Control, CONSULTANT shall receive a termination fee equal to twelve (12) months compensation hereunder at the then current monthly rate, including any stock compensation.",LD-1,Does the amount appear to be a reasonable pre-estimate of loss rather than a penalty?,Looks punitive or arbitrary,UNCERTAIN,,,,LOW,MACHINE_DISAGREEMENT,QWEN3:8B_GEMMA3:12B_TWO_MODEL_CONSENSUS,qwen3:8b,gemma3:12b,700,silver_v5_blind_parallel,
dc29d6e88524195e,calibration,"MEDALISTDIVERSIFIEDREIT,INC_05_18_2020-EX-10.1-CONSULTING AGREEMENT.PDF",416,Liquidated Damages,"In the event of a 'Change of Control' of Company, then if CONSULTANT's services are terminated without cause at any time within a twelve (12) month period following such Change of Control, CONSULTANT shall receive a termination fee equal to twelve (12) months compensation hereunder at the then current monthly rate, including any stock compensation.",LD-2,Is the relationship between liquidated damages and the liability cap stated?,Silent or conflicting,NO,,,,HIGH,MACHINE_AGREED,QWEN3:8B_GEMMA3:12B_TWO_MODEL_CONSENSUS,qwen3:8b,gemma3:12b,700,silver_v5_blind_parallel,
df81ab6bfaf22b5e,calibration,PapaJohnsInternationalInc_20190617_8-K_EX-10.1_11707365_EX-10.1_Endorsement Agreement.pdf,2282,License Grant,"In consideration of the remuneration to be paid to ABG pursuant hereto and subject to the conditions and limitations contained herein, ABG grants to PAPA JOHN'S the non-transferrable, non-assignable, non-sublicensable, indivisible right and license solely during the Term of the Agreement and within the Territory to use the Celebrity Endorsement, in each instance, subject to ABG's Approval (as hereinafter defined).",LIC-1,"Are field, territory, and purpose of the license clear?",Unclear or missing,UNCERTAIN,,,,LOW,MACHINE_DISAGREEMENT,QWEN3:8B_GEMMA3:12B_TWO_MODEL_CONSENSUS,qwen3:8b,gemma3:12b,700,silver_v5_blind_parallel,
67277e17efe8cd47,calibration,AIRTECHINTERNATIONALGROUPINC_05_08_2000-EX-10.4-FRANCHISE AGREEMENT.PDF,716,License Grant,"AIRSOPURE grants to You, and You accept from AIRSOPURE, the right and license to operate an AIRSOPURE Center (or the ""Franchise"") for the sale or lease of AIRSOPURE's exclusive line of Products or at a location in the Exclusive Territory to be approved in writing by AIRSOPURE and listed in attached Exhibit A (the ""Exclusive Territory and Center Location""), to purchase Products from AIRSOPURE or its affiliates for resale at the Center to customers in the Exclusive Territory, and to use the Licensed Marks only in connection with the operation of the Franchise in accordance with the terms and conditions of this Agreement.",LIC-2,Is the license broader than the commercial deal requires?,Yes,NO,,,,HIGH,MACHINE_AGREED,QWEN3:8B_GEMMA3:12B_TWO_MODEL_CONSENSUS,qwen3:8b,gemma3:12b,700,silver_v5_blind_parallel,
d9364a9dfcbb5649,calibration,EtonPharmaceuticalsInc_20191114_10-Q_EX-10.1_11893941_EX-10.1_Development Agreement.pdf,1622,License Grant,"ETON, for itself and its Affiliates, hereby grants to Aucta in accordance with the terms and conditions of this Agreement, a right and license, to its trademark, including to its name and logo, that is owned or controlled by ETON or its Affiliates for Aucta (or its authorized Third Party) to make the packs, labels, and leaflets for the Products for sale in the Territory.",LIC-3,Are sublicense or affiliate rights missing when the deal needs them?,Yes,NO,,,,HIGH,MACHINE_AGREED,QWEN3:8B_GEMMA3:12B_TWO_MODEL_CONSENSUS,qwen3:8b,gemma3:12b,700,silver_v5_blind_parallel,
73b8cfb07b3fb875,calibration,PapaJohnsInternationalInc_20190617_8-K_EX-10.1_11707365_EX-10.1_Endorsement Agreement.pdf,2287,Cap On Liability,"IN NO EVENT SHALL ABG'S, AUTHENTIC BRANDS GROUP LLC'S, AND CELEBRITY'S TOTAL LIABILITY UNDER THIS AGREEMENT EXCEED THE AMOUNTS ACTUALLY RECEIVED BY ABG (EXCLUSIVE OF REIUMBURSEMENT OF EXPENSES) HEREUNDER, REGARDLESS OF THE NUMBER OR TYPE OF CLAIMS.",LOL-1,Is there no express monetary or fee-based liability cap?,Yes,NO,,,,HIGH,MACHINE_AGREED,QWEN3:8B_GEMMA3:12B_TWO_MODEL_CONSENSUS,qwen3:8b,gemma3:12b,700,silver_v5_blind_parallel,
cec344416ad457c2,calibration,AzulSa_20170303_F-1A_EX-10.3_9943903_EX-10.3_Maintenance Agreement1.pdf,1965,Cap On Liability,"SUBJECT TO CLAUSE 15.2 BELOW, THE REPAIRER, SHALL NOT BE LIABLE TO THE COMPANY FOR ANY OF THE FOLLOWING TYPES OF LOSS OR DAMAGE ARISING UNDER OR IN RELATION TO THIS AGREEMENT (WHETHER ARISING FOR BREACH OF CONTRACT, TORT (INCLUDING NEGLIGENCE), BREACH OF STATUTORY DUTY, MISREPRESENTATION OR OTHERWISE):

[*****]

[*****]",LOL-2,Is the cap mutual?,One-sided protecting only the counterparty,UNCERTAIN,,,,LOW,MACHINE_DISAGREEMENT,QWEN3:8B_GEMMA3:12B_TWO_MODEL_CONSENSUS,qwen3:8b,gemma3:12b,700,silver_v5_blind_parallel,
7ebc2c4901580512,calibration,EtonPharmaceuticalsInc_20191114_10-Q_EX-10.1_11893941_EX-10.1_Development Agreement.pdf,1627,Cap On Liability,"NOTWITHSTANDING ANYTHING TO THE CONTRARY HEREIN, NEITHER PARTY SHALL BE LIABLE FOR ANY INDIRECT, SPECIAL, INCIDENTAL, CONSEQUENTIAL OR EXEMPLARY DAMAGES, WHETHER FORESEEABLE OR NOT, THAT ARE IN ANY WAY RELATED TO THIS AGREEMENT.",LOL-3,Is the liability cap nominal or very low relative to deal value or exposure?,Yes,UNCERTAIN,,,,LOW,MACHINE_DISAGREEMENT,QWEN3:8B_GEMMA3:12B_TWO_MODEL_CONSENSUS,qwen3:8b,gemma3:12b,700,silver_v5_blind_parallel,
88b1908671ec7b44,calibration,AlliedEsportsEntertainmentInc_20190815_8-K_EX-10.19_11788293_EX-10.19_Content License Agreement.pdf,912,Cap On Liability,"EXCEPT IN CASES OF GROSS NEGLIGENCE, WILLFUL MISCONDUCT OR FRAUD, INDEMNIFICATION CLAIMS UNDER SECTION 5 OR BREACHES OF SECTION 2 (TRADEMARKS), 8 (CONFIDENTIALITY), OR 9 (NO AGENCY RELATIONSHIP), IN NO EVENT SHALL EITHER PARTY OR ITS OFFICERS, DIRECTORS, OR EMPLOYEES BE LIABLE TO THE OTHER PARTY IN CONNECTION WITH THE SUBJECT MATTER HEREOF, FOR ANY SPECIAL, INDIRECT, CONSEQUENTIAL OR PUNITIVE DAMAGES OF ANY KIND, LOST PROFITS OR LOST REVENUE, WHETHER ARISING IN CONTRACT, TORT, NEGLIGENCE, STATUTE, OR OTHERWISE, EVEN IF ADVISED OF THE POSSIBILITY THEREOF.",LOL-4,"Are high-risk heads missing from the liability-cap carve-outs (for example IP, confidentiality/data, fraud, willful misconduct, gross negligence)?",Yes,YES,Cap On Liability,HIGH,"EXCEPT IN CASES OF GROSS NEGLIGENCE, WILLFUL MISCONDUCT OR FRAUD",HIGH,MACHINE_AGREED,QWEN3:8B_GEMMA3:12B_TWO_MODEL_CONSENSUS,qwen3:8b,gemma3:12b,700,silver_v5_blind_parallel,
6086ba24dae50b24,calibration,NEONSYSTEMSINC_03_01_1999-EX-10.5-DISTRIBUTOR AGREEMENT_New.pdf,584,Cap On Liability,"IN NO EVENT SHALL A PARTY TO THIS AGREEMENT BE LIABLE TO THE OTHER PARTY TO THIS AGREEMENT FOR ANY SPECIAL, INDIRECT,





INCIDENTAL OR CONSEQUENTIAL DAMAGES RESULTING FROM THE USE, OR INABILITY TO USE, THE LICENSED PRODUCTS OR ARISING OUT OF THIS AGREEMENT, INCLUDING BUT NOT LMTED TO LOSS OF PROFIT OR OTHER MONETARY LOSS, LOSS OR INTERRUPTION OF DATA OR CONTUTER TIME, ALTERATION OR ERRONEOUS TRANSNUSSION OF DATA OR PROGRAM ERRORS, EVEN IF SUCH PARTY IS ADVISED IN ADVANCE OF THE POSSIBILITY OF SUCH DAMAGES.",LOL-5,Is the exclusion of consequential or indirect damages one-sided against the reviewing party?,Yes,UNCERTAIN,,,,LOW,MACHINE_AGREED_BUT_EVIDENCE_INVALID,QWEN3:8B_GEMMA3:12B_TWO_MODEL_CONSENSUS,qwen3:8b,gemma3:12b,700,silver_v5_blind_parallel,
a89bb55c72eb24bf,calibration,"ASHWORTHINC_01_29_1999-EX-10.(D)-PROMOTION AGREEMENT AND NANTZ COMMUNICATIONS, INC..PDF",508,Most Favored Nation,The Company acknowledges that Nantz Communications' and      Nantz's obligations to CBS or any other television station or network with      which Nantz Communications or Nantz has a contract or arrangement shall      take precedence over any other commitments of Nantz Communications or Nantz      under this Agreement.,MFN-1,"Is MFN scope (price, terms, customers, territory) clear?",Unclear,UNCERTAIN,,,,LOW,MACHINE_AGREED_UNCERTAIN,QWEN3:8B_GEMMA3:12B_TWO_MODEL_CONSENSUS,qwen3:8b,gemma3:12b,700,silver_v5_blind_parallel,
e683c40af141a174,calibration,"ASHWORTHINC_01_29_1999-EX-10.(D)-PROMOTION AGREEMENT AND NANTZ COMMUNICATIONS, INC..PDF",508,Most Favored Nation,The Company acknowledges that Nantz Communications' and      Nantz's obligations to CBS or any other television station or network with      which Nantz Communications or Nantz has a contract or arrangement shall      take precedence over any other commitments of Nantz Communications or Nantz      under this Agreement.,MFN-2,Does MFN conflict with other price or discount restrictions in the contract?,Yes,NO,,,,HIGH,MACHINE_AGREED,QWEN3:8B_GEMMA3:12B_TWO_MODEL_CONSENSUS,qwen3:8b,gemma3:12b,700,silver_v5_blind_parallel,
3f80d3cb7c65455d,calibration,WaterNowInc_20191120_10-Q_EX-10.12_11900227_EX-10.12_Distributor Agreement.pdf,1837,Minimum Commitment,"If this Agreement is extended beyond the Initial Term, as hereinafter defined, the number of Customer Locations to be secured to maintain exclusivity during the pendency of the Agreement shall be increased to 50 from 25.",MIN-1,Is there a minimum purchase or take-or-pay obligation?,Yes — check relief terms,UNCERTAIN,,,,LOW,MACHINE_DISAGREEMENT,QWEN3:8B_GEMMA3:12B_TWO_MODEL_CONSENSUS,qwen3:8b,gemma3:12b,700,silver_v5_blind_parallel,
fda0db06cf816d1f,calibration,PapaJohnsInternationalInc_20190617_8-K_EX-10.1_11707365_EX-10.1_Endorsement Agreement.pdf,2277,Minimum Commitment,"At least eight (8) ""Service Days"", including but not limited to:

1. Production days. Up to four (4) production days (defined as a maximum of eight (8) consecutive hours each), with PAPA JOHN'S creative agency.

2. Personal appearances. CELEBRITY shall appear at least (each of the following not to exceed six (6) consecutive hours):

(A) One (1) day engaging with franchisees and team members at company-wide event(s);

(B) One (1) day visiting Papa John's Pizza stores, date and locations to be mutually agreed upon by the Parties; and

(C) One (1) day at a community event, date and location to be mutually agreed upon by the Parties.",MIN-2,Is there relief if goods or services are not delivered or are unusable?,No,NO,,,,HIGH,MACHINE_AGREED,QWEN3:8B_GEMMA3:12B_TWO_MODEL_CONSENSUS,qwen3:8b,gemma3:12b,700,silver_v5_blind_parallel,
06f8f7e99ffbe3eb,calibration,EtonPharmaceuticalsInc_20191114_10-Q_EX-10.1_11893941_EX-10.1_Development Agreement.pdf,1612,Non-Compete,"During the Term of this Agreement, and for a period of two (2) years thereafter, Aucta shall not research, develop, manufacture, file, sell, market, or distribute more than two products containing the active ingredient Lamotrigine; nor will Aucta directly or indirectly assist any other Person or entity in carrying or any such activities. [ * * * ]",NC-1,"Are scope, geography, and duration reasonable?",Over-broad or excessively long,UNCERTAIN,,,,LOW,MACHINE_DISAGREEMENT,QWEN3:8B_GEMMA3:12B_TWO_MODEL_CONSENSUS,qwen3:8b,gemma3:12b,700,silver_v5_blind_parallel,
14fc9977cff06295,calibration,ANIXABIOSCIENCESINC_06_09_2020-EX-10.1-COLLABORATION AGREEMENT.PDF,142,Non-Compete,"During the term of this Agreement, except in the performance of its obligations or exercise of its rights under this Agreement, neither OntoChem nor any of its Affiliates will discover, research, develop, manufacture or commercialize any compound or product directed to any Target, either independently or for or in collaboration with a third party (including the grant of a license to any third party), or have any of the foregoing activities performed on behalf of OntoChem or any of its Affiliates by a third party.",NC-2,Is there a meaningful exception or carve-out for ordinary business?,No,UNCERTAIN,,,,LOW,MACHINE_DISAGREEMENT,QWEN3:8B_GEMMA3:12B_TWO_MODEL_CONSENSUS,qwen3:8b,gemma3:12b,700,silver_v5_blind_parallel,
46914a69ca3adba7,calibration,"MEDALISTDIVERSIFIEDREIT,INC_05_18_2020-EX-10.1-CONSULTING AGREEMENT.PDF",403,Non-Disparagement,CONSULTANT acknowledges that any disparaging comments by him against the Company are likely to substantially depreciate the business reputation of the Company.,NDS-1,Is the non-disparagement restriction materially broader than needed for the transaction?,Yes,UNCERTAIN,,,,LOW,MACHINE_DISAGREEMENT,QWEN3:8B_GEMMA3:12B_TWO_MODEL_CONSENSUS,qwen3:8b,gemma3:12b,700,silver_v5_blind_parallel,
6b3a21dbda156a74,calibration,"MEDALISTDIVERSIFIEDREIT,INC_05_18_2020-EX-10.1-CONSULTING AGREEMENT.PDF",404,Non-Disparagement,"CONSULTANT further agrees that it will not directly or indirectly defame, disparage, or publicly criticize the services, business, integrity, veracity or reputation of the Company or its owners, officers, directors, or employees in any forum or through any medium of communication.",NDS-2,"Is the restriction mutual and subject to appropriate legal, regulatory, or truthful-reporting exceptions?",No / unclear,UNCERTAIN,,,,LOW,MACHINE_DISAGREEMENT,QWEN3:8B_GEMMA3:12B_TWO_MODEL_CONSENSUS,qwen3:8b,gemma3:12b,700,silver_v5_blind_parallel,
e0b9168a0a21d052,calibration,"HC2HOLDINGS,INC_05_14_2020-EX-10.1-COOPERATION AGREEMENT.PDF",2492,Non-Disparagement,"Subject to applicable law, each of the Parties covenants and agrees that, during the Standstill Period, neither Party nor any of its subsidiaries, Affiliates, successors, assigns, principals, partners, members, general partners, officers, key employees or directors (collectively, ""Representatives""), shall in any way, directly or indirectly, in any capacity or manner, whether written or oral, electronically or otherwise (including, without limitation, in a television, radio, internet, newspaper, magazine interview, or otherwise through the press, media, analysts or other persons or in any document or report filed with the SEC), publicly disparage, impugn, make ad hominem attacks on or otherwise defame or slander or make, express, transmit, speak, write, verbalize or otherwise publicly communicate in any way (or cause, further, assist, solicit, encourage, support or participate in any of the foregoing), any public communication or statement of any kind, whether verbal, in writing, electronically transferred or otherwise, that might reasonably be construed to be disparage, derogate or impugn, the other Party or such other Party's Representatives (including any current officer or director of a Party or a Parties' subsidiaries who no longer serves in such capacity following the execution of this Agreement), employees, stockholders (solely in their capacity as stockholders of the applicable Party), or any of their businesses, products or services, in any manner that would reasonably be expected to damage the business, or reputation of the other Party or of its Representatives (including former officers and directors), directors (or former directors), employees, stockholders (solely in their capacity as stockholders of the applicable Party); provided that, with respect to any litigation, arbitration or other proceeding between the Parties, nothing in this Section 5 shall prevent either Party from disclosing any facts or circumstances with respect to any such litigation, arbitration or other proceeding.",NDS-3,Is the duration or covered audience unclear or unusually extensive?,Yes / unclear,UNCERTAIN,,,,LOW,MACHINE_AGREED_UNCERTAIN,QWEN3:8B_GEMMA3:12B_TWO_MODEL_CONSENSUS,qwen3:8b,gemma3:12b,700,silver_v5_blind_parallel,
f0263b31b4e868c9,calibration,LiquidmetalTechnologiesInc_20200205_8-K_EX-10.1_11968198_EX-10.1_Development Agreement.pdf,1865,Notice Period To Terminate Renewal,"Upon the expiration of the Term, the Term shall automatically extend for successive 12-month periods until one Party terminates the Agreement by providing at least 180 days prior written notice to the other Party prior to the expiration of the then-current term or unless sooner terminated in accordance with the terms of this Agreement.",NOT-1,Is a notice period to prevent renewal stated?,No,UNCERTAIN,,,,LOW,MACHINE_DISAGREEMENT,QWEN3:8B_GEMMA3:12B_TWO_MODEL_CONSENSUS,qwen3:8b,gemma3:12b,700,silver_v5_blind_parallel,
a2290954b7cab542,calibration,PenntexMidstreamPartnersLp_20150416_S-1A_EX-10.4_9042833_EX-10.4_Transportation Agreement.pdf,1289,Notice Period To Terminate Renewal,"This Agreement shall commence on the Effective Date and continue in full force and effect until the end of the fifteenth (15th) Contract Year, and shall continue in full force and effect thereafter until terminated by either Party by providing thirty (30) calendar days' prior written notice of termination to the other Party (such fifteen (15) Contract Year period, as may be further extended as provided herein is referred to as the ""Term"").",NOT-2,Can the deadline be calculated clearly from the renewal or term dates?,No,NO,,,,HIGH,MACHINE_AGREED,QWEN3:8B_GEMMA3:12B_TWO_MODEL_CONSENSUS,qwen3:8b,gemma3:12b,700,silver_v5_blind_parallel,
b82380f202d4ff97,calibration,NEONSYSTEMSINC_03_01_1999-EX-10.5-DISTRIBUTOR AGREEMENT_New.pdf,565,Notice Period To Terminate Renewal,"This Agreement shall be effective until the earlier of (a) its termination in accordance with the provisions of this Article 14 or (b) the date that is two (2) years after the date of this Agreement; provided, however, that this Agreement will renew automatically for successive terms of one (1) year each unless a party to this Agreement delivers written notice of termination to the other party to this Agreement at least sixty (60) days prior to the end of the original or any renewal term or the parties to this Agreement do not agree in writing to the Quota Amount referred to in subsection 14.2(b)(1) for any one (1) year renewal term at least sixty (60) days prior to the commencement of such term.",NOT-3,Does the notice window fall inside the current term in a workable way?,No,NO,,,,HIGH,MACHINE_AGREED,QWEN3:8B_GEMMA3:12B_TWO_MODEL_CONSENSUS,qwen3:8b,gemma3:12b,700,silver_v5_blind_parallel,
05e58699ea6bed48,calibration,AIRTECHINTERNATIONALGROUPINC_05_08_2000-EX-10.4-FRANCHISE AGREEMENT.PDF,710,No-Solicit Of Customers,Other AIRSOPURE franchisees will not be permitted to solicit customers for Products by advertising in Your Exclusive Territory.,NS-1,Is non-solicit so broad it functions as a non-compete?,Yes,UNCERTAIN,,,,LOW,MACHINE_DISAGREEMENT,QWEN3:8B_GEMMA3:12B_TWO_MODEL_CONSENSUS,qwen3:8b,gemma3:12b,700,silver_v5_blind_parallel,
a078c3604fb8dd93,calibration,"MEDALISTDIVERSIFIEDREIT,INC_05_18_2020-EX-10.1-CONSULTING AGREEMENT.PDF",401,No-Solicit Of Customers,"CONSULTANT agrees that during its consultancy for REIT and for a period of twelve (12) months immediately following the termination of its consultancy with the Company for any reason, whether with or without cause, it will not: (a) solicit, entice or induce any Customer for the purpose of providing, or provide, products or services that are competitive with the products or services provided by the Company, or (b) solicit, entice, or induce any Customer to terminate or reduce its business with (or refrain from increasing its business with) the Company.",NS-2,Are duration and covered persons reasonable?,No,NO,,,,HIGH,MACHINE_AGREED,QWEN3:8B_GEMMA3:12B_TWO_MODEL_CONSENSUS,qwen3:8b,gemma3:12b,700,silver_v5_blind_parallel,
bd30302d95fe9bfb,calibration,LiquidmetalTechnologiesInc_20200205_8-K_EX-10.1_11968198_EX-10.1_Development Agreement.pdf,1893,Non-Transferable License,The foregoing Licensed Patents and Licensed Technical Information shall not include the right to sublicense the Licensed Patents and Licensed Technical Information without the prior written consent of Liquidmetal. F,NTL-1,"Does the license prohibit transfer, assignment, or sublicense in a way that could block the intended operational use?",Yes,UNCERTAIN,,,,LOW,MACHINE_DISAGREEMENT,QWEN3:8B_GEMMA3:12B_TWO_MODEL_CONSENSUS,qwen3:8b,gemma3:12b,700,silver_v5_blind_parallel,
71bc1e964cc3319b,calibration,WaterNowInc_20191120_10-Q_EX-10.12_11900227_EX-10.12_Distributor Agreement.pdf,1839,Non-Transferable License,"Hydraspin hereby grants to Distributor an exclusive non-transferable and royalty-free right and license to use Hydraspin's Marks in connection with the advertising, promotion, marketing, distribution and sale of the Products in the Territory in accordance with Hydraspin's standards and instructions.",NTL-2,"Are affiliate, merger, acquisition, financing, or other necessary transfer exceptions absent?",Yes,NO,,,,HIGH,MACHINE_AGREED,QWEN3:8B_GEMMA3:12B_TWO_MODEL_CONSENSUS,qwen3:8b,gemma3:12b,700,silver_v5_blind_parallel,
3d47d53c95aedb28,calibration,AlliedEsportsEntertainmentInc_20190815_8-K_EX-10.19_11788293_EX-10.19_Content License Agreement.pdf,906,Non-Transferable License,"Subject to the terms and conditions of this Agreement, WPT grants to Zynga a non-exclusive, non-assignable, non-sublicensable, royalty-free, paid up, limited license in the Territory to use and display WPT's Licensed Property solely as necessary to perform Zynga's obligations under this Agreement and as specifically described on Exhibit A, for the Term.",NTL-3,Do transfer restrictions conflict with the anti-assignment or change-of-control provisions?,Yes / inconsistent,UNCERTAIN,,,,LOW,MACHINE_DISAGREEMENT,QWEN3:8B_GEMMA3:12B_TWO_MODEL_CONSENSUS,qwen3:8b,gemma3:12b,700,silver_v5_blind_parallel,
3ada6f68f4c0d874,calibration,NEONSYSTEMSINC_03_01_1999-EX-10.5-DISTRIBUTOR AGREEMENT_New.pdf,577,Post-Termination Services,"Upon the termination or expiration of the term of this Agreement, the parties shall have the following rights and obligations:<omitted>(e)  All valid Redistributor Agreements and Sublicenses by and between           Licensee and any Redistributors and Customers will remain and continue           in full force and effect for the remainder of their respective terms,           and at Licensor's option Licensee shall assign to Licensor its rights           in such agreements with respect to the Licensed Products or           Documentation; provided that if Licensor fails to provide reasonable           support to any Redistributor or Customer, Licensee may support such           Redistributor or Customer without payment of fees to Licensor.",PTS-1,Is transition or post-termination assistance required where continuity matters?,No,NO,,,,HIGH,MACHINE_AGREED,QWEN3:8B_GEMMA3:12B_TWO_MODEL_CONSENSUS,qwen3:8b,gemma3:12b,700,silver_v5_blind_parallel,
991ae0df2d5882d8,calibration,PapaJohnsInternationalInc_20190617_8-K_EX-10.1_11707365_EX-10.1_Endorsement Agreement.pdf,2285,Post-Termination Services,"If this Agreement is terminated by ABG for any of the reasons provided in Section 7.B. above, then CELEBRITY shall be entitled to immediately vest in all of the RSUs for the eighteen (18) months following the effective date of termination (including, without limitation, any balance of unvested RSUs that were due to vest as of the effective date of termination, in addition to any and all of the RSUs that would have vested during the next eighteen (18) months but for the termination); provided, however, that in the event there is less than eighteen (18) months remaining in the Term as of the effective date of such termination, then any and all of the balance of the RSUs shall vest immediately as of the effective date of termination.",PTS-2,"Are duration, fees, and data-return terms for post-termination services clear?",No,UNCERTAIN,,,,LOW,MACHINE_DISAGREEMENT,QWEN3:8B_GEMMA3:12B_TWO_MODEL_CONSENSUS,qwen3:8b,gemma3:12b,700,silver_v5_blind_parallel,
6667f8d33ce6b6ff,calibration,CHIPMOSTECHNOLOGIESBERMUDALTD_04_18_2016-EX-4.72-Strategic Alliance Agreement.PDF,1222,Renewal Term,The Parties may negotiate for an extension of this Agreement six (6) months before the expiration of the Cooperation Period.,REN-1,Is renewal automatic or evergreen?,Yes — then require workable non-renewal notice,NO,,,,HIGH,MACHINE_AGREED,QWEN3:8B_GEMMA3:12B_TWO_MODEL_CONSENSUS,qwen3:8b,gemma3:12b,700,silver_v5_blind_parallel,
ee8cc446e46eff9e,calibration,AIRTECHINTERNATIONALGROUPINC_05_08_2000-EX-10.4-FRANCHISE AGREEMENT.PDF,696,Renewal Term,"At the expiration of the term or any renewal term hereof, You may, at its option, renew the Franchise granted hereunder for 2 additional terms of 10 years each on the following terms and conditions:





A. You shall give AIRSOPURE notice in writing of Your election to renew this Agreement at least 3 months prior to the expiration of the then-current term.

B. You shall not be in default of any provision of this Agreement or amendment hereto, including without limitation all payment obligations to AIRSOPURE and its affiliates.

C. As a condition of renewal of the Franchise, You agree to execute AIRSOPURE's then-current form of franchise agreement and to comply fully with all terms and conditions thereof, and to pay AIRSOPURE the then-current renewal fee, which is presently $1,000.00. You understand that AIRSOPURE may revise its franchise agreement for any renewal term, at AIRSOPURE's sole discretion, including without limitation to increase the royalty fees or other fees payable by You or to require other obligations of franchisees.

D. You shall meet AIRSOPURE's then-current qualifications and training requirements.

E. You shall execute a general release in a form prescribed by AIRSOPURE releasing AIRSOPURE and its affiliates, directors, officers, employees and agents from all known and unknown claims and liabilities to the extent permitted by state and federal law.

F. You may be required, at AIRSOPURE's sole discretion, to upgrade or remodel Your AIRSOPURE Center to conform to AIRSOPURE's then-current specifications and standards as specified in AIRSOPURE's Operating Manual of otherwise in writing, provided such upgrade or remodel is reasonable in terms of cost and implementation schedule.",REN-2,Is the non-renewal notice period stated and calculable from the renewal date?,No,UNCERTAIN,,,,LOW,MACHINE_DISAGREEMENT,QWEN3:8B_GEMMA3:12B_TWO_MODEL_CONSENSUS,qwen3:8b,gemma3:12b,700,silver_v5_blind_parallel,
303fa8d9741bf6e1,calibration,AlliedEsportsEntertainmentInc_20190815_8-K_EX-10.19_11788293_EX-10.19_Content License Agreement.pdf,895,Renewal Term,"This Agreement shall automatically extend for an additional two (2) years on the same terms herein (""Renewal Term"") provided WPT receives payments greater than twelve million U.S. dollars ($12,000,000) within the Initial Term.",REN-3,Is the notice window so early that non-renewal is impractical?,Yes,UNCERTAIN,,,,LOW,MACHINE_DISAGREEMENT,QWEN3:8B_GEMMA3:12B_TWO_MODEL_CONSENSUS,qwen3:8b,gemma3:12b,700,silver_v5_blind_parallel,
5d1f171b1d021446,calibration,AIRTECHINTERNATIONALGROUPINC_05_08_2000-EX-10.4-FRANCHISE AGREEMENT.PDF,714,Rofr/Rofo/Rofn,"AIRSOPURE shall have the option, within 15 days after receipt of such written notice, to notify You that AIRSOPURE elects to purchase the rights and license granted herein or stock ownership on the same terms and conditions as the bona fide written offer.",ROFR-1,"Is the trigger for the right of first refusal, offer, or negotiation clearly defined?",No / unclear,YES,Unclear Trigger,MEDIUM,within 15 days after receipt of such written notice,HIGH,MACHINE_AGREED,QWEN3:8B_GEMMA3:12B_TWO_MODEL_CONSENSUS,qwen3:8b,gemma3:12b,700,silver_v5_blind_parallel,
8296647d6d2a4e09,calibration,NEONSYSTEMSINC_03_01_1999-EX-10.5-DISTRIBUTOR AGREEMENT_Amendment.pdf,240,Rofr/Rofo/Rofn,"Notwithstanding the foregoing provision for arbitration           concerning the terms of any purchase and sale agreement, and without





          limiting any other<omitted>conditions that may be included in any such purchase and sale           agreement, Licensee shall have no obligation to consummate the           acquisition of the assets of, or stock in, Licensor pursuant to its           exercise of the Option if Licensee's board of directors should           determine, in its sole discretion, that such acquisition would not be           accretive to the value of Licensee.",ROFR-2,"Are notice, response, matching, negotiation, and expiry periods objectively calculable?",No / unclear,NO,,,,HIGH,MACHINE_AGREED,QWEN3:8B_GEMMA3:12B_TWO_MODEL_CONSENSUS,qwen3:8b,gemma3:12b,700,silver_v5_blind_parallel,
b02f010817818c4f,calibration,NEONSYSTEMSINC_03_01_1999-EX-10.5-DISTRIBUTOR AGREEMENT_Amendment.pdf,233,Rofr/Rofo/Rofn,"If such sale, transfer           or conveyance is not consummated in accordance with the offer and the           Terms and Conditions specified in the applicable Offering Notice, the           rights of Licensee to an Offering Notice shall be reinstated.  No           exercise or waiver by Licensee of any of its rights hereunder shall           modify, abridge, impair or affect any of Licensee's rights under any           of the other terms or provisions of this Agreement.",ROFR-3,"Can the right materially constrain a transaction, sale, or third-party deal without a clear process?",Yes / unclear,UNCERTAIN,,,,LOW,MACHINE_DISAGREEMENT,QWEN3:8B_GEMMA3:12B_TWO_MODEL_CONSENSUS,qwen3:8b,gemma3:12b,700,silver_v5_blind_parallel,
b6ac7f05137753e7,calibration,LiquidmetalTechnologiesInc_20200205_8-K_EX-10.1_11968198_EX-10.1_Development Agreement.pdf,1877,Revenue/Profit Sharing,"Provided that such referred customer is not already a Eutectix customer, Eutectix may accept such customer referral, and in that case hereby agrees to pay Liquidmetal a cash commission based on a percentage of the invoice price of Licensed Products sold by Eutectix or its permitted sublicensees and for which payment was actually received by Eutectix, in addition to the Liquidmetal Royalty.",RPS-1,"Are the revenue, profit, net sales, or other sharing bases defined sufficiently to calculate the amount owed?",No / unclear,UNCERTAIN,,,,LOW,MACHINE_AGREED_UNCERTAIN,QWEN3:8B_GEMMA3:12B_TWO_MODEL_CONSENSUS,qwen3:8b,gemma3:12b,700,silver_v5_blind_parallel,
d9a989712820b1bf,calibration,LiquidmetalTechnologiesInc_20200205_8-K_EX-10.1_11968198_EX-10.1_Development Agreement.pdf,1873,Revenue/Profit Sharing,"In consideration of the license of Liquidmetal Technical Information and the Licensed Equipment granted by Liquidmetal, Eutectix agrees to pay Liquidmetal a cash royalty based on a percentage of the invoice price of any Licensed Products (but not including Liquidmetal Products) sold by Eutectix or its permitted sublicensees and for which payment was actually received by Eutectix.",RPS-2,"Are deductions, credits, refunds, taxes, timing, and payment mechanics clearly specified?",No / unclear,UNCERTAIN,,,,LOW,MACHINE_AGREED_UNCERTAIN,QWEN3:8B_GEMMA3:12B_TWO_MODEL_CONSENSUS,qwen3:8b,gemma3:12b,700,silver_v5_blind_parallel,
7ec6c6c3add806e4,calibration,ALLIANCEBANCORPINCOFPENNSYLVANIA_10_18_2006-EX-1.2-AGENCY AGREEMENT.PDF,1797,Revenue/Profit Sharing,Any fees payable to Sandler O'Neill for Securities sold by Sandler O'Neill under any such agreement shall be limited to an aggregate of six percent (6.0 %) of the purchase price of the Securities sold by Sandler O'Neill and other NASD member firms.,RPS-3,"Are reporting, audit, record-retention, and dispute mechanisms for the shared amounts addressed?",No / unclear,UNCERTAIN,,,,LOW,MACHINE_DISAGREEMENT,QWEN3:8B_GEMMA3:12B_TWO_MODEL_CONSENSUS,qwen3:8b,gemma3:12b,700,silver_v5_blind_parallel,
cb324dac66710482,calibration,"MEDALISTDIVERSIFIEDREIT,INC_05_18_2020-EX-10.1-CONSULTING AGREEMENT.PDF",406,Termination For Convenience,This Agreement shall terminate immediately upon the occurrence of any of the following events:<omitted>(c) ninety (90) days following the date the Company gives CONSULTANT written notice of termination for any or no reason; or (d) CONSULTANT may terminate this Agreement by giving ninety (90) days' written notice to REIT.,TFC-1,Does the reviewing party have a termination-for-convenience right?,"No, while the counterparty does",UNCERTAIN,,,,LOW,MACHINE_DISAGREEMENT,QWEN3:8B_GEMMA3:12B_TWO_MODEL_CONSENSUS,qwen3:8b,gemma3:12b,700,silver_v5_blind_parallel,
193068d60cb6a358,calibration,EtonPharmaceuticalsInc_20191114_10-Q_EX-10.1_11893941_EX-10.1_Development Agreement.pdf,1614,Termination For Convenience,"ETON has the right to terminate this Agreement after approval of the Dossier or marketing application for the Product (or added new product), at its sole discretion, upon providing one hundred eighty (180) days' written notice to Aucta.",TFC-2,Is the notice period practical (for example 30 to 60 days)?,"Very long, unclear, or missing",UNCERTAIN,,,,LOW,MACHINE_DISAGREEMENT,QWEN3:8B_GEMMA3:12B_TWO_MODEL_CONSENSUS,qwen3:8b,gemma3:12b,700,silver_v5_blind_parallel,
1a3d9a4b46c05a8a,calibration,AzulSa_20170303_F-1A_EX-10.3_9943903_EX-10.3_Maintenance Agreement1.pdf,1953,Termination For Convenience,"Early termination fee: subject to not being in breach of any of its obligation under the Agreement, the Company may terminate this Agreement for convenience by way of Notice of termination; the Agreement shall be then terminated following a [*****] period as from<omitted>the receipt of such Notice by the Repairer or any other lesser period to be granted by the Repairer.",TFC-3,Does early exit trigger a large fee or the full remaining commitment?,Yes,NO,,,,HIGH,MACHINE_AGREED,QWEN3:8B_GEMMA3:12B_TWO_MODEL_CONSENSUS,qwen3:8b,gemma3:12b,700,silver_v5_blind_parallel,
12427603354b36c9,calibration,PalmerSquareCapitalBdcInc_20200116_10-12GA_EX-10.6_11949289_EX-10.6_Trademark License Agreement.pdf,220,Third Party Beneficiary,"The parties agree that Investment Advisor shall be a third party beneficiary of this Agreement, and shall have the rights and protections provided to Licensee under this Agreement.",TPB-1,Are third-party beneficiary rights expressly identified or effectively created by the contract?,Yes / unclear,YES,Third Party Beneficiary,HIGH,"The parties agree that Investment Advisor shall be a third party beneficiary of this Agreement, and shall have the rights and protections provided to Licensee under this Agreement.",HIGH,MACHINE_AGREED,QWEN3:8B_GEMMA3:12B_TWO_MODEL_CONSENSUS,qwen3:8b,gemma3:12b,700,silver_v5_blind_parallel,
c435c36537a54a8e,calibration,PalmerSquareCapitalBdcInc_20200116_10-12GA_EX-10.6_11949289_EX-10.6_Trademark License Agreement.pdf,220,Third Party Beneficiary,"The parties agree that Investment Advisor shall be a third party beneficiary of this Agreement, and shall have the rights and protections provided to Licensee under this Agreement.",TPB-2,"Are the beneficiary identities, rights, and scope clearly bounded?",No / unclear,UNCERTAIN,,,,LOW,MACHINE_AGREED_UNCERTAIN,QWEN3:8B_GEMMA3:12B_TWO_MODEL_CONSENSUS,qwen3:8b,gemma3:12b,700,silver_v5_blind_parallel,
69bb7dbfdd4460c2,development,CoherusBiosciencesInc_20200227_10-K_EX-10.29_12021376_EX-10.29_Development Agreement.pdf,350,Anti-Assignment,Any purported assignment or transfer in violation of this Section 16.4 shall be null and void.,AA-1,Is assignment restricted?,Yes — evaluate consent standard,YES,Anti-Assignment,HIGH,Any purported assignment or transfer in violation of this Section 16.4 shall be null and void.,HIGH,MACHINE_AGREED,QWEN3:8B_GEMMA3:12B_TWO_MODEL_CONSENSUS,qwen3:8b,gemma3:12b,700,silver_v5_blind_parallel,
682c47430b6d0da8,development,CytodynInc_20200109_10-Q_EX-10.5_11941634_EX-10.5_License Agreement.pdf,1443,Anti-Assignment,"CytoDyn may assign this Agreement and its rights and obligations hereunder, in whole but not in part, to any Third Party not in a materially worse (financially and otherwise) of performing CytoDyn's obligations hereunder without the prior written consent of Vyera (it being understood that any other assignment of this Agreement or any rights or obligations hereunder shall require the prior written consent of Vyera, not to be unreasonably withheld or delayed).",AA-2,What is the consent standard?,"Absolute ban, or consent with no reasonableness limit",UNCERTAIN,,,,LOW,MACHINE_DISAGREEMENT,QWEN3:8B_GEMMA3:12B_TWO_MODEL_CONSENSUS,qwen3:8b,gemma3:12b,700,silver_v5_blind_parallel,
f8bc71e548959f07,development,ASPIRITYHOLDINGSLLC_05_07_2012-EX-10.6-OUTSOURCING AGREEMENT.PDF,1644,Anti-Assignment,"The Contractor shall not assign this Agreement or any of its rights, powers, duties or obligations hereunder without the  express prior written consent of the Company, which shall not be unreasonably withheld.",AA-3,"Are there exceptions for affiliates, M&A, or financing?",None,UNCERTAIN,,,,LOW,MACHINE_DISAGREEMENT,QWEN3:8B_GEMMA3:12B_TWO_MODEL_CONSENSUS,qwen3:8b,gemma3:12b,700,silver_v5_blind_parallel,
835b9fe4d7390d50,development,ArmstrongFlooringInc_20190107_8-K_EX-10.2_11471795_EX-10.2_Intellectual Property Agreement.pdf,2246,Affiliate License-Licensor,"""Arizona Licensed Copyrights"" means all Copyrights owned by Licensing or Seller or their respective Affiliates, as of the Effective Date and used or held for use in the Company Field during the five (5) years prior to the Effective Date (other than the Arizona Assigned Copyrights).<omitted>Subject to the terms and conditions of this Agreement, Arizona hereby grants to the Company a perpetual, non- exclusive, royalty-free license in, to and under the Arizona Licensed Copyrights for use in the Company Field throughout the world.",AFFLR-1,Is the affiliate that owns or controls the licensed IP clearly identified or its authority established?,No / unclear,UNCERTAIN,,,,LOW,MACHINE_AGREED_UNCERTAIN,QWEN3:8B_GEMMA3:12B_TWO_MODEL_CONSENSUS,qwen3:8b,gemma3:12b,700,silver_v5_blind_parallel,
25bb5a7fe57b6f3c,development,ArmstrongFlooringInc_20190107_8-K_EX-10.2_11471795_EX-10.2_Intellectual Property Agreement.pdf,2248,Affiliate License-Licensor,"""Company Licensed Copyrights"" means all Copyrights and registrations and applications for any of the foregoing owned by any Company Entity as of the Effective Date and used or held for use in the Arizona Field as of the Effective Date.<omitted>Subject to the terms and conditions of this Agreement, the Company hereby grants to Seller a perpetual, non- exclusive, royalty-free license in, to and under the Company Licensed Copyrights for use in the Arizona Field throughout the world.",AFFLR-2,Does the agreement clearly connect the affiliate-owned IP to the granted license and applicable obligations?,No / unclear,UNCERTAIN,,,,LOW,MACHINE_DISAGREEMENT,QWEN3:8B_GEMMA3:12B_TWO_MODEL_CONSENSUS,qwen3:8b,gemma3:12b,700,silver_v5_blind_parallel,
833471616ae41aa5,development,ArmstrongFlooringInc_20190107_8-K_EX-10.2_11471795_EX-10.2_Intellectual Property Agreement.pdf,2247,Affiliate License-Licensor,"""Company Licensed Know-How"" means all Know-How owned by any Company Entity as of the Effective Date and used or held for use in the Arizona Field as of the Effective Date.<omitted>Subject to the terms and conditions of this Agreement, the Company hereby grants to Seller a perpetual, non- exclusive, royalty-free license in, to and under the Company Licensed Know-How for use in the Arizona Field throughout the world.",AFFLR-3,Is there a material continuity or enforcement gap if the affiliate is not a party to the main agreement?,Yes / possible,NO,,,,HIGH,MACHINE_AGREED,QWEN3:8B_GEMMA3:12B_TWO_MODEL_CONSENSUS,qwen3:8b,gemma3:12b,700,silver_v5_blind_parallel,
70628c0423640e4a,development,"PHREESIA,INC_05_28_2019-EX-10.18-STRATEGIC ALLIANCE AGREEMENT.PDF",2146,Affiliate License-Licensee,"Subject to the terms and conditions of this Agreement, the Company hereby grants to Allscripts and its Affiliates a non-exclusive, royalty- free, irrevocable [***] non-transferable (except in accordance with Section 28.4), sublicensable (through multiple levels of sublicensees), fully paid- up right and license under all of the Company's Intellectual Property to use the Company's brands, trademarks, product and service names, logos and slogans (the ""Company Marks""), throughout the Territory, solely in connection with the marketing, selling, or provision of the Installed Software and the Subscription Software Services and Merchant Processing Services permitted hereunder or to otherwise fulfill the terms of this Agreement.",AFFLS-1,Are the affiliates permitted to use the licensed rights clearly identified or objectively determinable?,No / unclear,UNCERTAIN,,,,LOW,MACHINE_DISAGREEMENT,QWEN3:8B_GEMMA3:12B_TWO_MODEL_CONSENSUS,qwen3:8b,gemma3:12b,700,silver_v5_blind_parallel,
9bf6bd0cb414c4ac,development,TomOnlineInc_20060501_20-F_EX-4.46_749700_EX-4.46_Co-Branding Agreement.pdf,633,Affiliate License-Licensee,"Notwithstanding the foregoing, upon the prior written approval of Skype, which approval may be withheld in its sole discretion, the Company shall be permitted to sublicense its rights hereunder to a wholly-owned Subsidiary, a majority-owned Subsidiary of Tom Holding, or to an unaffiliated third party distributor or reseller, for the same purpose and under the same terms and conditions as the license set forth herein.",AFFLS-2,"Are affiliate use rights bounded by the same field, territory, purpose, duration, and security obligations as the main license?",No / unclear,NO,,,,HIGH,MACHINE_AGREED,QWEN3:8B_GEMMA3:12B_TWO_MODEL_CONSENSUS,qwen3:8b,gemma3:12b,700,silver_v5_blind_parallel,
8d45a442c2c683bf,development,CoherusBiosciencesInc_20200227_10-K_EX-10.29_12021376_EX-10.29_Development Agreement.pdf,369,Affiliate License-Licensee,"Licensee shall be entitled to grant sublicenses under its license pursuant to Section 2.1 to Affiliates only, provided that any sublicense granted by Licensee under this Section 2.1.2 shall be made through a written agreement in the English language and shall be consistent with the terms of this Agreement.",AFFLS-3,Could affiliate use materially expand the commercial scope or exposure without corresponding controls?,Yes,UNCERTAIN,,,,LOW,MACHINE_AGREED_UNCERTAIN,QWEN3:8B_GEMMA3:12B_TWO_MODEL_CONSENSUS,qwen3:8b,gemma3:12b,700,silver_v5_blind_parallel,
d82a18f10e577845,development,"PHREESIA,INC_05_28_2019-EX-10.18-STRATEGIC ALLIANCE AGREEMENT.PDF",2153,Audit Rights,"During the term of this Agreement, [***], each Party will have the right to engage, at its own expense, an independent auditor reasonably acceptable to the other Party to review the other Party's books and records solely for the purpose of confirming the other Party's compliance with its pricing and payment obligations hereunder.",AUD-1,Are audit rights one-sided in a way that creates undue burden or data exposure for the reviewing party?,Yes,NO,,,,HIGH,MACHINE_AGREED,QWEN3:8B_GEMMA3:12B_TWO_MODEL_CONSENSUS,qwen3:8b,gemma3:12b,700,silver_v5_blind_parallel,
72f7ed4464a5a300,development,SANDRIDGEENERGYINC_08_06_2009-EX-10.6-OPERATIONS AND MAINTENANCE AGREEMENT.PDF,25,Audit Rights,The costs of any audit of Owner's books or records shall be borne by Owner.,AUD-2,"Are notice, frequency, and confidentiality protections for audits stated?",No,NO,,,,HIGH,MACHINE_AGREED,QWEN3:8B_GEMMA3:12B_TWO_MODEL_CONSENSUS,qwen3:8b,gemma3:12b,700,silver_v5_blind_parallel,
f682714c1c75e35c,development,CytodynInc_20200109_10-Q_EX-10.5_11941634_EX-10.5_License Agreement.pdf,1471,Covenant Not To Sue,"Neither Vyera, nor any of its Affiliates shall directly or indirectly, challenge, or assist any Third Party to dispute or challenge, in a legal or administrative proceeding the patentability, enforceability or validity of any CytoDyn Patents.",CNTS-1,Does the covenant restrict claims or enforcement rights more broadly than the commercial arrangement requires?,Yes,UNCERTAIN,,,,LOW,MACHINE_DISAGREEMENT,QWEN3:8B_GEMMA3:12B_TWO_MODEL_CONSENSUS,qwen3:8b,gemma3:12b,700,silver_v5_blind_parallel,
85a0634ebacf443a,development,NeoformaInc_19991202_S-1A_EX-10.26_5224521_EX-10.26_Co-Branding Agreement.pdf,859,Covenant Not To Sue,"In addition, Neoforma shall not now or in the future contest the validity of VerticalNet's Intellectual Property.",CNTS-2,"Are the covered claims, parties, duration, and exceptions clearly bounded?",No / unclear,UNCERTAIN,,,,LOW,MACHINE_DISAGREEMENT,QWEN3:8B_GEMMA3:12B_TWO_MODEL_CONSENSUS,qwen3:8b,gemma3:12b,700,silver_v5_blind_parallel,
248886ad546b236c,development,NeoformaInc_19991202_S-1A_EX-10.26_5224521_EX-10.26_Co-Branding Agreement.pdf,858,Covenant Not To Sue,"In addition, VerticalNet shall not now or in the future contest the validity of Neoforma's Intellectual Property",CNTS-3,Is the covenant materially one-sided or broader than any reciprocal protection?,Yes,UNCERTAIN,,,,LOW,MACHINE_DISAGREEMENT,QWEN3:8B_GEMMA3:12B_TWO_MODEL_CONSENSUS,qwen3:8b,gemma3:12b,700,silver_v5_blind_parallel,
6b0bb49f3c479b8e,development,CytodynInc_20200109_10-Q_EX-10.5_11941634_EX-10.5_License Agreement.pdf,1441,Change Of Control,"In the event that Vyera experiences a Change of Control with a Third Party that is actively engaged in the Development, Manufacture or Commercialization of a Competitive Product, then, Vyera shall either: (a) within ninety (90) days after the closing of such Change of Control, enter into a binding written agreement to sell, transfer, assign or divest all of Vyera's and/or its Affiliate's rights in and to such Competitive Product to a non-Affiliate Third Party and consummate such sale, transfer, assignment or divestiture of said rights not later than ninety (90) days following the date of the binding Agreement; or (b) within six (6) months after the closing of such Change of Control, terminate any and all Development, Manufacturing, Commercialization and/or other exploitation of such Competitive Product; or (c) terminate this Agreement in accordance with Section 11.2(c).",COC-1,What happens on a change of control?,Automatic termination or harsh adverse effect,UNCERTAIN,,,,LOW,MACHINE_DISAGREEMENT,QWEN3:8B_GEMMA3:12B_TWO_MODEL_CONSENSUS,qwen3:8b,gemma3:12b,700,silver_v5_blind_parallel,
9dffe91696e6aa9b,development,SANDRIDGEENERGYINC_08_06_2009-EX-10.6-OPERATIONS AND MAINTENANCE AGREEMENT.PDF,19,Change Of Control,Owner may terminate this Agreement at any time upon the occurrence of any of the following:<omitted>(b)   an Operator Change of Control;,COC-2,Is the same corporate event treated inconsistently versus the anti-assignment clause?,Yes,UNCERTAIN,,,,LOW,MACHINE_DISAGREEMENT,QWEN3:8B_GEMMA3:12B_TWO_MODEL_CONSENSUS,qwen3:8b,gemma3:12b,700,silver_v5_blind_parallel,
d9cd67bf7a22c305,development,TomOnlineInc_20060501_20-F_EX-4.46_749700_EX-4.46_Co-Branding Agreement.pdf,611,Competitive Restriction Exception,"In the case of Skype and its Affiliates, the foregoing restrictions shall not apply:

8.2.1 (a) (i) for the avoidance of doubt, to the operations of Skype as existing now or hereafter undertaken with respect to any non co- branded version of the Skype Software distributed by Skype except where those operations provide for distribution in the PRC of the Skype Software in simplified Chinese by a Primarily PRC Based Service Provider, or (ii) the operations of Skype customers and Affiliates under any agreement existing as of the date hereof (e.g., with HGC), or (b) to any agreement now existing or hereafter entered into with an entity that operates in multiple international markets, which may include the PRC, so long as such agreement applies to multiple territories, which may include the PRC in addition to other territories, and does not, directly or indirectly, allow or provide for distribution in the PRC of the Skype Software in simplified Chinese by a Primarily PRC Based Service Provider (other than any service provider formed for the sole purpose of performing such agreement and not operating in the PRC prior to the date of such agreement), or (c) to any (i) Affiliate Program or (ii) any agreement or activity under the Affiliate Program by or with any third party, except in the case where the Affiliate Program, directly or indirectly, allows or provides for distribution in the PRC of the Skype Software in simplified Chinese by a Primarily PRC Based Service Provider (other than any service provider formed for the sole purpose of performing such agreement and not operating in the PRC prior to the date of such agreement); or

8.2.2 with respect to the provisions of Section 8.1.2, during any period following the expiration of the Enterprise Non-Competition Period.",CRE-1,"Are exceptions to exclusivity, non-compete, or similar restrictions clearly defined?",No / unclear,UNCERTAIN,,,,LOW,MACHINE_DISAGREEMENT,QWEN3:8B_GEMMA3:12B_TWO_MODEL_CONSENSUS,qwen3:8b,gemma3:12b,700,silver_v5_blind_parallel,
2cae33ea1af81ef8,development,NeoformaInc_19991202_S-1A_EX-10.26_5224521_EX-10.26_Co-Branding Agreement.pdf,806,Competitive Restriction Exception,"Notwithstanding the foregoing, the provisions of Sections 3.1  [LABORATORY PRODUCTS] through 3.8  [LABORATORY PRODUCTS] shall not apply to any Laboratory Product sold through live (non-virtual) auctions conducted by Neoforma (through Neoforma GAR or otherwise) for which no Product Listing is made; provided, however, that Neoforma shall use commercially reasonable efforts to acquire Product Listings for all such Laboratory Products. If Neoforma receives a set of Product Listings packaged as a ""lot,"" Neoforma shall use commercially reasonable efforts to provide all Laboratory Product Listings contained in such ""lot"" to VerticalNet in accordance with this Agreement.",CRE-2,Do the exceptions materially weaken the protection expected by the reviewing party?,Yes,NO,,,,HIGH,MACHINE_AGREED,QWEN3:8B_GEMMA3:12B_TWO_MODEL_CONSENSUS,qwen3:8b,gemma3:12b,700,silver_v5_blind_parallel,
6e61fe13e39a174a,development,"VAXCYTE,INC_05_22_2020-EX-10.19-SUPPLY AGREEMENT.PDF",1344,Competitive Restriction Exception,"SutroVax agrees to purchase all its requirements of Extract from Sutro in accordance with this Agreement, except to the extent SutroVax is allowed to purchase Extract from (a) Alternate Suppliers engaged by Sutro in accordance with Section 2.15 of this Agreement; (b) a CMO engaged or established and authorized by Sutro under Section 3.l(d) of the License Agreement; or (c) a CMO authorized by Sutro under Section 3.l(e) of the License Agreement. Manufacturing of Extracts in breach of this Section 2.20 shall be deemed a material breach of this Agreement and the License Agreement by SutroVax.",CRE-3,Are the exception triggers consistent with the surrounding restriction clauses?,No / unclear,UNCERTAIN,,,,LOW,MACHINE_DISAGREEMENT,QWEN3:8B_GEMMA3:12B_TWO_MODEL_CONSENSUS,qwen3:8b,gemma3:12b,700,silver_v5_blind_parallel,
5cbebfd92700866b,development,TELKOMSALTD_01_30_2003-EX-10-LICENCE AND MAINTENANCE AGREEMENT.PDF,2013,Source Code Escrow,"TELKOM shall have a non-exclusive, non-transferable LICENCE to USE the   Source Code solely for its own use in order to support and maintain the   SOFTWARE and for no other purpose whatsoever.",ESC-1,Is the licensed software business-critical with no escrow or equivalent continuity path?,Yes,UNCERTAIN,,,,LOW,MACHINE_DISAGREEMENT,QWEN3:8B_GEMMA3:12B_TWO_MODEL_CONSENSUS,qwen3:8b,gemma3:12b,700,silver_v5_blind_parallel,
427e2d9115efdb58,development,TELKOMSALTD_01_30_2003-EX-10-LICENCE AND MAINTENANCE AGREEMENT.PDF,2019,Source Code Escrow,"The Escrow Agreement provides that the Escrow Agent shall,   under certain circumstances, release the Source Code and related   DOCUMENTATION to TELKOM.",ESC-2,"Are release conditions clear (for example bankruptcy, material breach, failure to support)?",No,UNCERTAIN,,,,LOW,MACHINE_DISAGREEMENT,QWEN3:8B_GEMMA3:12B_TWO_MODEL_CONSENSUS,qwen3:8b,gemma3:12b,700,silver_v5_blind_parallel,
ec0b1232987af2af,development,NeoformaInc_19991202_S-1A_EX-10.26_5224521_EX-10.26_Co-Branding Agreement.pdf,814,Exclusivity,"Neoforma hereby grants VerticalNet an exclusive license, even as to Neoforma, to use, modify, enhance, reproduce, display, perform and transmit the Neoforma Laboratory Product Listings, subject to and in accordance with the terms, conditions and provisions of this Agreement, to the extent Neoforma has the right to do so.",EXC-1,Is exclusivity granted without performance obligations or exit rights?,Yes,UNCERTAIN,,,,LOW,MACHINE_DISAGREEMENT,QWEN3:8B_GEMMA3:12B_TWO_MODEL_CONSENSUS,qwen3:8b,gemma3:12b,700,silver_v5_blind_parallel,
856020b83407874f,development,NeoformaInc_19991202_S-1A_EX-10.26_5224521_EX-10.26_Co-Branding Agreement.pdf,819,Exclusivity,"Within 30 days after the Effective Date, VerticalNet shall provide a copy of all VerticalNet Medical Product Listings for Used and Excess Medical Products existing as of the Effective Date to Neoforma for use on Neoforma Plan, Neoforma Shop and Neoforma Auction on an exclusive basis (even as to VerticalNet), to the extent VerticalNet has the right to do so.",EXC-2,Do exceptions hollow out the exclusivity or make it one-sided against the reviewing party?,Yes,NO,,,,HIGH,MACHINE_AGREED,QWEN3:8B_GEMMA3:12B_TWO_MODEL_CONSENSUS,qwen3:8b,gemma3:12b,700,silver_v5_blind_parallel,
c113f9c3c03fad69,development,ASPIRITYHOLDINGSLLC_05_07_2012-EX-10.6-OUTSOURCING AGREEMENT.PDF,1639,Governing Law,"This Agreement shall be governed by and construed in accordance with the laws of the State of  Minnesota, without regard to conflict of law principles.",GOV-1,Is governing law stated?,No,UNCERTAIN,,,,LOW,MACHINE_DISAGREEMENT,QWEN3:8B_GEMMA3:12B_TWO_MODEL_CONSENSUS,qwen3:8b,gemma3:12b,700,silver_v5_blind_parallel,
c1e2301af9c3e0b6,development,BravatekSolutionsInc_20170418_8-K_EX-10.1_10205739_EX-10.1_Reseller Agreement.pdf,173,Governing Law,This Agreement shall be governed by and construed under the laws of the Commonwealth of Virginia without regard to the conflicts of law provisions thereof.,GOV-2,Is the forum or dispute mechanism consistent with the governing law?,Missing or inconsistent,UNCERTAIN,,,,LOW,MACHINE_DISAGREEMENT,QWEN3:8B_GEMMA3:12B_TWO_MODEL_CONSENSUS,qwen3:8b,gemma3:12b,700,silver_v5_blind_parallel,
47a0baca0f685f8a,development,"VAXCYTE,INC_05_22_2020-EX-10.19-SUPPLY AGREEMENT.PDF",1361,Insurance,"Each Party shall procure and maintain insurance, including clinical trials and product liability insurance, adequate to cover its obligations hereunder and consistent with normal business practices of prudent companies similarly situated at all times during which any Product or Vaccine Compositions is being clinically tested in human subjects or commercially distributed or sold by such Party.",INS-1,Are insurance requirements stated where the activity creates material risk?,No,UNCERTAIN,,,,LOW,MACHINE_DISAGREEMENT,QWEN3:8B_GEMMA3:12B_TWO_MODEL_CONSENSUS,qwen3:8b,gemma3:12b,700,silver_v5_blind_parallel,
fc101a8543b8bf2e,development,TELKOMSALTD_01_30_2003-EX-10-LICENCE AND MAINTENANCE AGREEMENT.PDF,2028,Insurance,Motor Vehicle Liability Insurance in respect of all motor vehicles brought onto the   premises of TELKOM.,INS-2,Are required limits aligned with residual liability exposure?,Limits far below exposure,UNCERTAIN,,,,LOW,MACHINE_DISAGREEMENT,QWEN3:8B_GEMMA3:12B_TWO_MODEL_CONSENSUS,qwen3:8b,gemma3:12b,700,silver_v5_blind_parallel,
07d013dc74a13054,development,CytodynInc_20200109_10-Q_EX-10.5_11941634_EX-10.5_License Agreement.pdf,1452,Ip Ownership Assignment,"CytoDyn will be the sole owner of all trade dress, logos, slogans, designs and copyrights specifically created by or on behalf of Vyera or used by Vyera on or in connection with the Licensed Products in the Territory.",IP-1,Who owns newly created or deliverable IP?,"Vendor owns IP the customer paid to create, without clear license-back",NO,,,,HIGH,MACHINE_AGREED,QWEN3:8B_GEMMA3:12B_TWO_MODEL_CONSENSUS,qwen3:8b,gemma3:12b,700,silver_v5_blind_parallel,
ec33f13b773995c7,development,ASPIRITYHOLDINGSLLC_05_07_2012-EX-10.6-OUTSOURCING AGREEMENT.PDF,1647,Ip Ownership Assignment,"Any and all web pages used by Contractor in connection with the Offering (the ""Web Pages""), and all  associated Proprietary Rights, shall be owned exclusively by the Company.",IP-2,Is assignment language present-tense (for example 'hereby assigns') rather than only future ('will assign')?,Future-tense only,UNCERTAIN,,,,LOW,MACHINE_DISAGREEMENT,QWEN3:8B_GEMMA3:12B_TWO_MODEL_CONSENSUS,qwen3:8b,gemma3:12b,700,silver_v5_blind_parallel,
25120290b435c13e,development,CytodynInc_20200109_10-Q_EX-10.5_11941634_EX-10.5_License Agreement.pdf,1450,Ip Ownership Assignment,"Vyera will, upon reasonable request of CytoDyn, and at CytoDyn's expense, execute or cause to be executed, any assignments, filings, applications or other documents that CytoDyn may require to evidence its rights in the Inventions.",IP-3,Does the clause assign the customer's pre-existing IP or data to the vendor?,Yes,UNCERTAIN,,,,LOW,MACHINE_DISAGREEMENT,QWEN3:8B_GEMMA3:12B_TWO_MODEL_CONSENSUS,qwen3:8b,gemma3:12b,700,silver_v5_blind_parallel,
077daed8898fc39f,development,INTERNATIONALFASTFOODCORP_04_04_1997-EX-99-FRANCHISE AGREEMENT.PDF,1398,Ip Ownership Assignment,The Franchisee hereby assigns to BKC such rights (if any) as the  Franchisee  may hereafter  acquire in any of the Burger King Marks or the Burger King System and shall execute such documents and do  such  acts  at the  cost  of BKC as may be  necessary  to  perfect  such assignment.,IP-4,Is each party's background IP clearly retained?,No,UNCERTAIN,,,,LOW,MACHINE_DISAGREEMENT,QWEN3:8B_GEMMA3:12B_TWO_MODEL_CONSENSUS,qwen3:8b,gemma3:12b,700,silver_v5_blind_parallel,
a62226151c060af3,development,CoherusBiosciencesInc_20200227_10-K_EX-10.29_12021376_EX-10.29_Development Agreement.pdf,371,Irrevocable Or Perpetual License,"For those countries where a specific license is required for a joint owner of a Joint Invention or Joint Improvement to practice such Joint Invention or Joint Improvement, in such country, each Party hereby grants to the other Party a perpetual, irrevocable, non-exclusive, worldwide, royalty-free, fully paid-up license, transferable and sublicensable, under such Party's right, title and interest in and to such Joint Invention or Joint Improvement to freely exploit such Joint Invention or Joint Improvement in such country, subject to the terms and conditions of this Agreement and the licenses granted hereunder.",IPL-1,Is the license described as irrevocable or perpetual?,Present — then check IPL-2 and IPL-3,YES,Irrevocable Or Perpetual License,HIGH,"perpetual, irrevocable",HIGH,MACHINE_AGREED,QWEN3:8B_GEMMA3:12B_TWO_MODEL_CONSENSUS,qwen3:8b,gemma3:12b,700,silver_v5_blind_parallel,
8ad1a4e6ddcc8105,development,CoherusBiosciencesInc_20200227_10-K_EX-10.29_12021376_EX-10.29_Development Agreement.pdf,371,Irrevocable Or Perpetual License,"For those countries where a specific license is required for a joint owner of a Joint Invention or Joint Improvement to practice such Joint Invention or Joint Improvement, in such country, each Party hereby grants to the other Party a perpetual, irrevocable, non-exclusive, worldwide, royalty-free, fully paid-up license, transferable and sublicensable, under such Party's right, title and interest in and to such Joint Invention or Joint Improvement to freely exploit such Joint Invention or Joint Improvement in such country, subject to the terms and conditions of this Agreement and the licenses granted hereunder.",IPL-2,Can the supplier still terminate the license for convenience or minor breach?,Yes,UNCERTAIN,,,,LOW,MACHINE_DISAGREEMENT,QWEN3:8B_GEMMA3:12B_TWO_MODEL_CONSENSUS,qwen3:8b,gemma3:12b,700,silver_v5_blind_parallel,
8b2923e46977f313,development,"PHREESIA,INC_05_28_2019-EX-10.18-STRATEGIC ALLIANCE AGREEMENT.PDF",2149,Irrevocable Or Perpetual License,"Subject to the terms and conditions of this Agreement, the Company hereby grants to Allscripts and its Affiliates a non-exclusive, royalty- free, irrevocable [***] non-transferable (except in accordance with Section 28.4), sublicensable (through multiple levels of sublicensees), fully paid- up right and license under all of the Company's Intellectual Property to use the Company's brands, trademarks, product and service names, logos and slogans (the ""Company Marks""), throughout the Territory, solely in connection with the marketing, selling, or provision of the Installed Software and the Subscription Software Services and Merchant Processing Services permitted hereunder or to otherwise fulfill the terms of this Agreement. [***].",IPL-3,Did the reviewing party grant an irrevocable or perpetual license it did not intend?,Yes,UNCERTAIN,,,,LOW,MACHINE_DISAGREEMENT,QWEN3:8B_GEMMA3:12B_TWO_MODEL_CONSENSUS,qwen3:8b,gemma3:12b,700,silver_v5_blind_parallel,
0d9c5c33332a98ba,development,CoherusBiosciencesInc_20200227_10-K_EX-10.29_12021376_EX-10.29_Development Agreement.pdf,362,Joint Ip Ownership,"For those countries where a specific license is required for a joint owner of a Joint Invention or Joint Improvement to practice such Joint Invention or Joint Improvement, in such country, each Party hereby grants to the other Party a perpetual, irrevocable, non-exclusive, worldwide, royalty-free, fully paid-up license, transferable and sublicensable, under such Party's right, title and interest in and to such Joint Invention or Joint Improvement to freely exploit such Joint Invention or Joint Improvement in such country, subject to the terms and conditions of this Agreement and the licenses granted hereunder.",JIPO-1,Are ownership shares or ownership rights for jointly created IP clearly defined?,No / unclear,NO,,,,HIGH,MACHINE_AGREED,QWEN3:8B_GEMMA3:12B_TWO_MODEL_CONSENSUS,qwen3:8b,gemma3:12b,700,silver_v5_blind_parallel,
3cf4eb1c34819d1e,development,2ThemartComInc_19990826_10-12G_EX-10.10_6700288_EX-10.10_Co-Branding Agreement_ Agency Agreement.pdf,1203,Joint Ip Ownership,"Notwithstanding the foregoing, to the extent that the Domain Name is deemed a combination mark, neither party shall use the Domain Name for any purpose except as expressly provided herein or attempt to register the Domain Name, and the parties will jointly cooperate on any enforcement action of infringement of the Domain Name.",JIPO-2,"Are licensing, exploitation, enforcement, registration, and cost responsibilities for joint IP addressed?",No / unclear,NO,,,,HIGH,MACHINE_AGREED,QWEN3:8B_GEMMA3:12B_TWO_MODEL_CONSENSUS,qwen3:8b,gemma3:12b,700,silver_v5_blind_parallel,
a916cea996d84457,development,CoherusBiosciencesInc_20200227_10-K_EX-10.29_12021376_EX-10.29_Development Agreement.pdf,363,Joint Ip Ownership,"As between the Parties, the Parties shall jointly own all Inventions (including Improvements) developed, conceived or reduced to practice jointly by or on behalf of both Bioeq and Licensee (such Inventions, Joint Inventions, and such Improvements, Joint Improvements), and all Intellectual Property Rights and Know-How therein.",JIPO-3,"Are exit, termination, or dispute consequences for jointly owned IP unclear?",Yes / unclear,UNCERTAIN,,,,LOW,MACHINE_AGREED_UNCERTAIN,QWEN3:8B_GEMMA3:12B_TWO_MODEL_CONSENSUS,qwen3:8b,gemma3:12b,700,silver_v5_blind_parallel,
5b85d812d2da2176,development,TEARDROPGOLFCO_10_23_1996-EX-10.12-ENDORSEMENT AGREEMENT.PDF,1514,Liquidated Damages,"In addition, TPC agrees that Consolidated Artists shall be entitled to the Retainer Fee prorated to the effective date of termination as well any Tournament Bonuses, Money List Bonuses and any Royalty Compensation earned by Consolidated Artists prior to the effective date of termination.",LD-1,Does the amount appear to be a reasonable pre-estimate of loss rather than a penalty?,Looks punitive or arbitrary,UNCERTAIN,,,,LOW,MACHINE_DISAGREEMENT,QWEN3:8B_GEMMA3:12B_TWO_MODEL_CONSENSUS,qwen3:8b,gemma3:12b,700,silver_v5_blind_parallel,
512f3426321e5481,development,BLACKSTONEGSOLONG-SHORTCREDITINCOMEFUND_05_11_2020-EX-99.(K)(1)-SERVICE AGREEMENT.PDF,2118,Liquidated Damages,"In addition to the payments required in this section, if this Agreement is terminated by Client for any reason other than pursuant to Section 2 or Section 11(a) above or by Agent pursuant to Section 11(b) above, then Client shall pay a termination fee, due and payable to Agent on or before the effective date of such termination, calculated as follows: (i) if the termination occurs prior to the first anniversary of the commencement date of the current term (the ""Commencement Date""), then the termination fee shall equal twelve (12) times the average monthly invoice charged to Client by Agent hereunder, (ii) if the termination occurs on or after the first anniversary of the Commencement Date but prior to the second anniversary of the Commencement Date, then the termination fee shall equal nine (9) times the average monthly invoice charged to Client by Agent hereunder, and (iii) if the termination occurs on or after the second anniversary of the Commencement Date, then the termination fee shall equal six (6) times the average monthly invoice charged to Client by Agent hereunder.",LD-2,Is the relationship between liquidated damages and the liability cap stated?,Silent or conflicting,NO,,,,HIGH,MACHINE_AGREED,QWEN3:8B_GEMMA3:12B_TWO_MODEL_CONSENSUS,qwen3:8b,gemma3:12b,700,silver_v5_blind_parallel,
b9853ccc8b57760d,development,FulucaiProductionsLtd_20131223_10-Q_EX-10.9_8368347_EX-10.9_Content License Agreement.pdf,1138,License Grant,"""Licensed Rights"" to ConvergTV and ConvergTV Channels and/or Distribution Outlets x All, including but not limited to: xSimultaneous Internet Streaming x OTT Television x Internet Protocol Television x Radio, short wave, microwave, fiber optic x Alternative, secondary and specialty distribution x Stored as VOD, Content Distribution Networks/Company Servers x Full Television Broadcast Rights: x Free: Terrestrial, Cable, Satellite x Pay: Terrestrial, Cable, Satellite x Direct Satellite IP Distribution Systems",LIC-1,"Are field, territory, and purpose of the license clear?",Unclear or missing,NO,,,,HIGH,MACHINE_AGREED,QWEN3:8B_GEMMA3:12B_TWO_MODEL_CONSENSUS,qwen3:8b,gemma3:12b,700,silver_v5_blind_parallel,
9af26b645056bab8,development,FreezeTagInc_20180411_8-K_EX-10.1_11139603_EX-10.1_Sponsorship Agreement.pdf,1541,License Grant,"Any display of Association Mark must be accompanied by one of the following relationship statements: a. ""Freeze Tag is a national sponsor of Get Fit Don't Sit DayTM, a wellness engagement day of American Diabetes Association®"" b. ""Freeze Tag is a national sponsor of American Diabetes Association®""",LIC-2,Is the license broader than the commercial deal requires?,Yes,NO,,,,HIGH,MACHINE_AGREED,QWEN3:8B_GEMMA3:12B_TWO_MODEL_CONSENSUS,qwen3:8b,gemma3:12b,700,silver_v5_blind_parallel,
bad76b41781ae4d1,development,NeoformaInc_19991202_S-1A_EX-10.26_5224521_EX-10.26_Co-Branding Agreement.pdf,845,License Grant,"VerticalNet hereby grants to Neoforma a non-exclusive, non-transferable, royalty-free, right and license to link to the VerticalNet Sites through a VerticalNet Link.",LIC-3,Are sublicense or affiliate rights missing when the deal needs them?,Yes,UNCERTAIN,,,,LOW,MACHINE_DISAGREEMENT,QWEN3:8B_GEMMA3:12B_TWO_MODEL_CONSENSUS,qwen3:8b,gemma3:12b,700,silver_v5_blind_parallel,
e20065c57c910c87,development,"PHREESIA,INC_05_28_2019-EX-10.18-STRATEGIC ALLIANCE AGREEMENT.PDF",2165,Cap On Liability,"The Company's obligations to provide defense and indemnity pursuant to this Section 22 will be reduced to the extent that the Claim or Loss was caused by (a) the Indemnified Person's creation of modifications to the Installed Software, Subscription Software Services, Developer App, Merchant Processing Services, Documentation, Company Marketing Materials, or Services, unless such modifications (i) were authorized in writing by the Company or were otherwise directed in writing or caused by the Indemnifying Party or (ii) were contemplated and permitted as a feature of any of the Installed Software or Subscription Software Services or Merchant Processing Services, and in each case solely to the extent such Claim would not have occurred but for such modifications; (b) the Indemnified Person's failure to use updates or corrections made available by the Indemnifying Party, but solely to the extent such Claim would not have occurred if such updates or corrections had been used; or (c) the operation of Allscripts' products or services or the combination or use of the Installed Software, Developer App, Subscription Software Services or Merchant Processing Services or Services in conjunction with Allscripts' products or services (unless directed in writing or caused by the Company), if such Claim would not have arisen but for such combination or use, and except to the extent arising from any combination performed by or on behalf of the Company in connection with the Services.",LOL-1,Is there no express monetary or fee-based liability cap?,Yes,UNCERTAIN,,,,LOW,MACHINE_DISAGREEMENT,QWEN3:8B_GEMMA3:12B_TWO_MODEL_CONSENSUS,qwen3:8b,gemma3:12b,700,silver_v5_blind_parallel,
87b1612e7923d96a,development,CytodynInc_20200109_10-Q_EX-10.5_11941634_EX-10.5_License Agreement.pdf,1466,Cap On Liability,"EXCEPT FOR A PARTY'S OBLIGATIONS SET FORTH IN THIS ARTICLE 13, AND ANY BREACH OF ARTICLE 10 (CONFIDENTIALITY), IN NO EVENT WILL EITHER PARTY BE LIABLE TO THE OTHER PARTY (OR THE OTHER PARTY'S AFFILIATES OR SUBLICENSEES) IN CONNECTION WITH THIS AGREEMENT FOR LOST REVENUE, LOST PROFITS, LOST ROYALTIES, LOST SAVINGS, LOSS OF USE, DAMAGE TO GOODWILL, OR ANY CONSEQUENTIAL, INCIDENTAL, SPECIAL, EXEMPLARY, PUNITIVE OR INDIRECT DAMAGES IN CONNECTION WITH THIS AGREEMENT, HOWEVER CAUSED, UNDER ANY THEORY OF LIABILITY, INCLUDING CONTRACT, NEGLIGENCE, OR STRICT LIABILITY, EVEN IF THAT PARTY HAS BEEN PLACED ON NOTICE OF THE POSSIBILITY OF SUCH DAMAGES.",LOL-2,Is the cap mutual?,One-sided protecting only the counterparty,UNCERTAIN,,,,LOW,MACHINE_DISAGREEMENT,QWEN3:8B_GEMMA3:12B_TWO_MODEL_CONSENSUS,qwen3:8b,gemma3:12b,700,silver_v5_blind_parallel,
1cf18b65b46566b4,development,CytodynInc_20200109_10-Q_EX-10.5_11941634_EX-10.5_License Agreement.pdf,1465,Cap On Liability,"FOR CLARITY AND NOTWITHSTANDING THE PROVISIONS OF THE FIRST SENTENCE OF THIS SECTION 13.5, ROYALTIES AND MILESTONES PAYABLE TO CYTODYN IN CONNECTION WITH VYERA'S COMMERCIALIZATION OF LICENSED PRODUCTS IN ACCORDANCE WITH THE TERMS OF THIS AGREEMENT COULD CONSTITUTE DIRECT DAMAGES TO THE EXTENT AWARDED IN ACCORDANCE WITH ARTICLE 12.",LOL-3,Is the liability cap nominal or very low relative to deal value or exposure?,Yes,UNCERTAIN,,,,LOW,MACHINE_DISAGREEMENT,QWEN3:8B_GEMMA3:12B_TWO_MODEL_CONSENSUS,qwen3:8b,gemma3:12b,700,silver_v5_blind_parallel,
cd0ca573ce2db114,development,BLACKSTONEGSOLONG-SHORTCREDITINCOMEFUND_05_11_2020-EX-99.(K)(1)-SERVICE AGREEMENT.PDF,2117,Cap On Liability,Any liability of Agent will be limited in the aggregate to an amount equal to twenty four (24) times the monthly administrative fee to be paid by Client as set forth in Exhibit B hereto.,LOL-4,"Are high-risk heads missing from the liability-cap carve-outs (for example IP, confidentiality/data, fraud, willful misconduct, gross negligence)?",Yes,UNCERTAIN,,,,LOW,MACHINE_DISAGREEMENT,QWEN3:8B_GEMMA3:12B_TWO_MODEL_CONSENSUS,qwen3:8b,gemma3:12b,700,silver_v5_blind_parallel,
dff261dbcefbffff,development,TELKOMSALTD_01_30_2003-EX-10-LICENCE AND MAINTENANCE AGREEMENT.PDF,2023,Cap On Liability,"SAP AFRICA, SAP AG and their licensors, shall not be liable for any claims,   liabilities and costs, including attorneys fees, reasonably incurred in the defence   of any claim (other than for the infringement of intellectual property rights   specified in clause 10. 3 above), arising out of TELKOM'S unauthorised use of the   SOFTWARE, DOCUMENTATION, THIRD-PARTY DATABASE and SAP   AFRICA PROPRIETARY INFORMATION, licensed under this AGREEMENT   provided that SAP AFRICA promptly notifies TELKOM in writing of such claim   and that TELKOM is permitted to control fully the defence and any settlement of   such claim.",LOL-5,Is the exclusion of consequential or indirect damages one-sided against the reviewing party?,Yes,NO,,,,HIGH,MACHINE_AGREED,QWEN3:8B_GEMMA3:12B_TWO_MODEL_CONSENSUS,qwen3:8b,gemma3:12b,700,silver_v5_blind_parallel,
0e76c57963ddabad,development,TomOnlineInc_20060501_20-F_EX-4.46_749700_EX-4.46_Co-Branding Agreement.pdf,610,Most Favored Nation,"The Company will, and Online BVI will cause the Company to, use its commercially reasonable efforts to make available and promote the Online Group's existing payment processing and customer billing and payment gateway methods for the purchase of Skype premium features by Company-Skype Branded Customers, including, without limitation, prepaid card distribution networks, vouchers and mobile payment methods, provided, that all payment processing and customer billing and payment gateway charges for such payment methods are on terms that are as or more favourable than the most favourable pricing and terms for such services otherwise provided at the applicable time by any member of the Online Group, and provided further that such pricing and terms have first been mutually approved in writing by the Parties.",MFN-1,"Is MFN scope (price, terms, customers, territory) clear?",Unclear,UNCERTAIN,,,,LOW,MACHINE_AGREED_UNCERTAIN,QWEN3:8B_GEMMA3:12B_TWO_MODEL_CONSENSUS,qwen3:8b,gemma3:12b,700,silver_v5_blind_parallel,
95b53e480e7bdedf,development,TomOnlineInc_20060501_20-F_EX-4.46_749700_EX-4.46_Co-Branding Agreement.pdf,610,Most Favored Nation,"The Company will, and Online BVI will cause the Company to, use its commercially reasonable efforts to make available and promote the Online Group's existing payment processing and customer billing and payment gateway methods for the purchase of Skype premium features by Company-Skype Branded Customers, including, without limitation, prepaid card distribution networks, vouchers and mobile payment methods, provided, that all payment processing and customer billing and payment gateway charges for such payment methods are on terms that are as or more favourable than the most favourable pricing and terms for such services otherwise provided at the applicable time by any member of the Online Group, and provided further that such pricing and terms have first been mutually approved in writing by the Parties.",MFN-2,Does MFN conflict with other price or discount restrictions in the contract?,Yes,NO,,,,HIGH,MACHINE_AGREED,QWEN3:8B_GEMMA3:12B_TWO_MODEL_CONSENSUS,qwen3:8b,gemma3:12b,700,silver_v5_blind_parallel,
ea864d6d31f5272c,development,INTERNATIONALFASTFOODCORP_04_04_1997-EX-99-FRANCHISE AGREEMENT.PDF,1395,Minimum Commitment,A representative of BKC who shall make not less than two (2) one day visits to Poland  per annum to provide  the  Franchisee  with any  requested reasonable  operations or marketing  guidance and advice.,MIN-1,Is there a minimum purchase or take-or-pay obligation?,Yes — check relief terms,NO,,,,HIGH,MACHINE_AGREED,QWEN3:8B_GEMMA3:12B_TWO_MODEL_CONSENSUS,qwen3:8b,gemma3:12b,700,silver_v5_blind_parallel,
ae84ed07aba6ccff,development,"VAXCYTE,INC_05_22_2020-EX-10.19-SUPPLY AGREEMENT.PDF",1349,Minimum Commitment,"Sutro shall allocate its available Components and manufacturing capacity to provide SutroVax with quantities of such Product at least equal to the greater of (a) [***] of the amount of Product (or products equivalent to Product) that Sutro allocates for itself and its Affiliates (but in no event less than [***] liters of Extract per month and the minimum allocation volume set out in Schedule 1 of each Custom Reagent per month), provided that SutroVax demonstrates actual need for the applicable quantities of Extract, and (b) the [***].",MIN-2,Is there relief if goods or services are not delivered or are unusable?,No,UNCERTAIN,,,,LOW,MACHINE_DISAGREEMENT,QWEN3:8B_GEMMA3:12B_TWO_MODEL_CONSENSUS,qwen3:8b,gemma3:12b,700,silver_v5_blind_parallel,
b3705040dfa8d7cd,development,INTERNATIONALFASTFOODCORP_04_04_1997-EX-99-FRANCHISE AGREEMENT.PDF,1375,Non-Compete,"Neither the  Principals  nor the  Franchisee  shall directly or indirectly  (through  stock  ownership,  partnership,  trust,  joint venture,  management  contract,  or otherwise)  (a) have any interest in another ""Fast Food Hamburger Restaurant"" during the term of this Agreement, or (b) for a period of one ye ar after termination or expiration of this Agreement,  have any interest in another Fast Food  Hamburger  Restaurant  business at or within such distance of the Location as is stated  SCHEDULE 1.",NC-1,"Are scope, geography, and duration reasonable?",Over-broad or excessively long,UNCERTAIN,,,,LOW,MACHINE_AGREED_UNCERTAIN,QWEN3:8B_GEMMA3:12B_TWO_MODEL_CONSENSUS,qwen3:8b,gemma3:12b,700,silver_v5_blind_parallel,
1eb777043ae4c7f1,development,NeoformaInc_19991202_S-1A_EX-10.26_5224521_EX-10.26_Co-Branding Agreement.pdf,810,Non-Compete,VerticalNet shall not enter into any agreement with a Neoforma Competitor for the on-line listing of Medical Products or place any Link to the Site of a Neoforma Competitor on the VerticalNet Medical Online Communities.,NC-2,Is there a meaningful exception or carve-out for ordinary business?,No,NO,,,,HIGH,MACHINE_AGREED,QWEN3:8B_GEMMA3:12B_TWO_MODEL_CONSENSUS,qwen3:8b,gemma3:12b,700,silver_v5_blind_parallel,
728f1ef83ccbcba9,development,ArmstrongFlooringInc_20190107_8-K_EX-10.2_11471795_EX-10.2_Intellectual Property Agreement.pdf,2228,Non-Disparagement,The Company shall not tarnish or bring into disrepute the reputation of or goodwill associated with the Seller Licensed Trademarks or Arizona.,NDS-1,Is the non-disparagement restriction materially broader than needed for the transaction?,Yes,UNCERTAIN,,,,LOW,MACHINE_DISAGREEMENT,QWEN3:8B_GEMMA3:12B_TWO_MODEL_CONSENSUS,qwen3:8b,gemma3:12b,700,silver_v5_blind_parallel,
58eda087a642f7d6,development,INTERNATIONALFASTFOODCORP_04_04_1997-EX-99-FRANCHISE AGREEMENT.PDF,1377,Non-Disparagement,"The Franchisee  will not directly or indirectly,  at any time during the term of this Agreement or thereafter,  do or cause to be done any act or thing  disputing,  attacking or in any way impairing the validity of and BKC's right,  title or interest in the Burger King Marks and the Burger King System.",NDS-2,"Is the restriction mutual and subject to appropriate legal, regulatory, or truthful-reporting exceptions?",No / unclear,UNCERTAIN,,,,LOW,MACHINE_DISAGREEMENT,QWEN3:8B_GEMMA3:12B_TWO_MODEL_CONSENSUS,qwen3:8b,gemma3:12b,700,silver_v5_blind_parallel,
cd8fabb1c3c1cb3f,development,ArmstrongFlooringInc_20190107_8-K_EX-10.2_11471795_EX-10.2_Intellectual Property Agreement.pdf,2228,Non-Disparagement,The Company shall not tarnish or bring into disrepute the reputation of or goodwill associated with the Seller Licensed Trademarks or Arizona.,NDS-3,Is the duration or covered audience unclear or unusually extensive?,Yes / unclear,UNCERTAIN,,,,LOW,MACHINE_DISAGREEMENT,QWEN3:8B_GEMMA3:12B_TWO_MODEL_CONSENSUS,qwen3:8b,gemma3:12b,700,silver_v5_blind_parallel,
137aa2e578d28bd0,development,2ThemartComInc_19990826_10-12G_EX-10.10_6700288_EX-10.10_Co-Branding Agreement_ Agency Agreement.pdf,1195,Notice Period To Terminate Renewal,"In the event that either party does not give such notice, the term of this Agreement shall be automatically renewed for another one (1) year.",NOT-1,Is a notice period to prevent renewal stated?,No,UNCERTAIN,,,,LOW,MACHINE_DISAGREEMENT,QWEN3:8B_GEMMA3:12B_TWO_MODEL_CONSENSUS,qwen3:8b,gemma3:12b,700,silver_v5_blind_parallel,
ceab4ec123713839,development,BLACKSTONEGSOLONG-SHORTCREDITINCOMEFUND_05_11_2020-EX-99.(K)(1)-SERVICE AGREEMENT.PDF,2113,Notice Period To Terminate Renewal,"Unless either party gives written notice of termination of this Agreement at least 60 days prior to the end of the Initial Term, or any successive three-year term, this Agreement shall automatically renew for successive additional three-year terms; provided, however, that this Agreement shall automatically terminate upon the dissolution of the client.",NOT-2,Can the deadline be calculated clearly from the renewal or term dates?,No,UNCERTAIN,,,,LOW,MACHINE_DISAGREEMENT,QWEN3:8B_GEMMA3:12B_TWO_MODEL_CONSENSUS,qwen3:8b,gemma3:12b,700,silver_v5_blind_parallel,
76e5d4f69388c52d,development,CENTRACKINTERNATIONALINC_10_29_1999-EX-10.3-WEB SITE HOSTING AGREEMENT.PDF,2474,Notice Period To Terminate Renewal,"This Agreement shall automatically be renewed for one (1) or more one (1) month periods unless either the Customer or i-on gives notice to the other party of its intention not to renew the<omitted>Agreement, which notice must be given not less than fifteen (15) days before the end of the respective initial or renewal term.",NOT-3,Does the notice window fall inside the current term in a workable way?,No,NO,,,,HIGH,MACHINE_AGREED,QWEN3:8B_GEMMA3:12B_TWO_MODEL_CONSENSUS,qwen3:8b,gemma3:12b,700,silver_v5_blind_parallel,
a36a126fe3175814,development,INTERNATIONALFASTFOODCORP_04_04_1997-EX-99-FRANCHISE AGREEMENT.PDF,1376,No-Solicit Of Employees,"The Franchisee will not attempt,  directly or  indirectly,  to entice or induce any employee of BKC or of an  Affiliate  of BKC or of  another  franchisee  of BKC to leave such employment,  nor to employ such employee  within six (6) months after his or her termination  of  employment  with such  employer,  except with the prior written consent of such employer.",NS-1,Is non-solicit so broad it functions as a non-compete?,Yes,UNCERTAIN,,,,LOW,MACHINE_DISAGREEMENT,QWEN3:8B_GEMMA3:12B_TWO_MODEL_CONSENSUS,qwen3:8b,gemma3:12b,700,silver_v5_blind_parallel,
33f5bb1d0093d5d8,development,CoherusBiosciencesInc_20200227_10-K_EX-10.29_12021376_EX-10.29_Development Agreement.pdf,344,No-Solicit Of Employees,"Each Party agrees that, during the [***] ([***]) [***] period starting from the Effective Date, such Party will not, directly or indirectly, solicit for employment any employee of the other Party or its Affiliates or otherwise induce or attempt to induce such employees to terminate their employment with such other Party or such other Party's Affiliates; provided, however, that general public solicitations and advertisements not directed at employees of the other Party, and the extension of offers to persons who respond to such general solicitations and advertisements, will not be deemed violations of this provision.",NS-2,Are duration and covered persons reasonable?,No,NO,,,,HIGH,MACHINE_AGREED,QWEN3:8B_GEMMA3:12B_TWO_MODEL_CONSENSUS,qwen3:8b,gemma3:12b,700,silver_v5_blind_parallel,
abd744c031be80aa,development,TomOnlineInc_20060501_20-F_EX-4.46_749700_EX-4.46_Co-Branding Agreement.pdf,628,Non-Transferable License,"Subject to the terms and conditions of this Agreement, Online BVI hereby grants to Skype and the Company a limited, non-exclusive, non-sublicensable (except as set forth herein), non-transferable, non-assignable (except as provided in Section 14.4), royalty- free (but subject to the provisions of Section 5), license during the Term to use, market, provide access to, promote, reproduce and display the Online BVI Intellectual Property solely as incorporated in, and for the development of and for transmission pursuant to this Agreement of the Company-Skype Branded Application, the Company-Skype Branded Content and the Company-Skype Branded Web Site.",NTL-1,"Does the license prohibit transfer, assignment, or sublicense in a way that could block the intended operational use?",Yes,UNCERTAIN,,,,LOW,MACHINE_DISAGREEMENT,QWEN3:8B_GEMMA3:12B_TWO_MODEL_CONSENSUS,qwen3:8b,gemma3:12b,700,silver_v5_blind_parallel,
d5dd29f801b473d3,development,TomOnlineInc_20060501_20-F_EX-4.46_749700_EX-4.46_Co-Branding Agreement.pdf,630,Non-Transferable License,"Except as provided herein, no member of the Online Group or the Group may in any manner (i) modify the Skype Software, Skype Toolbar, Company-Skype Toolbar and/or Company-Skype Branded Application or any Improvement thereof; (ii) distribute, sell, transfer, encumber, sublicense, rent, loan, lend or lease the Skype Software and/or the Skype Toolbar, and/or any component thereof to any third party; or",NTL-2,"Are affiliate, merger, acquisition, financing, or other necessary transfer exceptions absent?",Yes,UNCERTAIN,,,,LOW,MACHINE_DISAGREEMENT,QWEN3:8B_GEMMA3:12B_TWO_MODEL_CONSENSUS,qwen3:8b,gemma3:12b,700,silver_v5_blind_parallel,
42913325db6ad533,development,TomOnlineInc_20060501_20-F_EX-4.46_749700_EX-4.46_Co-Branding Agreement.pdf,629,Non-Transferable License,"Skype hereby grants to Online BVI and the Company a limited, non-exclusive, non-sublicensable (except as set forth herein), non-transferable, non-assignable (except as provided in Section 14.4), royalty-free (but subject to the provisions of Section 5), license during the Term to use, market, provide access to, promote, reproduce and display the Skype Intellectual Property solely (i) as incorporated in the Company-Skype Branded Application and/or the Company-Skype Toolbar, and (ii) as incorporated in, for the development of, and for transmission pursuant to this Agreement of, the Company-Skype Branded Content and the Company-Skype Branded Web Site, in each case for the sole purposes (unless otherwise mutually agreed by the Parties) of promoting and distributing, pursuant to this Agreement, the Company-Skype Branded Application, the Company-Skype Toolbar, the Company-Skype Branded Content and the Company-Skype Branded Web Site in the Territory; (a) provided, that it is understood that the Company-Skype Branded Customers will have the right under the EULA to use the Company- Skype Branded Application and the Company-Skype Toolbar and will have the right to access the Company-Skype Branded Content, the Company-Skype Branded Web Site and the Online BVI Web Site through the Internet and to otherwise receive support from the Company anywhere in the world, and that the Company shall be permitted to provide access to and reproduce and display the Skype Intellectual Property through the Internet anywhere in the world, and (b) provided further, that Online BVI and the Company shall ensure that no Company-Skype Branded Customer (or potential Company-Skype Branded Customer) shall be permitted to access, using the Company-Skype Branded Application or the Company-Skype Toolbar or through the Company-Skype Branded Web Site, any Skype premium features requiring payment by the Company-Skype Branded Customer (or potential Company-Skype Branded Customer), including, but not limited to, SkypeIn, SkypeOut, or Skype Plus, unless such Company-Skype Branded Customer (or potential Company-Skype Branded Customer) uses the payment methods made available by the Company pursuant to Section 2.5 for the purchase of such premium features.",NTL-3,Do transfer restrictions conflict with the anti-assignment or change-of-control provisions?,Yes / inconsistent,UNCERTAIN,,,,LOW,MACHINE_AGREED_UNCERTAIN,QWEN3:8B_GEMMA3:12B_TWO_MODEL_CONSENSUS,qwen3:8b,gemma3:12b,700,silver_v5_blind_parallel,
3595884bf0ec329a,development,INTERNATIONALFASTFOODCORP_04_04_1997-EX-99-FRANCHISE AGREEMENT.PDF,1401,Post-Termination Services,"Upon termination or expiration of this  Agreement,  if the  parties  do not enter  into a  successor  Franchise Agreement  whereby the Franchisee  shall continue to be a franchisee and operate the  Franchised  Restaurant at the Location,  BKC or its designee shall have the option subject to obtaining any necessary governmental consent:

                        (a)  To  purchase  the   Location   and/or  any  related equipment at fair market value, if the  Franchisee,  any of the Principals or an affiliate of the Franchisee owns the Location and/or related equipment.

                        (b) If the Location is leased by the Franchisee,  any of the  Principals  or an affiliate  of the  Franchisee,  subject to obtaining  any necessary  landlord's consent, to obtain an assignment of the leasehold interest at a price equal to the fair market value of the leasehold interest.",PTS-1,Is transition or post-termination assistance required where continuity matters?,No,NO,,,,HIGH,MACHINE_AGREED,QWEN3:8B_GEMMA3:12B_TWO_MODEL_CONSENSUS,qwen3:8b,gemma3:12b,700,silver_v5_blind_parallel,
386eee4ec19d1859,development,BravatekSolutionsInc_20170418_8-K_EX-10.1_10205739_EX-10.1_Reseller Agreement.pdf,178,Post-Termination Services,"During the Term hereof and for a period of six (6) months following the termination of this Agreement or the discontinuation of any of the Company Products, (i) the Reseller shall have the exclusive right to commission for any Registered Referrals, (ii) the Company shall not market, promote, sell, or distribute Company Products or solicit or procure orders for the Company Products, or for any product(s) or service(s) similar to the Company Products, in the Territory other than through the Reseller and pursuant to this Agreement, except with the prior written consent of the Reseller, and (iii) without limitation to the foregoing, the Company shall not, directly or through other parties (whether agents, representatives, intermediaries, resellers or other parties), market, promote, sell, distribute, solicit or procure orders to any existing or prospective customer of the Reseller.",PTS-2,"Are duration, fees, and data-return terms for post-termination services clear?",No,NO,,,,HIGH,MACHINE_AGREED,QWEN3:8B_GEMMA3:12B_TWO_MODEL_CONSENSUS,qwen3:8b,gemma3:12b,700,silver_v5_blind_parallel,
d7a7672b601fcb74,development,2ThemartComInc_19990826_10-12G_EX-10.10_6700288_EX-10.10_Co-Branding Agreement_ Agency Agreement.pdf,1194,Renewal Term,A party wishing to renew this Agreement shall give the other party notice thereof no less than thirty (30) days before the expiration of the term then in effect.,REN-1,Is renewal automatic or evergreen?,Yes — then require workable non-renewal notice,UNCERTAIN,,,,LOW,MACHINE_DISAGREEMENT,QWEN3:8B_GEMMA3:12B_TWO_MODEL_CONSENSUS,qwen3:8b,gemma3:12b,700,silver_v5_blind_parallel,
71062e79094feabd,development,CoherusBiosciencesInc_20200227_10-K_EX-10.29_12021376_EX-10.29_Development Agreement.pdf,336,Renewal Term,"Except as otherwise specified in this Agreement, the Parties' respective rights and obligations under this Agreement shall commence on the Effective Date and shall remain in full force for ten (10) years after the First Commercial Sale of the first Licensed Product, and shall thereafter automatically renew for an unlimited period of time unless otherwise terminated in accordance with Section 15.2.",REN-2,Is the non-renewal notice period stated and calculable from the renewal date?,No,NO,,,,HIGH,MACHINE_AGREED,QWEN3:8B_GEMMA3:12B_TWO_MODEL_CONSENSUS,qwen3:8b,gemma3:12b,700,silver_v5_blind_parallel,
345f5c92107b421e,development,TomOnlineInc_20060501_20-F_EX-4.46_749700_EX-4.46_Co-Branding Agreement.pdf,607,Renewal Term,"This Agreement shall automatically continue following the Initial Term, for an additional period of three (3) years, unless a party to this Agreement provides written notice of termination to the other parties at least sixty (60) days prior to the expiration of the Initial Term or this Agreement (""Extended Term"" and, with the Initial Term, ""Term"").",REN-3,Is the notice window so early that non-renewal is impractical?,Yes,UNCERTAIN,,,,LOW,MACHINE_DISAGREEMENT,QWEN3:8B_GEMMA3:12B_TWO_MODEL_CONSENSUS,qwen3:8b,gemma3:12b,700,silver_v5_blind_parallel,
1dd57b50303e3555,development,INTERNATIONALFASTFOODCORP_04_04_1997-EX-99-FRANCHISE AGREEMENT.PDF,1387,Rofr/Rofo/Rofn,Silence on the part of BKC shall constitute  rejection.,ROFR-1,"Is the trigger for the right of first refusal, offer, or negotiation clearly defined?",No / unclear,UNCERTAIN,,,,LOW,MACHINE_DISAGREEMENT,QWEN3:8B_GEMMA3:12B_TWO_MODEL_CONSENSUS,qwen3:8b,gemma3:12b,700,silver_v5_blind_parallel,
48ce71d22f71ddc2,development,INTERNATIONALFASTFOODCORP_04_04_1997-EX-99-FRANCHISE AGREEMENT.PDF,1386,Rofr/Rofo/Rofn,BKC or its designee shall then have the prior option to purchase the interests  covered by the  offer  at the  price  and  upon the  same  terms  of the  offer.,ROFR-2,"Are notice, response, matching, negotiation, and expiry periods objectively calculable?",No / unclear,UNCERTAIN,,,,LOW,MACHINE_DISAGREEMENT,QWEN3:8B_GEMMA3:12B_TWO_MODEL_CONSENSUS,qwen3:8b,gemma3:12b,700,silver_v5_blind_parallel,
538a80a423d08469,development,INTERNATIONALFASTFOODCORP_04_04_1997-EX-99-FRANCHISE AGREEMENT.PDF,1382,Rofr/Rofo/Rofn,"If the proposed sale includes assets of  Franchisee  not related to the  operation of  franchised  Burger King Restaurants,  BKC may, at its option,  elect to purchase only the assets related to the operation of franchised Burger King Restaurants and an equitable purchase price shall be  allocated to each asset  included in the  proposed  sale.",ROFR-3,"Can the right materially constrain a transaction, sale, or third-party deal without a clear process?",Yes / unclear,UNCERTAIN,,,,LOW,MACHINE_DISAGREEMENT,QWEN3:8B_GEMMA3:12B_TWO_MODEL_CONSENSUS,qwen3:8b,gemma3:12b,700,silver_v5_blind_parallel,
f6049cc65ca007a0,development,2ThemartComInc_19990826_10-12G_EX-10.10_6700288_EX-10.10_Co-Branding Agreement_ Agency Agreement.pdf,1202,Revenue/Profit Sharing,This advertising fees shall consist of a per Transaction Inquiry amount calculated by multiplying 0.025% by the amount of the average Transaction from all Customers in the preceding quarter.,RPS-1,"Are the revenue, profit, net sales, or other sharing bases defined sufficiently to calculate the amount owed?",No / unclear,UNCERTAIN,,,,LOW,MACHINE_DISAGREEMENT,QWEN3:8B_GEMMA3:12B_TWO_MODEL_CONSENSUS,qwen3:8b,gemma3:12b,700,silver_v5_blind_parallel,
854a210452e02158,development,NeoformaInc_19991202_S-1A_EX-10.26_5224521_EX-10.26_Co-Branding Agreement.pdf,829,Revenue/Profit Sharing,VerticalNet will pay Neoforma [*] of the Training and Education Gross Margin.,RPS-2,"Are deductions, credits, refunds, taxes, timing, and payment mechanics clearly specified?",No / unclear,NO,,,,HIGH,MACHINE_AGREED,QWEN3:8B_GEMMA3:12B_TWO_MODEL_CONSENSUS,qwen3:8b,gemma3:12b,700,silver_v5_blind_parallel,
c36dec73bc1d31f3,development,CoherusBiosciencesInc_20200227_10-K_EX-10.29_12021376_EX-10.29_Development Agreement.pdf,353,Revenue/Profit Sharing,"The license granted by Licensee pursuant to Section 9.2.2 shall be extended to also include the Development, Manufacture, sale, import or other Commercialization of Licensed Products in the Field in the Territory, and, unless this Agreement is terminated by Bioeq pursuant to pursuant to Sections 15.2.1, 15.2.2, 15.2.3, 15.2.4, 15.2.8 or 15.2.9, or by Licensee pursuant to Section 15.2.5 (in [***]), such license shall thereafter be royalty-bearing on Bioeq on Net Sales (applied mutatis mutandis as if Bioeq were Licensee, and additionally applying to sales by sublicensees of Bioeq) by Bioeq, its Affiliates, and its sublicensees of Licensed Products in the Field in the Territory which have [***] Licensee Improvement, at [***].",RPS-3,"Are reporting, audit, record-retention, and dispute mechanisms for the shared amounts addressed?",No / unclear,UNCERTAIN,,,,LOW,MACHINE_DISAGREEMENT,QWEN3:8B_GEMMA3:12B_TWO_MODEL_CONSENSUS,qwen3:8b,gemma3:12b,700,silver_v5_blind_parallel,
2d4ae7690deb3560,locked_test,"Columbia Laboratories, (Bermuda) Ltd. - AMEND NO. 2 TO MANUFACTURING AND SUPPLY AGREEMENT.PDF",1159,Anti-Assignment,"Notwithstanding the foregoing, it shall not be deemed unreasonable for Columbia to withhold consent, to any proposed or attempted assignment (including by merger or sale) by Fleet to a party which is not an Affiliate, if Columbia is not reasonably satisfied that the assignee possesses the management, finances, personnel, capabilities and facilities to perform fully the obligations of Fleet hereunder.",AA-1,Is assignment restricted?,Yes — evaluate consent standard,UNCERTAIN,,,,LOW,MACHINE_AGREED_BUT_EVIDENCE_INVALID,QWEN3:8B_GEMMA3:12B_TWO_MODEL_CONSENSUS,qwen3:8b,gemma3:12b,700,silver_v5_blind_parallel,
42e38517b52d561b,locked_test,PACIFICSYSTEMSCONTROLTECHNOLOGYINC_08_24_2000-EX-10.53-SPONSORSHIP AGREEMENT.PDF,8,Anti-Assignment,"7)      All covenants, promises and agreements by or on behalf of the parties contained in this Agreement shall be binding upon and shall inure to the benefit of the successors and assigns of the  parties; but nothing in this Agreement, expressed or implied is intended to confer on any party the right to assign its rights or  obligations hereunder.",AA-2,What is the consent standard?,"Absolute ban, or consent with no reasonableness limit",UNCERTAIN,,,,LOW,MACHINE_DISAGREEMENT,QWEN3:8B_GEMMA3:12B_TWO_MODEL_CONSENSUS,qwen3:8b,gemma3:12b,700,silver_v5_blind_parallel,
8bd245051e80586e,locked_test,SFGFINANCIALCORP_05_12_2009-EX-10.1-SOFTWARE LICENSE AND MAINTENANCE AGREEMENT.PDF,1318,Anti-Assignment,"Licensee may not assign this Agreement or assign, sublicense and/or transfer in any manner its license rights hereunder in  whole or in part without Licensor's prior written consent.",AA-3,"Are there exceptions for affiliates, M&A, or financing?",None,NO,,,,HIGH,MACHINE_AGREED,QWEN3:8B_GEMMA3:12B_TWO_MODEL_CONSENSUS,qwen3:8b,gemma3:12b,700,silver_v5_blind_parallel,
7e3d912869728cb1,locked_test,RareElementResourcesLtd_20171019_SC 13D_EX-99.4_10897534_EX-99.4_Intellectual Property Agreement.pdf,776,Affiliate License-Licensee,"Such rights to Investor Improvements shall be solely for use by the Company and its Affiliates and shall not be transferable to any Third Party, except in connection with a merger, consolidation, or the sale or transfer of substantially all of Company's assets associated with performance under this IP Agreement.",AFFLS-1,Are the affiliates permitted to use the licensed rights clearly identified or objectively determinable?,No / unclear,UNCERTAIN,,,,LOW,MACHINE_DISAGREEMENT,QWEN3:8B_GEMMA3:12B_TWO_MODEL_CONSENSUS,qwen3:8b,gemma3:12b,700,silver_v5_blind_parallel,
ef3929280766593a,locked_test,RareElementResourcesLtd_20171019_SC 13D_EX-99.4_10897534_EX-99.4_Intellectual Property Agreement.pdf,775,Affiliate License-Licensee,"Company grants to Investor, for the duration of the Option Period, a worldwide, royalty-free, non-exclusive, irrevocable license (with the right to grant sublicenses to Affiliates) under the Patents to practice the methods therein described and claimed and to make and have made, use, offer to sell, sell and import products made using such methods, and to make Improvements, and to engage in any activity which would give rise to a claim of infringement (direct or indirect or otherwise) of one or more of the Patents in the absence of a license.",AFFLS-2,"Are affiliate use rights bounded by the same field, territory, purpose, duration, and security obligations as the main license?",No / unclear,UNCERTAIN,,,,LOW,MACHINE_DISAGREEMENT,QWEN3:8B_GEMMA3:12B_TWO_MODEL_CONSENSUS,qwen3:8b,gemma3:12b,700,silver_v5_blind_parallel,
7292f9ac2ab479c9,locked_test,RareElementResourcesLtd_20171019_SC 13D_EX-99.4_10897534_EX-99.4_Intellectual Property Agreement.pdf,776,Affiliate License-Licensee,"Such rights to Investor Improvements shall be solely for use by the Company and its Affiliates and shall not be transferable to any Third Party, except in connection with a merger, consolidation, or the sale or transfer of substantially all of Company's assets associated with performance under this IP Agreement.",AFFLS-3,Could affiliate use materially expand the commercial scope or exposure without corresponding controls?,Yes,NO,,,,HIGH,MACHINE_AGREED,QWEN3:8B_GEMMA3:12B_TWO_MODEL_CONSENSUS,qwen3:8b,gemma3:12b,700,silver_v5_blind_parallel,
d4dce97756ab5d50,locked_test,VerizonAbsLlc_20200123_8-K_EX-10.4_11952335_EX-10.4_Service Agreement.pdf,1121,Audit Rights,Any access or review will be conducted at the Custodian's offices during normal business hours at a time reasonably convenient to the Custodian in a manner that will minimize disruption of its business operations.,AUD-1,Are audit rights one-sided in a way that creates undue burden or data exposure for the reviewing party?,Yes,UNCERTAIN,,,,LOW,MACHINE_DISAGREEMENT,QWEN3:8B_GEMMA3:12B_TWO_MODEL_CONSENSUS,qwen3:8b,gemma3:12b,700,silver_v5_blind_parallel,
fab3d2dcbd27d912,locked_test,SFGFINANCIALCORP_05_12_2009-EX-10.1-SOFTWARE LICENSE AND MAINTENANCE AGREEMENT.PDF,1328,Audit Rights,Any  such audit shall be permitted by Licensee within 30 days of Licensee's receipt of a written request of Licensor.,AUD-2,"Are notice, frequency, and confidentiality protections for audits stated?",No,NO,,,,HIGH,MACHINE_AGREED,QWEN3:8B_GEMMA3:12B_TWO_MODEL_CONSENSUS,qwen3:8b,gemma3:12b,700,silver_v5_blind_parallel,
a3a478bb16c8b793,locked_test,HYDRONTECHNOLOGIESINC_03_31_1997-EX-10.47-SPONSORSHIP AGREEMENT.PDF,1068,Covenant Not To Sue,"The Dolphins and Hydron further agree that they will not at any time do or cause to be done any act or thing, directly or indirectly, which contests or in any way impairs or tends to impair any part of the right, title and interest of the other in its Marks; and the Dolphins and Hydron shall not, in any manner, represent that it has any ownership interest in the other's Marks or the registrations therefor.",CNTS-1,Does the covenant restrict claims or enforcement rights more broadly than the commercial arrangement requires?,Yes,UNCERTAIN,,,,LOW,MACHINE_DISAGREEMENT,QWEN3:8B_GEMMA3:12B_TWO_MODEL_CONSENSUS,qwen3:8b,gemma3:12b,700,silver_v5_blind_parallel,
e88d687751276c8e,locked_test,KINGPHARMACEUTICALSINC_08_09_2006-EX-10.1-PROMOTION AGREEMENT.PDF,2444,Covenant Not To Sue,"King acknowledges and agrees that it shall not acquire and shall not claim any title to the Depomed Trademarks adverse to Depomed by virtue of the rights granted under this Agreement or through King's use of the Depomed Trademarks, it being the intention of the parties that all goodwill and improved reputation generated by King and use of the Depomed Trademarks shall inure to the benefit of Depomed.",CNTS-2,"Are the covered claims, parties, duration, and exceptions clearly bounded?",No / unclear,UNCERTAIN,,,,LOW,MACHINE_DISAGREEMENT,QWEN3:8B_GEMMA3:12B_TWO_MODEL_CONSENSUS,qwen3:8b,gemma3:12b,700,silver_v5_blind_parallel,
854bf007485de809,locked_test,HYDRONTECHNOLOGIESINC_03_31_1997-EX-10.47-SPONSORSHIP AGREEMENT.PDF,1068,Covenant Not To Sue,"The Dolphins and Hydron further agree that they will not at any time do or cause to be done any act or thing, directly or indirectly, which contests or in any way impairs or tends to impair any part of the right, title and interest of the other in its Marks; and the Dolphins and Hydron shall not, in any manner, represent that it has any ownership interest in the other's Marks or the registrations therefor.",CNTS-3,Is the covenant materially one-sided or broader than any reciprocal protection?,Yes,NO,,,,HIGH,MACHINE_AGREED,QWEN3:8B_GEMMA3:12B_TWO_MODEL_CONSENSUS,qwen3:8b,gemma3:12b,700,silver_v5_blind_parallel,
e9c0224e4a3f75bc,locked_test,XpresspaGroupInc_20190401_10-K_EX-10.28_11599457_EX-10.28_Marketing Agreement.pdf,2052,Change Of Control,"Subject to the foregoing, this Agreement shall be binding upon and inure to the benefit of the Parties hereto and their respective permitted successors and assigns; provided, however, Calm may, without the prior written consent of XSPA, assign or otherwise transfer its rights and obligations to an affiliate of Calm or the acquirer of all or substantially all of the assets of Calm; provided, however, that the prior written consent of XSPA shall be required in connection with the assignment to an acquirer of all or substantially all of the assets of Calm if such acquirer's primary business is an airport-based provider of spa services.",COC-1,What happens on a change of control?,Automatic termination or harsh adverse effect,NO,,,,HIGH,MACHINE_AGREED,QWEN3:8B_GEMMA3:12B_TWO_MODEL_CONSENSUS,qwen3:8b,gemma3:12b,700,silver_v5_blind_parallel,
56bcfc20717141d5,locked_test,RandWorldwideInc_20010402_8-KA_EX-10.2_2102464_EX-10.2_Co-Branding Agreement.pdf,433,Change Of Control,"In the event there is a change of Control of an Affiliate which terminates its status as an Affiliate of the party to this Agreement, and this Agreement has been assigned to such an Affiliate, this Agreement must be assigned back to the party within 6 months of the effective date of the change of Control.",COC-2,Is the same corporate event treated inconsistently versus the anti-assignment clause?,Yes,UNCERTAIN,,,,LOW,MACHINE_DISAGREEMENT,QWEN3:8B_GEMMA3:12B_TWO_MODEL_CONSENSUS,qwen3:8b,gemma3:12b,700,silver_v5_blind_parallel,
28095249fb740fcc,locked_test,"Loop Industries, Inc. - Marketing Agreement.PDF",1250,Competitive Restriction Exception,"Joint Venture Company shall not, and shall cause each SPV and each of their Affiliates not to, directly or indirectly, market or sell any Loop-branded Products or any Products produced using Licensed Subject Matter to any person or entity except to Authorized Customers pursuant to a Transferred Contract (the ""Marketing and Sale Restriction""); provided that if at any time during the term of this Agreement, Loop has delivered Proposed Contract Notices that result in Transferred Contracts having binding purchase and supply obligations for less than [***] of the then existing actual production capacity of a Licensed Facility (taking into account Joint Venture Company's reasonable forecasts based on customer requirements, seasonal variations, and other factors) in the subsequent three months (the ""[***]""), Joint Venture Company may market and solicit orders for Licensed Products produced in such Licensed Facility directly to customers and potential customers and enter into supply contracts for the sale of Loop-branded Products or any Products produced using Licensed Subject Matter produced in such Licensed Facility with customers without being restricted by the Marketing and Sale Restriction.",CRE-1,"Are exceptions to exclusivity, non-compete, or similar restrictions clearly defined?",No / unclear,UNCERTAIN,,,,LOW,MACHINE_DISAGREEMENT,QWEN3:8B_GEMMA3:12B_TWO_MODEL_CONSENSUS,qwen3:8b,gemma3:12b,700,silver_v5_blind_parallel,
4592663cb39b74be,locked_test,AURASYSTEMSINC_06_16_2010-EX-10.25-STRATEGIC ALLIANCE AGREEMENT.PDF,2532,Competitive Restriction Exception,"In the event that Zanotti fails to secure purchases









  amounting to the Minimum Order for any particular period, the exclusive supplier rights granted pursuant to this Article 2 shall become non- exclusive commencing immediately following such period in which the Minimum Order was not achieved and Aura shall have full discretion to  purchase or otherwise obtain Product from sources other than Zanotti.",CRE-2,Do the exceptions materially weaken the protection expected by the reviewing party?,Yes,UNCERTAIN,,,,LOW,MACHINE_DISAGREEMENT,QWEN3:8B_GEMMA3:12B_TWO_MODEL_CONSENSUS,qwen3:8b,gemma3:12b,700,silver_v5_blind_parallel,
0373fa83bbc94ccd,locked_test,MOELIS&CO_03_24_2014-EX-10.19-STRATEGIC ALLIANCE AGREEMENT.PDF,465,Competitive Restriction Exception,"Notwithstanding the foregoing, this provision shall not prevent any party from soliciting or otherwise contacting any Client (i) for any purpose other than working on or obtaining an assignment on Covered Businesses involving Japanese Companies in Covered Regions where all principal parties involved are located within Covered Regions or (ii) with whom such party (or its employees or consultants) has had a pre-existing relationship, including, but not limited to, a pre-existing contractual or business relationship, prior to the Introduction of such Client in connection with an assignment covered by this Agreement.",CRE-3,Are the exception triggers consistent with the surrounding restriction clauses?,No / unclear,UNCERTAIN,,,,LOW,MACHINE_AGREED_UNCERTAIN,QWEN3:8B_GEMMA3:12B_TWO_MODEL_CONSENSUS,qwen3:8b,gemma3:12b,700,silver_v5_blind_parallel,
d19ef6c173419edb,locked_test,CHANGEPOINTCORP_03_08_2000-EX-10.6-LICENSE AND HOSTING AGREEMENT.PDF,107,Source Code Escrow,"Corio          shall bear all fees, expenses and other charges to open and maintain          such escrow account.",ESC-1,Is the licensed software business-critical with no escrow or equivalent continuity path?,Yes,UNCERTAIN,,,,LOW,MACHINE_DISAGREEMENT,QWEN3:8B_GEMMA3:12B_TWO_MODEL_CONSENSUS,qwen3:8b,gemma3:12b,700,silver_v5_blind_parallel,
c1213e3b2dd073ae,locked_test,CHANGEPOINTCORP_03_08_2000-EX-10.6-LICENSE AND HOSTING AGREEMENT.PDF,106,Source Code Escrow,This<omitted>source code escrow shall survive any termination or expiration of          this Agreement for the remaining term of any contracts Corio has          with such Customers to continue providing the Corio Services.,ESC-2,"Are release conditions clear (for example bankruptcy, material breach, failure to support)?",No,UNCERTAIN,,,,LOW,MACHINE_DISAGREEMENT,QWEN3:8B_GEMMA3:12B_TWO_MODEL_CONSENSUS,qwen3:8b,gemma3:12b,700,silver_v5_blind_parallel,
f25deba87397d6e4,locked_test,RareElementResourcesLtd_20171019_SC 13D_EX-99.4_10897534_EX-99.4_Intellectual Property Agreement.pdf,758,Exclusivity,"If the Option is exercised before the expiration of the Option Period, the license grants set forth in Articles 3.00 and 3.01 will become exclusive to Investor for a perpetual term, shall not be subject to a licensing fee, the granted licenses in favor of the Investor shall be deemed fully paid-up, and the rights granted to Investor under Articles 3.00 and 3.01 shall include the right to grant sublicenses to Third Parties.",EXC-1,Is exclusivity granted without performance obligations or exit rights?,Yes,YES,Exclusivity without performance obligations or exit rights,HIGH,"If the Option is exercised before the expiration of the Option Period, the license grants set forth in Articles 3.00 and 3.01 will become exclusive to Investor for a perpetual term, shall not be subject to a licensing fee, the granted licenses in favor of the Investor shall be deemed fully paid-up, and the rights granted to Investor under Articles 3.00 and 3.01 shall include the right to grant sublicenses to Third Parties.",HIGH,MACHINE_AGREED,QWEN3:8B_GEMMA3:12B_TWO_MODEL_CONSENSUS,qwen3:8b,gemma3:12b,700,silver_v5_blind_parallel,
875923a042380ada,locked_test,HealthcentralCom_19991108_S-1A_EX-10.27_6623292_EX-10.27_Co-Branding Agreement.pdf,1588,Exclusivity,"If, at any time during the Term of this Agreement, HCI fails to meet the content requirements set out in paragraphs 3(f), (g) and (h), HCI shall no longer be entitled to be the exclusive health content partner in the health section of the Sympatico web site.",EXC-2,Do exceptions hollow out the exclusivity or make it one-sided against the reviewing party?,Yes,YES,Exclusivity,HIGH,HCI shall no longer be entitled to be the exclusive health content partner in the health section of the Sympatico web site,HIGH,MACHINE_AGREED,QWEN3:8B_GEMMA3:12B_TWO_MODEL_CONSENSUS,qwen3:8b,gemma3:12b,700,silver_v5_blind_parallel,
55dc7ad13d45554b,locked_test,DRKOOPCOMINC_04_21_1999-EX-10.28-SPONSORSHIP AGREEMENT.PDF,319,Governing Law,"This Agreement shall be construed and enforced in accordance with the laws of the State of Delaware, but without giving effect to its laws or rules relating to conflicts of laws.",GOV-1,Is governing law stated?,No,NO,,,,HIGH,MACHINE_AGREED,QWEN3:8B_GEMMA3:12B_TWO_MODEL_CONSENSUS,qwen3:8b,gemma3:12b,700,silver_v5_blind_parallel,
646209ea2eae81b5,locked_test,AURASYSTEMSINC_06_16_2010-EX-10.25-STRATEGIC ALLIANCE AGREEMENT.PDF,2527,Governing Law,"This Agreement is deemed made and entered into in the State of California and shall be construed, enforced and performed in  accordance with the laws of the State of California, without reference, to choice of law.",GOV-2,Is the forum or dispute mechanism consistent with the governing law?,Missing or inconsistent,UNCERTAIN,,,,LOW,MACHINE_AGREED_UNCERTAIN,QWEN3:8B_GEMMA3:12B_TWO_MODEL_CONSENSUS,qwen3:8b,gemma3:12b,700,silver_v5_blind_parallel,
0151abb0a758063f,locked_test,"INTERSECTENT,INC_05_11_2020-EX-10.1-SUPPLY AGREEMENT.PDF",2462,Insurance,"During the term of this Agreement and for a period [*] after any expiration or termination of this Agreement, each of INTERSECT and HOVIONE shall maintain in full force and effect a comprehensive general liability insurance policy, including Products Liability coverage, with minimum limits of [*] for bodily injury including death.",INS-1,Are insurance requirements stated where the activity creates material risk?,No,UNCERTAIN,,,,LOW,MACHINE_DISAGREEMENT,QWEN3:8B_GEMMA3:12B_TWO_MODEL_CONSENSUS,qwen3:8b,gemma3:12b,700,silver_v5_blind_parallel,
b38c1dbb9b9ed476,locked_test,XpresspaGroupInc_20190401_10-K_EX-10.28_11599457_EX-10.28_Marketing Agreement.pdf,2078,Insurance,"If any such insurance is on a ""claims made"" basis, XSPA shall maintain coverage thereunder for a period of at least two (2) years following the termination of this Agreement.",INS-2,Are required limits aligned with residual liability exposure?,Limits far below exposure,UNCERTAIN,,,,LOW,MACHINE_DISAGREEMENT,QWEN3:8B_GEMMA3:12B_TWO_MODEL_CONSENSUS,qwen3:8b,gemma3:12b,700,silver_v5_blind_parallel,
e9e5fa77fa11b121,locked_test,"KIROMICBIOPHARMA,INC_04_08_2020-EX-10.28-JOINT VENTURE AGREEMENT.PDF",981,Ip Ownership Assignment,"Kiromic assigns to Molipharma all the rights of publication of the research, unless they are considered confidential for patenting.",IP-1,Who owns newly created or deliverable IP?,"Vendor owns IP the customer paid to create, without clear license-back",NO,,,,HIGH,MACHINE_AGREED,QWEN3:8B_GEMMA3:12B_TWO_MODEL_CONSENSUS,qwen3:8b,gemma3:12b,700,silver_v5_blind_parallel,
b33cfe37ca94c098,locked_test,"KIROMICBIOPHARMA,INC_04_08_2020-EX-10.28-JOINT VENTURE AGREEMENT.PDF",981,Ip Ownership Assignment,"Kiromic assigns to Molipharma all the rights of publication of the research, unless they are considered confidential for patenting.",IP-2,Is assignment language present-tense (for example 'hereby assigns') rather than only future ('will assign')?,Future-tense only,UNCERTAIN,,,,LOW,MACHINE_DISAGREEMENT,QWEN3:8B_GEMMA3:12B_TWO_MODEL_CONSENSUS,qwen3:8b,gemma3:12b,700,silver_v5_blind_parallel,
ab7faefa0069f4a1,locked_test,"PACIRA PHARMACEUTICALS, INC. - A&R STRATEGIC LICENSING, DISTRIBUTION AND MARKETING AGREEMENT .PDF",1743,Ip Ownership Assignment,"Upon termination of this Agreement for any reason except by EKR pursuant to Section 16.1(a), EKR shall promptly transfer the Transferred NDA and related regulatory documentation to PPI in accordance with Section 17.1(e).",IP-3,Does the clause assign the customer's pre-existing IP or data to the vendor?,Yes,NO,,,,HIGH,MACHINE_AGREED,QWEN3:8B_GEMMA3:12B_TWO_MODEL_CONSENSUS,qwen3:8b,gemma3:12b,700,silver_v5_blind_parallel,
7d282658e33c300e,locked_test,"PACIRA PHARMACEUTICALS, INC. - A&R STRATEGIC LICENSING, DISTRIBUTION AND MARKETING AGREEMENT .PDF",1739,Ip Ownership Assignment,"Upon any termination or expiration of this Agreement, EKR shall promptly transfer the Domain Names back to PPI.",IP-4,Is each party's background IP clearly retained?,No,NO,,,,HIGH,MACHINE_AGREED,QWEN3:8B_GEMMA3:12B_TWO_MODEL_CONSENSUS,qwen3:8b,gemma3:12b,700,silver_v5_blind_parallel,
461fc43ff701c636,locked_test,CHANGEPOINTCORP_03_08_2000-EX-10.6-LICENSE AND HOSTING AGREEMENT.PDF,101,Irrevocable Or Perpetual License,"Subject to the terms and conditions of this          Agreement, Changepoint hereby grants to Corio a fee-bearing,          irrevocable, nonexclusive, nontransferable (except in accordance with          Section 14.1 of this Agreement) license in the Territory to (i)          reproduce the Software in machine executable object code format only          for installation on the Corio Servers; (ii) install multiple copies of          the Software on Corio's Servers which will be made remotely accessible          to Corio's Customers for their internal business purposes, (iii) permit          limited access to and use of the Software by Customers through Corio          Servers solely for such Customer's internal business purposes; (iv)          sublicense an unlimited number of Customers to access and use the          Software only through the installation on Corio Servers solely for such          Customer's internal business purposes; and (v) use Changepoint's tools          and utilities, if any, subject to any restrictions placed on the          Changepoint by third party software providers and payment of any          applicable fees required by such third parties, to configure, integrate          and manage the Software.",IPL-1,Is the license described as irrevocable or perpetual?,Present — then check IPL-2 and IPL-3,YES,Irrevocable License,HIGH,irrevocable,HIGH,MACHINE_AGREED,QWEN3:8B_GEMMA3:12B_TWO_MODEL_CONSENSUS,qwen3:8b,gemma3:12b,700,silver_v5_blind_parallel,
84d3e25a723beb9c,locked_test,RareElementResourcesLtd_20171019_SC 13D_EX-99.4_10897534_EX-99.4_Intellectual Property Agreement.pdf,780,Irrevocable Or Perpetual License,"Company further grants to Investor, during the duration of the Option Period, a worldwide, royalty-free, non-exclusive, irrevocable license (with the right to grant sublicenses to Affiliates) to use the Technical Information to practice the methods described and claimed in the Patents and to make and have made, use, offer to sell, sell and import products made using the methods, and to make Improvements, and to engage in any activity which would give rise to a claim of infringement (direct or indirect or otherwise) of one or more of the Patents in the absence of a license.",IPL-2,Can the supplier still terminate the license for convenience or minor breach?,Yes,NO,,,,HIGH,MACHINE_AGREED,QWEN3:8B_GEMMA3:12B_TWO_MODEL_CONSENSUS,qwen3:8b,gemma3:12b,700,silver_v5_blind_parallel,
4eccf633769e0eec,locked_test,"PACIRA PHARMACEUTICALS, INC. - A&R STRATEGIC LICENSING, DISTRIBUTION AND MARKETING AGREEMENT .PDF",1754,Irrevocable Or Perpetual License,"PPI Improvements shall be owned by PPI and be licensed to EKR hereunder. EKR Improvements shall be owned by EKR  and upon termination of this Agreement by PPI pursuant to Section, shall be deemed be licensed to PPI on a worldwide, non-exclusive,  irrevocable basis, at a royalty or for such other consideration as may be mutually agreed upon by the parties in writing.",IPL-3,Did the reviewing party grant an irrevocable or perpetual license it did not intend?,Yes,YES,Unintended License Grant,HIGH,irrevocable,HIGH,MACHINE_AGREED,QWEN3:8B_GEMMA3:12B_TWO_MODEL_CONSENSUS,qwen3:8b,gemma3:12b,700,silver_v5_blind_parallel,
d38e352d2f50dfdc,locked_test,"PACIRA PHARMACEUTICALS, INC. - A&R STRATEGIC LICENSING, DISTRIBUTION AND MARKETING AGREEMENT .PDF",1745,Joint Ip Ownership,"Joint Improvements  shall be owned jointly by the Parties, and PPI's interest therein shall be licensed to EKR hereunder.",JIPO-1,Are ownership shares or ownership rights for jointly created IP clearly defined?,No / unclear,UNCERTAIN,,,,LOW,MACHINE_DISAGREEMENT,QWEN3:8B_GEMMA3:12B_TWO_MODEL_CONSENSUS,qwen3:8b,gemma3:12b,700,silver_v5_blind_parallel,
75c30f103266c7e6,locked_test,RandWorldwideInc_20010402_8-KA_EX-10.2_2102464_EX-10.2_Co-Branding Agreement.pdf,439,Joint Ip Ownership,The parties hereby acknowledge and agree that any and all rights to Know-How developed or shared under this Agreement by either party shall be jointly owned by the parties and may be used by either party in the operation of their respective businesses during and following termination of this Agreement.,JIPO-2,"Are licensing, exploitation, enforcement, registration, and cost responsibilities for joint IP addressed?",No / unclear,UNCERTAIN,,,,LOW,MACHINE_DISAGREEMENT,QWEN3:8B_GEMMA3:12B_TWO_MODEL_CONSENSUS,qwen3:8b,gemma3:12b,700,silver_v5_blind_parallel,
880b5ecdf21555b4,locked_test,"PACIRA PHARMACEUTICALS, INC. - A&R STRATEGIC LICENSING, DISTRIBUTION AND MARKETING AGREEMENT .PDF",1745,Joint Ip Ownership,"Joint Improvements  shall be owned jointly by the Parties, and PPI's interest therein shall be licensed to EKR hereunder.",JIPO-3,"Are exit, termination, or dispute consequences for jointly owned IP unclear?",Yes / unclear,UNCERTAIN,,,,LOW,MACHINE_DISAGREEMENT,QWEN3:8B_GEMMA3:12B_TWO_MODEL_CONSENSUS,qwen3:8b,gemma3:12b,700,silver_v5_blind_parallel,
d9fd77d37ba2cd1d,locked_test,MOSSIMOINC_04_14_2000-EX-10.14-ENDORSEMENT AGREEMENT.PDF,304,Liquidated Damages,Any unearned Additional License Fee is fully                 &bbsp; refundable and due Company no later then January 31st of the                   following year.,LD-1,Does the amount appear to be a reasonable pre-estimate of loss rather than a penalty?,Looks punitive or arbitrary,NO,,,,HIGH,MACHINE_AGREED,QWEN3:8B_GEMMA3:12B_TWO_MODEL_CONSENSUS,qwen3:8b,gemma3:12b,700,silver_v5_blind_parallel,
098bb6d90124209c,locked_test,MOSSIMOINC_04_14_2000-EX-10.14-ENDORSEMENT AGREEMENT.PDF,302,Liquidated Damages,"In the event Duval does not meet                   the Minimum Annual Performance Requirements for a Contract                   Year, $375,000 of the Additional License Fee will be deemed to                   be unearned.",LD-2,Is the relationship between liquidated damages and the liability cap stated?,Silent or conflicting,NO,,,,HIGH,MACHINE_AGREED,QWEN3:8B_GEMMA3:12B_TWO_MODEL_CONSENSUS,qwen3:8b,gemma3:12b,700,silver_v5_blind_parallel,
a324f7dd5d0a0be6,locked_test,BIOCEPTINC_08_19_2013-EX-10-COLLABORATION AGREEMENT.PDF,1005,License Grant,"To the extent that either party owns Intellectual Property Rights to specific biomarkers, targets, kits, dyes or technology utilized in the Assay other than for the capture and detection of CTCs, it will, to the extent it is able, grant during the Term of the Agreement, a non-exclusive license to the other party to practice these Intellectual Property Rights for the Assay.",LIC-1,"Are field, territory, and purpose of the license clear?",Unclear or missing,UNCERTAIN,,,,LOW,MACHINE_DISAGREEMENT,QWEN3:8B_GEMMA3:12B_TWO_MODEL_CONSENSUS,qwen3:8b,gemma3:12b,700,silver_v5_blind_parallel,
19a1b8f0cf4cf7a9,locked_test,KINGPHARMACEUTICALSINC_08_09_2006-EX-10.1-PROMOTION AGREEMENT.PDF,2419,License Grant,"Depomed shall, and does hereby, grant to King a royalty-free license to use and reproduce such materials solely in conjunction with its Promotion of the Product pursuant to this Agreement, which license shall not be assignable or transferable by King, except in accordance with the terms of Section 2.2.",LIC-2,Is the license broader than the commercial deal requires?,Yes,UNCERTAIN,,,,LOW,MACHINE_DISAGREEMENT,QWEN3:8B_GEMMA3:12B_TWO_MODEL_CONSENSUS,qwen3:8b,gemma3:12b,700,silver_v5_blind_parallel,
344a454ec6a0d1df,locked_test,HealthcentralCom_19991108_S-1A_EX-10.27_6623292_EX-10.27_Co-Branding Agreement.pdf,1596,License Grant,"During the Term of this Agreement MLX shall:<omitted>c)   grant to HCI, a non-exclusive and non-transferable right to use MediaLinx      images and certain content contained in the HealthyWay web site (the      ""Sympatico Content"") for the sole purpose of satisfying the requirements of      this Agreement. MediaLinx shall retain all right, title to and interest in      the Sympatico Content;

d)   grant to HCI, to the extent that HCI requires access to MLX logos and      trademarks (collectively ""MLX Marks"") the use of certain MLX Marks as      necessary for the purposes of fulfilling its obligations under this      Agreement.",LIC-3,Are sublicense or affiliate rights missing when the deal needs them?,Yes,UNCERTAIN,,,,LOW,MACHINE_DISAGREEMENT,QWEN3:8B_GEMMA3:12B_TWO_MODEL_CONSENSUS,qwen3:8b,gemma3:12b,700,silver_v5_blind_parallel,
de157f9c89ef0ef7,locked_test,MOELIS&CO_03_24_2014-EX-10.19-STRATEGIC ALLIANCE AGREEMENT.PDF,492,Cap On Liability,"and provided, further, however, that in no event shall the liability for indemnity of any SMBC Unit-Holder under this Section 13.9(b) exceed the dollar amount of the proceeds (net of any underwriting discount or commission or other selling expenses) received by such SMBC Unit-Holder from the sale of the Registrable Securities giving rise to such indemnification.",LOL-1,Is there no express monetary or fee-based liability cap?,Yes,NO,,,,HIGH,MACHINE_AGREED,QWEN3:8B_GEMMA3:12B_TWO_MODEL_CONSENSUS,qwen3:8b,gemma3:12b,700,silver_v5_blind_parallel,
d5440a7229f2d1b5,locked_test,"PACIRA PHARMACEUTICALS, INC. - A&R STRATEGIC LICENSING, DISTRIBUTION AND MARKETING AGREEMENT .PDF",1775,Cap On Liability,"Any and all liability of PPI to EKR howsoever arising in respect of this Agreement, the Transition Services and Inventory Agreement or the Supply Agreement and their performance, in contract tort or otherwise, shall be limited (except for death or  personal injury caused by the negligence of PPI or its employees while acting in the course of their employment) to [**] US Dollars ($[**]);  provided<omitted>however that such limitation shall not apply to the extent that EKR or any EKR Indemnified Party is required to pay in excess of such  amount to a third party in respect of a final judgment or order obtained by the third party or as a result of PPI's breach of Section 7.2.12 of  the Supply Agreement.",LOL-2,Is the cap mutual?,One-sided protecting only the counterparty,UNCERTAIN,,,,LOW,MACHINE_DISAGREEMENT,QWEN3:8B_GEMMA3:12B_TWO_MODEL_CONSENSUS,qwen3:8b,gemma3:12b,700,silver_v5_blind_parallel,
7be2d84cad2ea5f8,locked_test,"PACIRA PHARMACEUTICALS, INC. - A&R STRATEGIC LICENSING, DISTRIBUTION AND MARKETING AGREEMENT .PDF",1777,Cap On Liability,"Any and all liability of EKR to PPI howsoever arising in respect of this Agreement, the Transition Services and Inventory Agreement or the Supply Agreement and their performance in contract tort or otherwise shall be limited (except for death or  personal injury caused by the negligence of EKR or its employees while acting in the course of their employment, and except in relation to  any specified payment, lump sum, milestone or royalty payment unpaid) to [**] US Dollars ($[**]); provided however that such limitation  shall not apply to the extent that PPI or any PPI Indemnified Party is required to pay in excess of such amount to a third party in respect of a  final judgment or order obtained by the third party.",LOL-3,Is the liability cap nominal or very low relative to deal value or exposure?,Yes,UNCERTAIN,,,,LOW,MACHINE_DISAGREEMENT,QWEN3:8B_GEMMA3:12B_TWO_MODEL_CONSENSUS,qwen3:8b,gemma3:12b,700,silver_v5_blind_parallel,
7a0862480a7f8ab4,locked_test,CHANGEPOINTCORP_03_08_2000-EX-10.6-LICENSE AND HOSTING AGREEMENT.PDF,122,Cap On Liability,"Should the Licensed Materials or any of them become, or in Changepoint's sole opinion be likely to become, the subject of a claim of infringement, misappropriation, or violation of an Intellectual Property Right (an ""Infringement Claim"") Changepoint may (i) procure for Customer, at no cost to Customer the right to continue to use the Licensed Materials which are the subject of the Infringement Claim (ii) replace or modify the Licensed Materials or part thereof subject to such Infringement Claim with software or documentation of at least comparable functionality, at no cost to Customer, or (iii) if neither of the forgoing alternatives are reasonably practical in Changepoint's sole judgement, remove the component that is the subject of the Infringement Claim or any or all other parts of the Licensed Materials and refund to Customer the License Fees paid by Customer for the part removed as depreciated on a straight line five (5) year basis from the date of delivery of the part to Customer.<omitted>This Section 6.4 states the entire liability of Changepoint and Customer's sole remedies with respect to any Infringement Claim.",LOL-4,"Are high-risk heads missing from the liability-cap carve-outs (for example IP, confidentiality/data, fraud, willful misconduct, gross negligence)?",Yes,NO,,,,HIGH,MACHINE_AGREED,QWEN3:8B_GEMMA3:12B_TWO_MODEL_CONSENSUS,qwen3:8b,gemma3:12b,700,silver_v5_blind_parallel,
120c140f3b54bccb,locked_test,DOMINIADVISORTRUST_02_18_2005-EX-99.(H)(2)-SPONSORSHIP AGREEMENT.PDF,964,Cap On Liability,Limitation of Liability of the Sponsor.,LOL-5,Is the exclusion of consequential or indirect damages one-sided against the reviewing party?,Yes,UNCERTAIN,,,,LOW,MACHINE_AGREED_UNCERTAIN,QWEN3:8B_GEMMA3:12B_TWO_MODEL_CONSENSUS,qwen3:8b,gemma3:12b,700,silver_v5_blind_parallel,
f47b541aeecec7a9,locked_test,AURASYSTEMSINC_06_16_2010-EX-10.25-STRATEGIC ALLIANCE AGREEMENT.PDF,2529,Most Favored Nation,"During the term of this Agreement, Zanotti agrees that Aura shall be allowed the full benefit of any and all lower prices  and/or any more favorable terms and/or conditions (""MFN"" Terms) contained in any other agreement entered into by Zanotti for the sale of any  product substantially similar to the Product in the same or lesser quantities described in this Agreement to third parties",MFN-1,"Is MFN scope (price, terms, customers, territory) clear?",Unclear,UNCERTAIN,,,,LOW,MACHINE_AGREED_UNCERTAIN,QWEN3:8B_GEMMA3:12B_TWO_MODEL_CONSENSUS,qwen3:8b,gemma3:12b,700,silver_v5_blind_parallel,
3f9aacbbc5b2c84e,locked_test,AURASYSTEMSINC_06_16_2010-EX-10.25-STRATEGIC ALLIANCE AGREEMENT.PDF,2528,Most Favored Nation,"In accordance with Section 3.6 below,  at no time shall any Product price exceed the lowest price for which Zanotti sells such Product (or substantial equivalent thereof) in similar  quantities to any third party.",MFN-2,Does MFN conflict with other price or discount restrictions in the contract?,Yes,UNCERTAIN,,,,LOW,MACHINE_DISAGREEMENT,QWEN3:8B_GEMMA3:12B_TWO_MODEL_CONSENSUS,qwen3:8b,gemma3:12b,700,silver_v5_blind_parallel,
a80f945256ea193e,locked_test,KINGPHARMACEUTICALSINC_08_09_2006-EX-10.1-PROMOTION AGREEMENT.PDF,2409,Minimum Commitment,"If King does not perform, in the aggregate, two times the PDE Minimum in any two consecutive Agreement Quarters, Depomed may demand that King cure such default by (A) [***] and (B) [***], in each case, prior to the end of the next succeeding Agreement Quarter following notice from Depomed.",MIN-1,Is there a minimum purchase or take-or-pay obligation?,Yes — check relief terms,UNCERTAIN,,,,LOW,MACHINE_DISAGREEMENT,QWEN3:8B_GEMMA3:12B_TWO_MODEL_CONSENSUS,qwen3:8b,gemma3:12b,700,silver_v5_blind_parallel,
85023e7ab2c374b5,locked_test,AURASYSTEMSINC_06_16_2010-EX-10.25-STRATEGIC ALLIANCE AGREEMENT.PDF,2543,Minimum Commitment,"In the event that Zanotti fails to secure purchases









  amounting to the Minimum Order for any particular period, the exclusive supplier rights granted pursuant to this Article 2 shall become non- exclusive commencing immediately following such period in which the Minimum Order was not achieved and Aura shall have full discretion to  purchase or otherwise obtain Product from sources other than Zanotti.",MIN-2,Is there relief if goods or services are not delivered or are unusable?,No,UNCERTAIN,,,,LOW,MACHINE_DISAGREEMENT,QWEN3:8B_GEMMA3:12B_TWO_MODEL_CONSENSUS,qwen3:8b,gemma3:12b,700,silver_v5_blind_parallel,
6bd2892bfa1a7fb4,locked_test,"PACIRA PHARMACEUTICALS, INC. - A&R STRATEGIC LICENSING, DISTRIBUTION AND MARKETING AGREEMENT .PDF",1726,Non-Compete,"EKR shall not, during [**], market, distribute or sell a Competing Product in the Territory unless during such time an A/B  rated generic product of the Product(s) is launched in such country of the Territory or in the event this Agreement is terminated or EKR  exercises its rights under Section 17.4 hereof.",NC-1,"Are scope, geography, and duration reasonable?",Over-broad or excessively long,UNCERTAIN,,,,LOW,MACHINE_AGREED_UNCERTAIN,QWEN3:8B_GEMMA3:12B_TWO_MODEL_CONSENSUS,qwen3:8b,gemma3:12b,700,silver_v5_blind_parallel,
81e81e661ea5692e,locked_test,AURASYSTEMSINC_06_16_2010-EX-10.25-STRATEGIC ALLIANCE AGREEMENT.PDF,2533,Non-Compete,"Any such agreement









  reached between Zanotti and Aura regarding such worldwide sales and marketing shall prohibit competition among Zanotti and Aura with regard  to AETRU Systems and shall be memorized in a separate agreement between the Parties.",NC-2,Is there a meaningful exception or carve-out for ordinary business?,No,NO,,,,HIGH,MACHINE_AGREED,QWEN3:8B_GEMMA3:12B_TWO_MODEL_CONSENSUS,qwen3:8b,gemma3:12b,700,silver_v5_blind_parallel,
dad0e3f240a524ca,locked_test,XYBERNAUTCORP_07_12_2002-EX-4-SPONSORSHIP AGREEMENT.PDF,1042,Non-Disparagement,"AJR shall not take any action or suffer any action to occur, whether taken by the Team or others,  which could result in an adverse impact on XC, its Licensed Materials and the goodwill associated  therewith as a result of this Agreement.",NDS-1,Is the non-disparagement restriction materially broader than needed for the transaction?,Yes,UNCERTAIN,,,,LOW,MACHINE_DISAGREEMENT,QWEN3:8B_GEMMA3:12B_TWO_MODEL_CONSENSUS,qwen3:8b,gemma3:12b,700,silver_v5_blind_parallel,
e0c30b589c3051b1,locked_test,XYBERNAUTCORP_07_12_2002-EX-4-SPONSORSHIP AGREEMENT.PDF,1042,Non-Disparagement,"AJR shall not take any action or suffer any action to occur, whether taken by the Team or others,  which could result in an adverse impact on XC, its Licensed Materials and the goodwill associated  therewith as a result of this Agreement.",NDS-2,"Is the restriction mutual and subject to appropriate legal, regulatory, or truthful-reporting exceptions?",No / unclear,NO,,,,HIGH,MACHINE_AGREED,QWEN3:8B_GEMMA3:12B_TWO_MODEL_CONSENSUS,qwen3:8b,gemma3:12b,700,silver_v5_blind_parallel,
59e8481baf36ed8e,locked_test,XYBERNAUTCORP_07_12_2002-EX-4-SPONSORSHIP AGREEMENT.PDF,1042,Non-Disparagement,"AJR shall not take any action or suffer any action to occur, whether taken by the Team or others,  which could result in an adverse impact on XC, its Licensed Materials and the goodwill associated  therewith as a result of this Agreement.",NDS-3,Is the duration or covered audience unclear or unusually extensive?,Yes / unclear,NO,,,,HIGH,MACHINE_AGREED,QWEN3:8B_GEMMA3:12B_TWO_MODEL_CONSENSUS,qwen3:8b,gemma3:12b,700,silver_v5_blind_parallel,
d7ffb39213b17b7a,locked_test,RangeResourcesLouisianaInc_20150417_8-K_EX-10.5_9045501_EX-10.5_Transportation Agreement.pdf,1482,Notice Period To Terminate Renewal,"This Agreement shall commence on the Effective Date and continue in full force and effect until the end of the fifteenth (15th) Contract Year, and shall continue in full force and effect thereafter until terminated by either Party by providing thirty (30) calendar days' prior written notice of termination to the other Party (such fifteen (15) Contract Year period, as may be further extended as provided herein is referred to as the ""Term"").",NOT-1,Is a notice period to prevent renewal stated?,No,NO,,,,HIGH,MACHINE_AGREED,QWEN3:8B_GEMMA3:12B_TWO_MODEL_CONSENSUS,qwen3:8b,gemma3:12b,700,silver_v5_blind_parallel,
2e7d3cd732e59be9,locked_test,CHANGEPOINTCORP_03_08_2000-EX-10.6-LICENSE AND HOSTING AGREEMENT.PDF,66,Notice Period To Terminate Renewal,"Thereafter, this Agreement shall automatically renew for subsequent one          (1) year periods unless either party provides the other party with          written notification at least thirty (30) days prior to the expiration          of the initial five (5) year term or any one (1) year renewal thereof          of its intention to terminate this Agreement.",NOT-2,Can the deadline be calculated clearly from the renewal or term dates?,No,NO,,,,HIGH,MACHINE_AGREED,QWEN3:8B_GEMMA3:12B_TWO_MODEL_CONSENSUS,qwen3:8b,gemma3:12b,700,silver_v5_blind_parallel,
