sample_id,annotation_partition,document_id,clause_index,clause_type,clause_text,check_id,question,flag_if,gold_risk,gold_risk_type,gold_severity,gold_evidence,annotator_1_risk,annotator_1_risk_type,annotator_1_severity,annotator_1_evidence,annotator_2_risk,annotator_2_risk_type,annotator_2_severity,annotator_2_evidence,adjudicated_by,adjudicated_risk,adjudicated_risk_type,adjudicated_severity,adjudicated_evidence,notes
a15aeb8f56172797,locked_test,IMAGEWARESYSTEMSINC_12_20_1999-EX-10.22-MAINTENANCE AGREEMENT.PDF,9841,Anti-Assignment,"The interests of MORPHO in this Agreement are personal and shall not be      assigned, transferred, shared or divided in any manner by MORPHO without a      prior written consent of XIMAGE.",AA-1,Is assignment restricted?,Yes — evaluate consent standard,,,,,,,,,,,,,,,,,,
10f19707da56b6e0,locked_test,LIMEENERGYCO_09_09_1999-EX-10-DISTRIBUTOR AGREEMENT.PDF,1156,Anti-Assignment,"In  the  event  either  party  (a)  becomes                   adjudicated insolvent,  (b) discontinues its business, (c) has                   voluntary of  involuntary  bankruptcy  proceedings  instituted                   against  it, or (d) makes an  assignment  for the  benefit  of                   creditors, the other party shall be entitled to terminate this                   Agreement effective immediately upon written notice.",AA-2,What is the consent standard?,"Absolute ban, or consent with no reasonableness limit",,,,,,,,,,,,,,,,,,
83f1f52e79d00218,locked_test,GopageCorp_20140221_10-K_EX-10.1_8432966_EX-10.1_Content License Agreement.pdf,1535,Anti-Assignment,"Any purported assignment, delegation or transfer in violation of this Section 11.7 is void from the outset and shall be of no force or effect.",AA-3,"Are there exceptions for affiliates, M&A, or financing?",None,,,,,,,,,,,,,,,,,,
6016ef268520f076,locked_test,INGEVITYCORP_05_16_2016-EX-10.5-INTELLECTUAL PROPERTY AGREEMENT.PDF,2889,Affiliate License-Licensor,"Subject to the terms and conditions of this Agreement, Parent hereby grants to each individual member of the SpinCo Group, on behalf of itself and the other members of the Parent Group, and shall cause the other members of the Parent Group to grant to each individual member of the SpinCo Group, a non-exclusive, worldwide, perpetual, irrevocable, fully paid-up, royalty-free right and license, solely for use in the SpinCo Field, to (i)<omitted>use, reproduce, distribute, display, perform, make improvements and exploit Intellectual Property owned or controlled by Parent or a member of the Parent Group and currently used in the SpinCo Business, and (ii) make, have made, use, sell, offer to sell and import any goods and services incorporating, embodying or utilizing such Intellectual Property currently used in the SpinCo Business.",AFFLR-1,Is the affiliate that owns or controls the licensed IP clearly identified or its authority established?,No / unclear,,,,,,,,,,,,,,,,,,
adf75244152c0ab8,locked_test,FIBROGENINC_10_01_2014-EX-10.11-COLLABORATION AGREEMENT.PDF,4845,Affiliate License-Licensor,"FG shall have access to and the right to use for any purpose, any Data developed by or on behalf of Astellas or its Affiliates or Sublicensees in the course of the Development Program with respect to indications within the Field for Lead Compounds.",AFFLR-2,Does the agreement clearly connect the affiliate-owned IP to the granted license and applicable obligations?,No / unclear,,,,,,,,,,,,,,,,,,
d5fab0b1868b9c5b,locked_test,UpjohnInc_20200121_10-12G_EX-2.6_11948692_EX-2.6_Manufacturing Agreement_ Supply Agreement.pdf,6337,Affiliate License-Licensor,"""Customer Property"" means all Intellectual Property, together with all materials, data, writings and other property in any form whatsoever, which is (a) owned or controlled by Customer or its Affiliates as of and following the Effective Date and (b) provided to Manufacturer by or on behalf of Customer or its Personnel under this Agreement.",AFFLR-3,Is there a material continuity or enforcement gap if the affiliate is not a party to the main agreement?,Yes / possible,,,,,,,,,,,,,,,,,,
3083a5a05259fe2d,locked_test,GarrettMotionInc_20181001_8-K_EX-2.4_11364532_EX-2.4_Intellectual Property Agreement.pdf,1684,Affiliate License-Licensee,"Hence, as of the Distribution Date, Honeywell hereby grants, and agrees to cause the members of the Honeywell Group to hereby grant, to SpinCo and the members of the SpinCo Group a non-exclusive, royalty-free, fully-paid, perpetual, sublicenseable (solely to Subsidiaries and suppliers for ""have-made"" purposes), worldwide license to use and exercise rights under the Honeywell Shared IP (excluding Trademarks, the Honeywell Content and the subject matter of any other Ancillary Agreement), said license being limited to use of a similar type, scope and extent as used in the SpinCo Business prior to the Distribution Date and the natural growth and development thereof.",AFFLS-1,Are the affiliates permitted to use the licensed rights clearly identified or objectively determinable?,No / unclear,,,,,,,,,,,,,,,,,,
b5ef00f6ef62b54e,locked_test,HarpoonTherapeuticsInc_20200312_10-K_EX-10.18_12051356_EX-10.18_Development Agreement.PDF,5332,Affiliate License-Licensee,"AbbVie may use one (1) or more of its Affiliates to perform its obligations and duties hereunder and such AbbVie Affiliates are expressly granted certain rights herein; provided that each such Affiliate shall be bound by the corresponding obligations of AbbVie and, subject to an assignment to such Affiliate pursuant to Section 13.4, AbbVie shall remain liable hereunder for the prompt payment and performance of all their respective obligations hereunder.",AFFLS-2,"Are affiliate use rights bounded by the same field, territory, purpose, duration, and security obligations as the main license?",No / unclear,,,,,,,,,,,,,,,,,,
d9f9423346d96684,locked_test,ALCOSTORESINC_12_14_2005-EX-10.26-AGENCY AGREEMENT.PDF,4699,Affiliate License-Licensee,"with respect to any documentation, technical or confidential business information and/or software relating to the Equipment (collectively, ""Software""), the Purchase Order will grant Lessor a license to use the Software and will allow Lessor to grant a sublicense to the Company to use such Software pursuant to the Lease and will allow Lessor to grant a sublicense to a third party after a termination or the expiration of the Lease in the event the Company does not elect to exercise any purchase option that may be provided for in the Lease;",AFFLS-3,Could affiliate use materially expand the commercial scope or exposure without corresponding controls?,Yes,,,,,,,,,,,,,,,,,,
e06c17beb0d390ba,locked_test,ImineCorp_20180725_S-1_EX-10.5_11275970_EX-10.5_Distributor Agreement.pdf,1479,Audit Rights,"Additionally, the Distributor shall provide JRVS with its audited financial statements within three (3) months of the end of its fiscal year.",AUD-1,Are audit rights one-sided in a way that creates undue burden or data exposure for the reviewing party?,Yes,,,,,,,,,,,,,,,,,,
d4e6958cfe880868,locked_test,CardlyticsInc_20180112_S-1_EX-10.16_11002987_EX-10.16_Maintenance Agreement1.pdf,9608,Audit Rights,"Upon request from Bank of America, Supplier shall provide to Bank of America (or a Representative designated by Bank of America) access to such Records for the purpose of auditing such Records during normal business hours.",AUD-2,"Are notice, frequency, and confidentiality protections for audits stated?",No,,,,,,,,,,,,,,,,,,
c6c98a8fdaebfa51,locked_test,NUVEEN - REMARKETING AGREEMENT.PDF,1503,Covenant Not To Sue,"Notwithstanding any prior termination of this Agreement, [●], solely in its capacity as Remarketing Agent, hereby covenants and agrees that it shall not, prior to the date which is one year and one day after the redemption and the payment in full of the VRRM-MFP Shares and all accumulated dividends, petition or otherwise invoke the process of any court or government authority for the purpose of commencing a case against, the Fund under any federal or state bankruptcy, insolvency or similar law or appointing a receiver, liquidator, assignee, trustee, custodian, sequestrator or other similar official of the Fund or any substantial part of the property of the Fund; provided, however, that nothing in this provision shall preclude, or be deemed to stop, the Remarketing Agent from taking any action prior to the expiration of the aforementioned one year and one day period in (x) any case or proceeding voluntarily filed or commenced by the Fund, (y) any involuntary insolvency proceeding filed or commenced against the Fund by a Person other than the Remarketing Agent, or (z) with respect to its rights or preferences as a Beneficial Owner or Holder of VRRM-MFP Shares.",CNTS-1,Does the covenant restrict claims or enforcement rights more broadly than the commercial arrangement requires?,Yes,,,,,,,,,,,,,,,,,,
20f9ac3591a9ddd0,locked_test,"GOOSEHEADINSURANCE,INC_04_02_2018-EX-10.6-Franchise Agreement.PDF",4613,Covenant Not To Sue,"If any one or more of the following events occur, then you will be in default under this Agreement, and we will have the right to terminate this Agreement and all rights granted under this Agreement, without affording you any opportunity to cure the default, effective immediately upon the delivery of our written notice to you (in the manner provided in Section 24 below):<omitted>If you make any unauthorized or improper use of the Proprietary Marks, or if you or any of your Principals use the Proprietary Marks in a manner that we do not permit (whether under this Agreement and/or otherwise) or that is inconsistent with our direction, or if you or any of your Principals directly or indirectly contest the validity of our ownership of the Proprietary Marks, our right to use and to license others to use the Proprietary Marks, or seek to (or actually do) register any of our Proprietary Marks with any agency (public or private) for any purpose without our prior written consent to do so.",CNTS-2,"Are the covered claims, parties, duration, and exceptions clearly bounded?",No / unclear,,,,,,,,,,,,,,,,,,
bd42a7316c4bcf5c,locked_test,GluMobileInc_20070319_S-1A_EX-10.09_436630_EX-10.09_Content License Agreement1.pdf,10079,Covenant Not To Sue,Licensee hereby does forever waive and agree never to assert any and all Moral Rights it may have in Fox's Intellectual Property Rights in and to the PSM and the Fox Intellectual Property and any derivative works thereof and shall cause its employees and contractors (including the developers) to do likewise.,CNTS-3,Is the covenant materially one-sided or broader than any reciprocal protection?,Yes,,,,,,,,,,,,,,,,,,
dcc1c0e1e2feecc6,locked_test,"CORALGOLDRESOURCES,LTD_05_28_2020-EX-4.1-CONSULTING AGREEMENT.PDF",3546,Change Of Control,"This Agreement can be terminated at any time prior to the expiry of the Term, as follows:<omitted>(c) by the Consultant electing to give the Company notice, in the event that there occurs a Change of Control (as defined below) within six (6) months of the effective date of such Change of Control, and if the Consultant so elects to terminate this Agreement, then the Consultant will be immediately entitled to a termination payment equal to CDN$750,000;",COC-1,What happens on a change of control?,Automatic termination or harsh adverse effect,,,,,,,,,,,,,,,,,,
4cd28b382db7d9c3,locked_test,WestPharmaceuticalServicesInc_20200116_8-K_EX-10.1_11947529_EX-10.1_Supply Agreement.pdf,10396,Change Of Control,"In connection with any Change in Circumstances (as defined below), and without limiting Seller's other rights under this Agreement or applicable law, Seller shall have the right: (i) to terminate this Agreement and accelerate all amounts due from Buyer hereunder, making them immediately payable; (ii) to modify the payment terms hereunder; and/or (iii) to require Buyer to pay in advance for shipments hereunder.",COC-2,Is the same corporate event treated inconsistently versus the anti-assignment clause?,Yes,,,,,,,,,,,,,,,,,,
c4240721c027121d,locked_test,"GOOSEHEADINSURANCE,INC_04_02_2018-EX-10.6-Franchise Agreement.PDF",4547,Competitive Restriction Exception,Section 19.3.3 above will not apply to your ownership of less than five percent (5%) beneficial interest in the outstanding equity securities of any publicly-held<omitted>corporation.,CRE-1,"Are exceptions to exclusivity, non-compete, or similar restrictions clearly defined?",No / unclear,,,,,,,,,,,,,,,,,,
22193a767efb4c96,locked_test,INTRICONCORP_03_10_2009-EX-10.22-Strategic Alliance Agreement.PDF,4951,Competitive Restriction Exception,To maintain exclusive rights to Dynamic Hearing Technology for Hearing Aids IntriCon will make minimum annual payments to  Dynamic Hearing as set out in the Minimum Payment Schedule.,CRE-2,Do the exceptions materially weaken the protection expected by the reviewing party?,Yes,,,,,,,,,,,,,,,,,,
d5a3b51612f28c6f,locked_test,IGENEBIOTECHNOLOGYINC_05_13_2003-EX-1-JOINT VENTURE AGREEMENT.PDF,3238,Competitive Restriction Exception,"The Party (or its Affiliate) that has developed, discovered or acquired such opportunity, product or process will, however, be entitled to exploit such opportunity, product or process for application outside the Field of Agreement.",CRE-3,Are the exception triggers consistent with the surrounding restriction clauses?,No / unclear,,,,,,,,,,,,,,,,,,
1d2775cf85ade308,locked_test,HEALTHGATEDATACORP_11_24_1999-EX-10.1-HOSTING AND MANAGEMENT AGREEMENT (1).pdf,7953,Source Code Escrow,"Upon Acceptance as provided in Clause 9.2 HealthGate shall deliver             into escrow the source code, source listings and information for the             Proprietary Software included in the System in accordance with the             terms of the Escrow Agreement.",ESC-1,Is the licensed software business-critical with no escrow or equivalent continuity path?,Yes,,,,,,,,,,,,,,,,,,
b21c1ca807b3b602,locked_test,CardlyticsInc_20180112_S-1_EX-10.16_11002987_EX-10.16_Maintenance Agreement1.pdf,9589,Source Code Escrow,"Until a Release Condition (as defined in Section 8.6) occurs and the conditions of Section 8.7 have been satisfied, Bank of America shall not permit access to or use of the Source Code, except as expressly provided herein.",ESC-2,"Are release conditions clear (for example bankruptcy, material breach, failure to support)?",No,,,,,,,,,,,,,,,,,,
8d05b0c4c58a6d29,locked_test,XENCORINC_10_25_2013-EX-10.24-COLLABORATION AGREEMENT (3).PDF,7092,Exclusivity,"Subject to XENCOR's adherence to the obligations under this Agreement, BII hereby grants XENCOR a worldwide, irrevocable, exclusive, sublicensable and royalty free license to use the Process and all reasonably necessary related BII Confidential Information and Know- How, BII Technology and BII Intellectual Property for the sole purpose of making and having made the Product; provided that such license shall become effective only upon complete payment of the Technology Access Fee, as applicable.",EXC-1,Is exclusivity granted without performance obligations or exit rights?,Yes,,,,,,,,,,,,,,,,,,
405213520f151643,locked_test,EmbarkComInc_19991008_S-1A_EX-10.10_6487661_EX-10.10_Co-Branding Agreement.pdf,2634,Exclusivity,"For the avoidance of doubt, the parties acknowledge that the foregoing restriction applies only to persistent sponsorship placement as judged by Sponsor at its discretion, and not to run-of-site banner advertisements or other rotating promotional placements.",EXC-2,Do exceptions hollow out the exclusivity or make it one-sided against the reviewing party?,Yes,,,,,,,,,,,,,,,,,,
9aca1484178c2bca,locked_test,FerroglobePlc_20150624_F-4A_EX-10.20_9154746_EX-10.20_Outsourcing Agreement.pdf,6831,Governing Law,"This Agreement shall be governed by, and construed in accordance with the laws of Spain.",GOV-1,Is governing law stated?,No,,,,,,,,,,,,,,,,,,
3ab57dff0dc08a8b,locked_test,IbioInc_20200313_8-K_EX-10.1_12052678_EX-10.1_Development Agreement.pdf,10321,Governing Law,"This Agreement is governed by the laws of the State of Texas, without regard to the conflict of laws provisions thereof.",GOV-2,Is the forum or dispute mechanism consistent with the governing law?,Missing or inconsistent,,,,,,,,,,,,,,,,,,
4ee71d4c4b172b3a,locked_test,WARNINGMANAGEMENTSERVICESINC_12_10_1999-EX-10-ENDORSEMENT AGREEMENT.PDF,727,Insurance,"Company agrees to provide and maintain, at its own expense, general liability insurance and product liability insurance with limits no less than $3,000,000 and within thirty (30) days from the date hereof, Company will submit to Pey Dirt a fully paid policy or certificate of insurance naming Pey Dirt, Pey Dirt's agent and Manning as additional insured parties, requiring that the insurer shall not terminate or materially modify such without written notice to Pey Dirt at least twenty (20) days in advance thereof.",INS-1,Are insurance requirements stated where the activity creates material risk?,No,,,,,,,,,,,,,,,,,,
414193c18400352b,locked_test,GAINSCOINC_01_21_2010-EX-10.41-SPONSORSHIP AGREEMENT.PDF,6706,Insurance,"Racing shall provide the Sponsor a certificate of insurance evidencing ""Gainsco Inc. and all  related entities"" as additional insureds, stating that such insurance is primary in coverage to any other insurance which may be available the  Sponsor, and providing at least thirty (30) days' prior written notice to the Sponsor of cancellation, modification or material change to the policy.",INS-2,Are required limits aligned with residual liability exposure?,Limits far below exposure,,,,,,,,,,,,,,,,,,
4d91d31124082eeb,locked_test,MERITLIFEINSURANCECO_06_19_2020-EX-10.(XIV)-MASTER SERVICES AGREEMENT.PDF,3768,Ip Ownership Assignment,"Contractor shall provide to Company, and hereby assigns to Company, all right, title and interest to any Works in progress.",IP-1,Who owns newly created or deliverable IP?,"Vendor owns IP the customer paid to create, without clear license-back",,,,,,,,,,,,,,,,,,
20b19635165bdb9f,locked_test,"CERES,INC_01_25_2012-EX-10.20-Collaboration Agreement.PDF",2398,Ip Ownership Assignment,"In case [Party] has made or contributed to any invention forming part of the  Results, [Party] shall promptly inform [CERES/IGER] thereof in writing and shall assign its rights and cause its employees and staff  members to assign their rights in any such invention to [CERES/IGER].",IP-2,Is assignment language present-tense (for example 'hereby assigns') rather than only future ('will assign')?,Future-tense only,,,,,,,,,,,,,,,,,,
56ed1c9a6596e29e,locked_test,MERITLIFEINSURANCECO_06_19_2020-EX-10.(XIV)-MASTER SERVICES AGREEMENT.PDF,3769,Ip Ownership Assignment,"The parties agree that all drawings, documents, designs, models, inventions, computer programs, computer systems, data, computer documentation and other tangible materials authored or prepared by Contractor for Company as the work product required by a Statement of Work (collectively, the ""Works""), are the property of Company to the extent that such Works were created by Contractor for Company over a time period for which Company has been invoiced and said invoice has been paid.",IP-3,Does the clause assign the customer's pre-existing IP or data to the vendor?,Yes,,,,,,,,,,,,,,,,,,
d00f982b363d1552,locked_test,HEALTHGATEDATACORP_11_24_1999-EX-10.1-HOSTING AND MANAGEMENT AGREEMENT (1).pdf,7943,Ip Ownership Assignment,HealthGate hereby assign all present and future copyright in the             Blackwell Specification to the Publishers.,IP-4,Is each party's background IP clearly retained?,No,,,,,,,,,,,,,,,,,,
6b0cfc258b361413,locked_test,EhaveInc_20190515_20-F_EX-4.44_11678816_EX-4.44_License Agreement_ Reseller Agreement.pdf,964,Irrevocable Or Perpetual License,"Pursuant to the Subscription Agreement, CHT shall obtain from each End User the right to and hereby grants, effective upon the execution and delivery of such End User's Subscription Agreement, to Ehave: (i) a royalty-free, non-exclusive, non-transferable, limited right and licence during the term of such Subscription Agreement to use, copy, store and display the End User Data solely for the purpose of enabling Ehave to operate the Ehave Companion Solution for such End User and as may be necessary for the purpose of enabling Ehave to provide support services in accordance with this Agreement; and (ii) a royalty-free, non-exclusive, limited, perpetual right and license to use, copy, store and display End User Data on an aggregated and anonymous basis and so as not to permit the identification of any End User or individual for the sole purpose of improving or developing enhancements to the Ehave Companion Solution , provided that Ehave shall not have any right to use, commercialize or exploit such End User Data in any other manner or for any other purpose.",IPL-1,Is the license described as irrevocable or perpetual?,Present — then check IPL-2 and IPL-3,,,,,,,,,,,,,,,,,,
b5f40d740ec6a28b,locked_test,IdeanomicsInc_20160330_10-K_EX-10.26_9512211_EX-10.26_Content License Agreement.pdf,6553,Irrevocable Or Perpetual License,"In exchange for the Share Consideration, Licensor hereby grants to Licensee a non-exclusive, royalty-free, perpetual and non-perpetual license (subject to the duration and scope, and format limitations for which Licensor has the rights to each Title as specified in Schedule A1-A6 of Schedule A) to:

i. license, exhibit, distribute, reproduce, transmit, perform, display, and otherwise exploit and make available each Title within the Territory in any language by VOD (including SVOD, TVOD, AVOD and free VOD) for Internet, TV and mobile platforms (including, but not limited to, OTT streaming services, Sites and Mobile Sites), subject to these limitations for each of the Title in Schedule A1-A6:

1) For Titles listed in Schedule A1-A2:

Licensor can only grant Licensee distribution rights to up to six (6) MSOs plus two (2) of China's Internet TV license holders or their OTT Internet-based video partners by VOD (including SVOD, TVOD, AVOD and free VOD). China's current Internet TV license holders include: CNTV (中国网络电视台/未来电视), BesTV (百视通), Wasu (华数), Southern Media Cooperation (南方传媒), Hunan TV (芒果 TV), China National Radio/Galaxy Internet TV (GITV) (银河电视), and China Radio International (中国国际 广播电台);<omitted>2) For Titles listed in Schedule A3:

For ""天下女人"": No satellite TV broadcasting rights granted. Titles other than ""猜 猜女人心"", ""赏深越慕"" ,  ""职场新女性挑战行动"", "" 杨澜访谈录""  (自第192期及以后的节 目),""人生相对论 "", "" 天下女人"", and ""正青春"" cannot be edited in any way;

3) For Titles listed in Schedule A4:

Other than the versions (dubbed or translated) in which the Titles in Schedule A4 already exist in (and were delivered in), no further dubbing, translation, or editing may be performed by any party on Schedule A4's Titles.

4) For Titles listed in Schedule A5 (except ""Summer in February""):

Limitations on Rights Granted: the following distribution methods are permitted: non-theatrical, public video, ship and hotel rights (all not earlier than the US theatrical release); home video rental, home video sell through, and commercial video rights (all not earlier than the US video release); cable TV (pay & free), terrestrial TV (pay & free), satellite pay TV; internet TV (pay & free), residential and non-residential pay-per-view, residential and non-residential internet pay-per-view, VOD, near VOD, and internet VOD (all no earlier than the corresponding exploitation in the USA).",IPL-2,Can the supplier still terminate the license for convenience or minor breach?,Yes,,,,,,,,,,,,,,,,,,
3557512f043fdba0,locked_test,ZEBRATECHNOLOGIESCORP_04_16_2014-EX-10.1-INTELLECTUAL PROPERTY AGREEMENT.PDF,3441,Irrevocable Or Perpetual License,"Effective as of the Initial Closing Date, the Seller hereby grants (and will cause each other Seller Party to grant, following each applicable Closing Date, to the Purchaser Licensees) a perpetual (unless terminated in accordance with Section 4.2(ii)(c)), fully paid-up, royalty-free, worldwide, non-transferable (except as set forth herein), non-exclusive license to use any and all Licensed Trademarks in the Business (including with respect to the Purchaser Licensed Activities), including with respect to all Derivative Works and natural evolutions of such Business, in a manner that is the same or substantially similar to the manner in which the Seller Entities have used the Licensed Trademarks in the Business.",IPL-3,Did the reviewing party grant an irrevocable or perpetual license it did not intend?,Yes,,,,,,,,,,,,,,,,,,
5608ddf538cbfafd,locked_test,"INNOVIVA,INC_08_07_2014-EX-10.1-COLLABORATION AGREEMENT.PDF",2070,Joint Ip Ownership,"Subject to the terms of this Agreement, including without limitation Section 2.2, Theravance hereby grants to GSK, and GSK accepts, an exclusive license in the Field under the Theravance Patents, Theravance Know-How and Theravance's rights in the Joint Inventions to make, have made use, sell, offer for sale and import Collaboration Products in the Territory.",JIPO-1,Are ownership shares or ownership rights for jointly created IP clearly defined?,No / unclear,,,,,,,,,,,,,,,,,,
8a15f5fe4f553ae0,locked_test,DigitalCinemaDestinationsCorp_20111220_S-1_EX-10.10_7346719_EX-10.10_Affiliate Agreement.pdf,4131,Joint Ip Ownership,"Any and all data, information, and material created, conceived, reduced to practice, or developed by or on  behalf of either Party, whether alone, in connection with the other Party or any third party, including, without limitation, written works, processes,  methods, inventions, discoveries, software, works of visual art, audio works, look-and-feel attributes, and multimedia works, based on, using, or  derived from, in whole or in part, any NCM Property, whether or not done on NCM's facilities, with NCM's equipment, or by NCM personnel, and  any and all right, title, and interest therein and thereto (including, but not limited to, the right to sue for past infringement) (collectively, ""Derived  Works""), shall be owned solely and exclusively by NCM, and Network Affiliate agrees to and hereby does assign, transfer, and convey to NCM  (and will ensure than any third party acting with or on behalf of Network Affiliate assigns, transfers, and conveys to NCM any and all right, title, or  interest in or to any Derived Work which it may at any time acquire by operation of law or otherwise.",JIPO-2,"Are licensing, exploitation, enforcement, registration, and cost responsibilities for joint IP addressed?",No / unclear,,,,,,,,,,,,,,,,,,
b9468c49cf2aa262,locked_test,ZogenixInc_20190509_10-Q_EX-10.2_11663313_EX-10.2_Distributor Agreement.pdf,3885,Joint Ip Ownership,"In the event that either Zogenix or Distributor intends to file a patent application containing a Joint Invention, such Party shall promptly notify the other Party of such intention and shall provide a draft of any such patent application to such other Party [***] before filing such patent application with any patent office and the Parties shall negotiate in good faith concerning the terms and conditions of a joint patent agreement.",JIPO-3,"Are exit, termination, or dispute consequences for jointly owned IP unclear?",Yes / unclear,,,,,,,,,,,,,,,,,,
e3241c115c9dc129,locked_test,SoupmanInc_20150814_8-K_EX-10.1_9230148_EX-10.1_Franchise Agreement1.pdf,4307,Liquidated Damages,"You and each of your principals agree that the liquidated damages provision does not give us an adequate remedy at law for any default under, or for the enforcement of, any provision of this Agreement other than the Royalty Fee sections.",LD-1,Does the amount appear to be a reasonable pre-estimate of loss rather than a penalty?,Looks punitive or arbitrary,,,,,,,,,,,,,,,,,,
6140e1501a530405,locked_test,NICELTD_06_26_2003-EX-4.5-OUTSOURCING AGREEMENT.PDF,5080,Liquidated Damages,"In any event, the total liquidated damages                     as per this Section shall not exceed 5% of the Product                     Price.",LD-2,Is the relationship between liquidated damages and the liability cap stated?,Silent or conflicting,,,,,,,,,,,,,,,,,,
d55aff9ab64315c5,locked_test,"Magenta Therapeutics, Inc. - Master Development and Manufacturing Agreement.PDF",9819,License Grant,"Without limiting the foregoing, Magenta may use and disclose Bachem Intellectual Property to the extent necessary in connection with the prosecution, maintenance and enforcement of Magenta Developed Intellectual Property.",LIC-1,"Are field, territory, and purpose of the license clear?",Unclear or missing,,,,,,,,,,,,,,,,,,
d8f159cc00b6e009,locked_test,FIBROGENINC_10_01_2014-EX-10.11-COLLABORATION AGREEMENT.PDF,4844,License Grant,"Subject to Section 14.1.1, title to all inventions and other intellectual property made related to (i) the Development Program, (ii) the Lead Compounds, (iii) FG Technology or FG Confidential Information, (iv) the Field, or (v) the Expanded Field (subsections 14.1(i)-(v), collectively, the ""Protected Field"") shall be owned by or is hereby assigned to FG; provided, however that Astellas shall own inventions of general applicability relating solely to drug delivery systems created exclusively by Astellas under subsection 14.1(i), excluding inventions related to or based on subsections 14.1(ii), (iii), (iv), or (v), and provided, further, that Astellas hereby grants to FG a worldwide, fully paid non-exclusive license with the right to sublicense to practice such inventions with respect to the FG Technology.",LIC-2,Is the license broader than the commercial deal requires?,Yes,,,,,,,,,,,,,,,,,,
2850dcd6e8834e29,locked_test,WOMENSGOLFUNLIMITEDINC_03_29_2000-EX-10.13-ENDORSEMENT AGREEMENT.PDF,9430,License Grant,"The Professional hereby grants to the Company an exclusive license to use her name, likeness, image and personal identification, singly or in any combination, in connection with the production, use, marketing and sale of a ""Kathy Whitworth"" signature line of women's golf clubs (the ""Products""), as described more fully in Section 3 below.",LIC-3,Are sublicense or affiliate rights missing when the deal needs them?,Yes,,,,,,,,,,,,,,,,,,
f370c1561f2e3444,locked_test,UpjohnInc_20200121_10-12G_EX-2.6_11948692_EX-2.6_Manufacturing Agreement_ Supply Agreement.pdf,6362,Cap On Liability,"NOTWITHSTANDING ANY OTHER PROVISION OF THIS AGREEMENT TO THE CONTRARY, EXCEPT FOR DAMAGES OR CLAIMS ARISING OUT OF (I) A BREACH OF SECTION 13 OF THIS AGREEMENT, (II) CUSTOMER LIABILITIES PURSUANT TO, AND SUBJECT TO THE LIMITATIONS SET FORTH IN, SECTION 2.5(E), (III) A PARTY'S OR ITS PERSONNEL'S GROSS NEGLIGENCE, FRAUD OR WILLFUL MISCONDUCT, (IV) A PARTY'S WILLFUL BREACH OF THIS AGREEMENT, OR (V) A PARTY'S INDEMNIFICATION OBLIGATION WITH RESPECT TO THIRD PARTY CLAIMS UNDER SECTION 10.1 OR SECTION 10.2, IN NO EVENT SHALL EITHER PARTY BE LIABLE TO THE OTHER PARTY OR ANY INDEMNIFIED PARTY HEREUNDER FOR ANY CONSEQUENTIAL DAMAGES, SPECIAL DAMAGES, INCIDENTAL OR INDIRECT DAMAGES, LOSS OF REVENUE OR PROFITS, DIMINUTION IN VALUE, DAMAGES BASED ON MULTIPLE OF REVENUE OR EARNINGS OR OTHER PERFORMANCE METRIC, LOSS OF BUSINESS REPUTATION, PUNITIVE AND EXEMPLARY DAMAGES OR ANY SIMILAR DAMAGES ARISING OR RESULTING FROM OR RELATING TO THIS AGREEMENT, WHETHER SUCH ACTION IS BASED ON WARRANTY, CONTRACT, TORT (INCLUDING NEGLIGENCE OR STRICT LIABILITY) OR OTHERWISE.",LOL-1,Is there no express monetary or fee-based liability cap?,Yes,,,,,,,,,,,,,,,,,,
790d5e611fbc0d57,locked_test,XENCORINC_10_25_2013-EX-10.24-COLLABORATION AGREEMENT (3).PDF,7133,Cap On Liability,"For avoidance of doubt, all BII liability or indemnification obligation that might result from representations and the warranties under this Section 6 are always subject to the limitations set forth in Section 7.4 of this Agreement.",LOL-2,Is the cap mutual?,One-sided protecting only the counterparty,,,,,,,,,,,,,,,,,,
9fafe86a7bb27c65,locked_test,DIVERSINETCORP_03_01_2012-EX-4-RESELLER AGREEMENT.PDF,4511,Cap On Liability,"EXCEPT TO THE EXTENT DIRECT FORESEEABLE DAMAGES, IN NO EVENT SHALL DIVERSINET BE LIABLE FOR ANY INDIRECT,  SPECIAL, INCIDENTAL OR CONSEQUENTIAL DAMAGES (INCLUDING WITHOUT LIMITATION ANY COMMERCIAL DAMAGES OR  LOSSES) AS A RESULT OF THE USE, SALE OR DISTRIBUTION OF THE BUNDLED PRODUCT, WHETHER BY WAY OF A LEGAL  THEORY OF CONTRACT, TORT (INCLUDING NEGLIGENCE), PRODUCT LIABILITY, STRICT LIABILITY, OR ANY OTHER THEORY,  EVEN IF DIVERSINET HAS BEEN INFORMED OF THE POSSIBILITY OF SUCH DAMAGES.",LOL-3,Is the liability cap nominal or very low relative to deal value or exposure?,Yes,,,,,,,,,,,,,,,,,,
67f860713ff0354a,locked_test,TUNIUCORP_03_06_2014-EX-10-COOPERATION AGREEMENT.PDF,10472,Cap On Liability,The demand for liquidated damages and specific performance in respect of any breach during the Term of Cooperation are all remedies that the non-breaching Party shall have under this Agreement.,LOL-4,"Are high-risk heads missing from the liability-cap carve-outs (for example IP, confidentiality/data, fraud, willful misconduct, gross negligence)?",Yes,,,,,,,,,,,,,,,,,,
2dfa0723b16859cb,locked_test,AimmuneTherapeuticsInc_20200205_8-K_EX-10.3_11967170_EX-10.3_Development Agreement.pdf,2012,Cap On Liability,"NEITHER PARTY SHALL BE LIABLE TO THE OTHER PARTY FOR ANY LOST PROFITS, OR ANY SPECIAL, CONSEQUENTIAL, INCIDENTAL, OR INDIRECT DAMAGES ARISING FROM OR RELATING TO ANY BREACH OF THIS AGREEMENT, REGARDLESS OF ANY NOTICE OF THE POSSIBILITY OF SUCH DAMAGES. NOTWITHSTANDING THE FOREGOING, NOTHING IN THIS SECTION 11.4 IS INTENDED TO OR SHALL LIMIT OR RESTRICT THE INDEMNIFICATION RIGHTS OR OBLIGATIONS OF ANY PARTY UNDER SECTION 11.1 or 11.2, OR DAMAGES AVAILABLE FOR A PARTY'S BREACH OF CONFIDENTIALITY OBLIGATIONS UNDER ARTICLE 12.",LOL-5,Is the exclusion of consequential or indirect damages one-sided against the reviewing party?,Yes,,,,,,,,,,,,,,,,,,
426c74cf88d4948d,locked_test,ChinaRealEstateInformationCorp_20090929_F-1_EX-10.32_4771615_EX-10.32_Content License Agreement.pdf,10089,Most Favored Nation,"In the event E-House Research and Training Institute becomes entitled to charge, invoice, or otherwise receive from, Licensee any  royalties, fees or other remuneration for use of the E-House Licensed Data and Information pursuant to amendments to the Master Transaction  Agreement or through other means, Licensor and Licensee shall use good faith efforts to amend this Agreement such that Licensor becomes  entitled to charge, invoice, or otherwise receive fees from Licensee to use the Licensed Domain Names and Licensed Content, such fees to be  agreed upon by the Parties, provided that (i) such fees shall be commercially reasonable and (ii) such fees shall not exceed the fees charged by  Licensor to unaffiliated third parties for use of the Licensed Content, taking into account any other consideration received by Licensor (including,  but not limited to, discounted services offerings from the third party).",MFN-1,"Is MFN scope (price, terms, customers, territory) clear?",Unclear,,,,,,,,,,,,,,,,,,
a207b7a7a8417a34,locked_test,TheglobeComInc_19990503_S-1A_EX-10.20_5416126_EX-10.20_Co-Branding Agreement.pdf,1225,Most Favored Nation,"All Users shall be treated at least as favorable in all respects (including without limitation with respect to pricing, quality of service, and customer support responsiveness) as Boxlot treats users of the Boxlot Site.",MFN-2,Does MFN conflict with other price or discount restrictions in the contract?,Yes,,,,,,,,,,,,,,,,,,
129c9e9a6e7de71e,locked_test,IMMUNOMEDICSINC_08_07_2019-EX-10.1-PROMOTION AGREEMENT.PDF,3209,Minimum Commitment,"If the average number of Sales Representatives on the Sales Force is less than twenty-five (25) over any forty-five (45)-day period, Janssen will have the right to terminate this Agreement by giving thirty (30) days' notice.",MIN-1,Is there a minimum purchase or take-or-pay obligation?,Yes — check relief terms,,,,,,,,,,,,,,,,,,
d584d6fa7e953b92,locked_test,KitovPharmaLtd_20190326_20-F_EX-4.15_11584449_EX-4.15_Manufacturing Agreement.pdf,7602,Minimum Commitment,"Kitov shall provide Dexcel with written purchase orders meeting the Minimum Order Requirements and in a form reasonably acceptable to Dexcel, and which shall specify at least the following: a description of the Product ordered, the quantity ordered, the current Supply Price, and the required delivery date thereof, such required delivery date to be not less than one hundred and twenty (120) days from the purchase order placement date (one hundred and eighty (180) days before the anticipated Supply Commencement Date and/or the launch of a new SKU).",MIN-2,Is there relief if goods or services are not delivered or are unusable?,No,,,,,,,,,,,,,,,,,,
37083cbaaf86966a,locked_test,IGENEBIOTECHNOLOGYINC_05_13_2003-EX-1-JOINT VENTURE AGREEMENT.PDF,3239,Non-Compete,"After the Effective Date and as long as Igene and T&L continue to own an interest in the Operating Company, neither of the Parties shall, or shall cause or permit any of their Affiliates to, directly or indirectly, as stockholders, consultants, members, partners or in any other capacity, engage in any enterprise or business anywhere in the world, which (a) manufactures Astaxanthin or (b) develops, markets, or sells products falling within the Field of Agreement.",NC-1,"Are scope, geography, and duration reasonable?",Over-broad or excessively long,,,,,,,,,,,,,,,,,,
2baa4f19db0a2cf2,locked_test,MusclepharmCorp_20170208_10-KA_EX-10.38_9893581_EX-10.38_Co-Branding Agreement.pdf,7405,Non-Compete,Endorser's duty not to compete with the business of MusclePharm shall continue for a period of one year following the expiration or termination of this Agreement.,NC-2,Is there a meaningful exception or carve-out for ordinary business?,No,,,,,,,,,,,,,,,,,,
51d0fa9c81b7b286,locked_test,"OMINTO,INC_03_29_2004-EX-10-RESELLER AGREEMENT.PDF",4240,Non-Disparagement,"Each party agrees that, during the Term of this      Agreement and for a period of five (5) years thereafter, neither will make      written or oral comments regarding the other that are negative,      disparaging, tend to bring the other into disrepute or call into question      the business acumen, character, honesty or integrity of the other.",NDS-1,Is the non-disparagement restriction materially broader than needed for the transaction?,Yes,,,,,,,,,,,,,,,,,,
162bd1caac8c8a81,locked_test,"OMINTO,INC_03_29_2004-EX-10-RESELLER AGREEMENT.PDF",4240,Non-Disparagement,"Each party agrees that, during the Term of this      Agreement and for a period of five (5) years thereafter, neither will make      written or oral comments regarding the other that are negative,      disparaging, tend to bring the other into disrepute or call into question      the business acumen, character, honesty or integrity of the other.",NDS-2,"Is the restriction mutual and subject to appropriate legal, regulatory, or truthful-reporting exceptions?",No / unclear,,,,,,,,,,,,,,,,,,
0b636f4ba7f8a186,locked_test,NEOMEDIATECHNOLOGIESINC_12_15_2005-EX-16.1-DISTRIBUTOR AGREEMENT.PDF,4422,Non-Disparagement,"PPG SHANGHAI shall have the right to terminate this Agreement and/or          suspend its performance hereunder immediately upon giving notice to          DISTRIBUTOR, which termination shall be effective upon receipt of          notice, if any one of the following occurs:<omitted>(ii) DISTRIBUTOR, or any principal owner of DISTRIBUTOR, is convicted          of a crime which, in PPG SHANGHAI's reasonable judgment, may adversely          affect the goodwill or interest of DISTRIBUTOR or of PPG SHANGHAI;",NDS-3,Is the duration or covered audience unclear or unusually extensive?,Yes / unclear,,,,,,,,,,,,,,,,,,
5eab88a02126b9a9,locked_test,OFGBANCORP_03_28_2007-EX-10.23-OUTSOURCING AGREEMENT.PDF,7833,Notice Period To Terminate Renewal,"Unless Customer notifies Metavante of its intent not to renew this Agreement in writing within a period of three (3) months following the Renewal Notice, this Agreement shall automatically renew at the end of the Initial Term on the same terms (including pricing terms) for one (1) twelve-month period.",NOT-1,Is a notice period to prevent renewal stated?,No,,,,,,,,,,,,,,,,,,
59beb0905935338b,locked_test,"IPAYMENT,INC_05_14_2007-EX-10.1-SPONSORSHIP AGREEMENT.PDF",10289,Notice Period To Terminate Renewal,"Thereafter, this Agreement shall automatically continue in effect until either party gives the other at least six (6) months prior written notice of termination.",NOT-2,Can the deadline be calculated clearly from the renewal or term dates?,No,,,,,,,,,,,,,,,,,,
d0aaf050ba408659,locked_test,OFGBANCORP_03_28_2007-EX-10.23-OUTSOURCING AGREEMENT.PDF,7833,Notice Period To Terminate Renewal,"Unless Customer notifies Metavante of its intent not to renew this Agreement in writing within a period of three (3) months following the Renewal Notice, this Agreement shall automatically renew at the end of the Initial Term on the same terms (including pricing terms) for one (1) twelve-month period.",NOT-3,Does the notice window fall inside the current term in a workable way?,No,,,,,,,,,,,,,,,,,,
d04449f43478705c,locked_test,DigitalCinemaDestinationsCorp_20111220_S-1_EX-10.10_7346719_EX-10.10_Affiliate Agreement.pdf,4113,No-Solicit Of Employees,"During the Term and for a period of twelve (12) months thereafter Network Affiliate will not, without NCM's prior written  consent, either alone or in concert with others directly or indirectly solicit, entice, induce, or encourage: (i) any employee, contractor or agent of  NCM to terminate his or her employment, contractor or agency relationship with NCM,",NS-1,Is non-solicit so broad it functions as a non-compete?,Yes,,,,,,,,,,,,,,,,,,
563f53ea98ba86da,locked_test,DigitalCinemaDestinationsCorp_20111220_S-1_EX-10.10_7346719_EX-10.10_Affiliate Agreement.pdf,4112,No-Solicit Of Customers,"During the Term and for a period of twelve (12) months thereafter Network Affiliate will not, without NCM's prior written  consent, either alone or in concert with others directly or indirectly solicit, entice, induce, or encourage:<omitted>(ii) any client of NCM to discontinue using NCM's services  or products, (iii) any client of NCM to refer prospective clients to one or more competitors of NCM or to discontinue referring prospective clients  to NCM, (iv) any NCM employee, client, or prospective client to breach any agreement with NCM, or (v) any existing or proposed arrangement or  other community or institutional affiliation to discontinue the affiliation or relationship with NCM.",NS-2,Are duration and covered persons reasonable?,No,,,,,,,,,,,,,,,,,,
9159d096b5335523,locked_test,TubeMediaCorp_20060310_8-K_EX-10.1_513921_EX-10.1_Affiliate Agreement.pdf,10536,Non-Transferable License,"Except as expressly provided in Sections 3(a) and 3(b) and this Section 3(d), Network shall not have the right to distribute or otherwise license the Service for reception in a Station's DMA, including distributing the Service directly through an MVPD in a Station's DMA, other than through this license to Affiliate.",NTL-1,"Does the license prohibit transfer, assignment, or sublicense in a way that could block the intended operational use?",Yes,,,,,,,,,,,,,,,,,,
562b4234230793ef,locked_test,ZEBRATECHNOLOGIESCORP_04_16_2014-EX-10.1-INTELLECTUAL PROPERTY AGREEMENT.PDF,3435,Non-Transferable License,"Effective as of the Initial Closing Date, the Seller hereby grants (and will cause each other Seller Party to grant following each applicable Closing Date) to the Purchaser Licensees:

(A) for a period of one hundred eighty (180) days after the applicable Closing Date (the ""Mobility Transition Period""), a fully paid-up, royalty-free, worldwide, non-transferable, non-exclusive sublicense to use any and all Mobility Trademarks, in accordance with the terms and conditions of the Mobility Trademark License; and

(B) for a period of seven hundred thirty (730) days after the applicable Closing Date (the ""Non-Mobility Transition Period""), a fully paid-up, royalty-free, irrevocable (except as expressly set forth herein), worldwide, non-transferable, non- exclusive license to use any and all Retained Seller Trademarks (other than the Mobility Trademarks and Licensed Trademarks) that are or have been, on or prior to the Initial Closing Date, used in connection with the Business or any product, service, or system in the Business (the ""Non-Mobility Trademarks""),

in each case of clauses (A) and (B), solely in connection with the operation of the Business or with the exercise of the licenses granted pursuant to Section 2.2(a) and Section 2.2(b), in a manner that is the same or substantially similar to the manner in which the Seller Entities used the Mobility Trademarks or Non-Mobility Trademarks, as applicable, in connection with the Business as of the Initial Closing Date, including with respect to existing signs and stocks of advertisements and promotional materials and items, inventory and packaging included in the Acquired Assets (""Existing Stock"") containing any Mobility Trademark or Non- Mobility Trademark.",NTL-2,"Are affiliate, merger, acquisition, financing, or other necessary transfer exceptions absent?",Yes,,,,,,,,,,,,,,,,,,
fb0a795aff5ab3ac,locked_test,GarrettMotionInc_20181001_8-K_EX-2.4_11364532_EX-2.4_Intellectual Property Agreement.pdf,1681,Non-Transferable License,"Notwithstanding Section 3.01, Honeywell hereby grants, and agrees to cause the members of the Honeywell Group to hereby grant, to SpinCo and the members of the SpinCo Group, for a period of ten (10) years after the Distribution Date (unless earlier terminated in accordance with Section 3.03(c)), a non-exclusive, royalty-free, fully-paid, non-sublicenseable, non-transferable, worldwide license to use and reproduce the Honeywell Content solely for the SpinCo Group's internal business purposes.",NTL-3,Do transfer restrictions conflict with the anti-assignment or change-of-control provisions?,Yes / inconsistent,,,,,,,,,,,,,,,,,,
24b7c03e298c2f6c,locked_test,LIMEENERGYCO_09_09_1999-EX-10-DISTRIBUTOR AGREEMENT.PDF,1159,Price Restrictions,The prices set forth in                            Section   2.4(a)  shall  be  subject  to   adjustment                            annually  on the  first  day  of  each  Product  Year                            beginning in the calendar  year 2000 and on the first                            day of each succeeding Product Year for the remainder                            of the Term and all  renewals  of this  Agreement  in                            proportion   to  the  increase  or  decrease  in  the                            Consumer  Price Index (CPI) as compared to the CPI as                            it  existed  on the  first  day of the  Term  of this                            Agreement.,PR-1,Can the counterparty raise prices without clear limits or notice?,Yes,,,,,,,,,,,,,,,,,,
f0aa8537994ddf56,locked_test,LIMEENERGYCO_09_09_1999-EX-10-DISTRIBUTOR AGREEMENT.PDF,1158,Price Restrictions,"The Company  also  reserves  the right to                            increase  or  decrease  the price  per unit  based on                            Company   wide   changes   in  unit   prices  to  all                            distributors of the Company,  provided however,  that                            any price changes, other than those based on the CPI,                            shall be uniformly applied to all distributors of the                            Products   and  shall   reasonably   applied  to  all                            distributors  of the  Products  and shall  reasonably                            reflect Company's costs of manufacturing the Products                            and/or  market  demand  for  the  Products,  provided                            further  than any increase in price based upon market                            demand   shall   not  be  so  great  as  to   deprive                            Distributor  of  its  normal  and  customary   profit                            margin.",PR-2,Are price-adjustment formulas and triggers stated clearly?,No,,,,,,,,,,,,,,,,,,
e40993dae45c7054,locked_test,RevolutionMedicinesInc_20200117_S-1_EX-10.1_11948417_EX-10.1_Development Agreement.pdf,5485,Post-Termination Services,"In the case of a termination of this Agreement, Sanofi (with respect to the Termination Products in the Licensed Territory), shall be entitled, for a period of [***] after termination, to (i) complete Manufacture of work-in-progress, and (ii) continue conducting Commercialization activities being conducted by Sanofi hereunder as of such termination (if applicable, with respect to the terminated country(ies)), to the extent related to Termination Product in Sanofi's inventory as of such termination (or added to such inventory as a result of the completion described in clause (i)), provided that Sanofi fulfills its payment obligations under this Agreement in connection with such inventory sell-off, provided further that the payment of royalties to RevMed and the sharing of Net Profits and Net Losses under the Profit/Loss Share Agreement shall continue to apply during the sell-off period.",PTS-1,Is transition or post-termination assistance required where continuity matters?,No,,,,,,,,,,,,,,,,,,
45803775261e3fb2,locked_test,MusclepharmCorp_20170208_10-KA_EX-10.38_9893581_EX-10.38_Co-Branding Agreement.pdf,7441,Post-Termination Services,MusclePharm agrees to preserve and keep accessible and available to the AS Parties all relevant books and records for a period of at least three (3) years following the expiration or termination of the Agreement.,PTS-2,"Are duration, fees, and data-return terms for post-termination services clear?",No,,,,,,,,,,,,,,,,,,
943938c6f2f6a8c5,locked_test,FerroglobePlc_20150624_F-4A_EX-10.20_9154746_EX-10.20_Outsourcing Agreement.pdf,6829,Renewal Term,It is established by calendar year and renewed tacitly every year.,REN-1,Is renewal automatic or evergreen?,Yes — then require workable non-renewal notice,,,,,,,,,,,,,,,,,,
8f59a22e0b13c608,locked_test,SPHERE3DCORP_06_24_2020-EX-10.12-CONSULTING AGREEMENT.PDF,5962,Renewal Term,Without notification the contract will automatically extend for an additional month of service.,REN-2,Is the non-renewal notice period stated and calculable from the renewal date?,No,,,,,,,,,,,,,,,,,,
21ed06af6da0b3fb,locked_test,PareteumCorp_20081001_8-K_EX-99.1_2654808_EX-99.1_Hosting Agreement.pdf,637,Renewal Term,"If no termination notice is provided, the Agreement will be automatically extended for consecutive *** periods until such time as *** termination notice is provided.",REN-3,Is the notice window so early that non-renewal is impractical?,Yes,,,,,,,,,,,,,,,,,,
d6755049286c28a5,locked_test,ExactSciencesCorp_20180822_8-K_EX-10.1_11331629_EX-10.1_Promotion Agreement.pdf,6109,Rofr/Rofo/Rofn,"Promptly upon receipt of notice from Pfizer, Exact and Pfizer shall engage in exclusive good faith negotiations to enter into a definitive written agreement for the Ex-US Commercial Rights.",ROFR-1,"Is the trigger for the right of first refusal, offer, or negotiation clearly defined?",No / unclear,,,,,,,,,,,,,,,,,,
5b5a180bbee894ae,locked_test,IMMUNOMEDICSINC_08_07_2019-EX-10.1-PROMOTION AGREEMENT.PDF,3200,Rofr/Rofo/Rofn,"Notwithstanding the above, before Company destroys any safety records it will notify Janssen of its intention to do so, affording Janssen the opportunity to retain such records if it so wishes.",ROFR-2,"Are notice, response, matching, negotiation, and expiry periods objectively calculable?",No / unclear,,,,,,,,,,,,,,,,,,
0dc797166a30d425,locked_test,XENCORINC_10_25_2013-EX-10.24-COLLABORATION AGREEMENT (3).PDF,7097,Rofr/Rofo/Rofn,"If the supply price for Product proposed by a third party (which may include a Business Partner or its affiliate) is more than [...***...] percent ([...***...]%) of the commercial supply price of Product last proposed by BII during the negotiations between the Parties (or BII and the Business Partner), XENCOR (or its Business Partner) shall provide written notice to BII that XENCOR (and its Business Partner) will accept the commercial supply price last proposed by BII, and BII and XENCOR (or its Business Partner) will enter into a contract manufacturing agreement reflecting such commercial supply price; provided that, if BII does not agree to enter into such contract manufacturing agreement within [...***...] after such written notice, XENCOR (or its Business Partner) shall be free to enter into an agreement with a third party (which may include an agreement for any Business Partner or its affiliate to manufacture and supply Product).",ROFR-3,"Can the right materially constrain a transaction, sale, or third-party deal without a clear process?",Yes / unclear,,,,,,,,,,,,,,,,,,
f83c55c9b02ac288,locked_test,AMBASSADOREYEWEARGROUPINC_11_17_1997-EX-10.28-ENDORSEMENT AGREEMENT.PDF,7722,Revenue/Profit Sharing,"In the       event any sale is made at a special price to any of Diplomat's       subsidiaries or to any other person, firm or corporation related in any       manner to Diplomat or its officers, directors or major stockholders, there       shall be a royalty paid on such sales based upon the price generally       charged the trade by Diplomat.",RPS-1,"Are the revenue, profit, net sales, or other sharing bases defined sufficiently to calculate the amount owed?",No / unclear,,,,,,,,,,,,,,,,,,
2e7e9977eb2ce284,locked_test,PaperexchangeComInc_20000322_S-1A_EX-10.4_5202103_EX-10.4_Co-Branding Agreement.pdf,8715,Revenue/Profit Sharing,"After PaperExchange has generated PaperExchange Revenue equal to *****, PaperExchange shall pay an amount equal to ***** of the PaperExchange Revenue to VerticalNet; provided, however, that if, in any given calendar year, VerticalNet receives ***** pursuant to this Section 7.4  [Revenue Sharing], the percentage of PaperExchange Revenue that PaperExchange shall pay to VerticalNet for the remainder of such calendar year shall be reduced to *****; and provided further, however, that if, in any given calendar year, VerticalNet receives<omitted>***** in the aggregate pursuant to this Section 7.4  [Revenue Sharing], the percentage of PaperExchange Revenue that PaperExchange shall pay to VerticalNet for the remainder of such calendar year shall be reduced to *****.",RPS-2,"Are deductions, credits, refunds, taxes, timing, and payment mechanics clearly specified?",No / unclear,,,,,,,,,,,,,,,,,,
e2c502772c00a326,locked_test,IdeanomicsInc_20160330_10-K_EX-10.26_9512211_EX-10.26_Content License Agreement.pdf,6548,Revenue/Profit Sharing,"The consideration for the licenses granted by Licensor to Licensee under this Agreement is the issuance of the IP Common Shares as defined in the Amended and Securities Purchase Agreement, dated as of December 21, 2015, by and among the Licensee and the Licensor (the ""Share Consideration"").",RPS-3,"Are reporting, audit, record-retention, and dispute mechanisms for the shared amounts addressed?",No / unclear,,,,,,,,,,,,,,,,,,
88c5b6b448030f7c,locked_test,MRSFIELDSORIGINALCOOKIESINC_01_29_1998-EX-10-FRANCHISE AGREEMENT.PDF,6249,Termination For Convenience,"Pretzel  Time  reserves  the right to  suspend  contributions/fees  and operations of the  Advertising  Fund for one or more  periods,  and the right to terminate the  Advertising  Fund, upon thirty (30) days' prior written notice to Franchisee.",TFC-1,Does the reviewing party have a termination-for-convenience right?,"No, while the counterparty does",,,,,,,,,,,,,,,,,,
66a18004e0eec7ed,locked_test,MERITLIFEINSURANCECO_06_19_2020-EX-10.(XIV)-MASTER SERVICES AGREEMENT.PDF,3765,Termination For Convenience,"At any time that there is no uncompleted Statement of Work outstanding, either party may terminate this Agreement for any or no reason upon fifteen (15) days advance notice to the other.",TFC-2,Is the notice period practical (for example 30 to 60 days)?,"Very long, unclear, or missing",,,,,,,,,,,,,,,,,,
e8ac528501d0397e,locked_test,HarpoonTherapeuticsInc_20200312_10-K_EX-10.18_12051356_EX-10.18_Development Agreement.PDF,5294,Termination For Convenience,"AbbVie may terminate this Agreement in its entirety, or on a country or other jurisdiction -by-country or other jurisdiction basis, for any or no reason, upon ninety (90) days' prior written notice to Harpoon.",TFC-3,Does early exit trigger a large fee or the full remaining commitment?,Yes,,,,,,,,,,,,,,,,,,
0a4dd72f1da8edea,locked_test,NmfSlfIInc_20200115_10-12GA_EX-10.5_11946987_EX-10.5_Trademark License Agreement.pdf,236,Third Party Beneficiary,"The parties agree that the Investment Advisor shall be a third party beneficiary of this Agreement, and shall have the rights and protections provided to the Licensee under this Agreement.",TPB-1,Are third-party beneficiary rights expressly identified or effectively created by the contract?,Yes / unclear,,,,,,,,,,,,,,,,,,
d1091ece9556457c,locked_test,SoupmanInc_20150814_8-K_EX-10.1_9230148_EX-10.1_Franchise Agreement1.pdf,4327,Third Party Beneficiary,You shall include in the standard Unit Franchise Agreement used by you a provision which states that we are a third-party beneficiary to the Unit Franchise Agreement and are entitled to the rights granted in this Section 13.,TPB-2,"Are the beneficiary identities, rights, and scope clearly bounded?",No / unclear,,,,,,,,,,,,,,,,,,
6a6e713704e2f460,locked_test,SoupmanInc_20150814_8-K_EX-10.1_9230148_EX-10.1_Franchise Agreement1.pdf,4328,Third Party Beneficiary,"You and we acknowledge and agree that we are a third-party beneficiary to all Unit Franchise Agreements between you and Unit Franchisees in the Master Territory, and that we shall have the right to assume any of your responsibilities, duties or functions under such Unit Franchise Agreements in the event that this Agreement expires or is terminated for any reason.",TPB-3,Could an unintended third party obtain material enforcement rights?,Yes / unclear,,,,,,,,,,,,,,,,,,
355c94d50b5e67a8,locked_test,ASIANDRAGONGROUPINC_08_11_2005-EX-10.5-Reseller Agreement.PDF,9228,Unlimited/All-You-Can-Eat-License,Note 4 Unlimited calling FROM Virtual Calling Zone only. Long distance charges apply when calling to VCZ.,UAEL-1,"Does the license provide effectively unlimited use without clear scope, capacity, or fair-use boundaries?",Yes,,,,,,,,,,,,,,,,,,
7eec2e218b589f8f,locked_test,"BABCOCK_WILCOXENTERPRISES,INC_08_04_2015-EX-10.17-INTELLECTUAL PROPERTY AGREEMENT between THE BABCOCK _ WILCOX COMPANY and BABCOCK _ WILCOX ENTERPRISES, INC..PDF",4400,Unlimited/All-You-Can-Eat-License,"RemainCo shall have, and SpinCo hereby grants to RemainCo, an unlimited, non-exclusive, perpetual, irrevocable, royalty free, worldwide right and license to use the content contained in the Steam Book, including the current edition and any past edition and any future edition to which RemainCo makes a contribution, for any purpose, including, without limitation, to reproduce, publicly display, modify, make derivative works, distribute, publicly perform and distribute for RemainCo's internal business purposes, including in connection with customer related activities, provided, however, that RemainCo shall (i) not use any non-nuclear content contained in the Steam Book in connection with publishing or distributing a publication which competes with the Steam Book and (ii) provide attribution and accreditation using a copyright notice having the format required by law in connection with the use of any protectable expression of the non-nuclear content contained in the Steam Book.",UAEL-2,Is the commercial price or service model clearly aligned with the unlimited scope?,No / unclear,,,,,,,,,,,,,,,,,,
7d69ec5b58da34c7,locked_test,"BABCOCK_WILCOXENTERPRISES,INC_08_04_2015-EX-10.17-INTELLECTUAL PROPERTY AGREEMENT between THE BABCOCK _ WILCOX COMPANY and BABCOCK _ WILCOX ENTERPRISES, INC..PDF",4400,Unlimited/All-You-Can-Eat-License,"RemainCo shall have, and SpinCo hereby grants to RemainCo, an unlimited, non-exclusive, perpetual, irrevocable, royalty free, worldwide right and license to use the content contained in the Steam Book, including the current edition and any past edition and any future edition to which RemainCo makes a contribution, for any purpose, including, without limitation, to reproduce, publicly display, modify, make derivative works, distribute, publicly perform and distribute for RemainCo's internal business purposes, including in connection with customer related activities, provided, however, that RemainCo shall (i) not use any non-nuclear content contained in the Steam Book in connection with publishing or distributing a publication which competes with the Steam Book and (ii) provide attribution and accreditation using a copyright notice having the format required by law in connection with the use of any protectable expression of the non-nuclear content contained in the Steam Book.",UAEL-3,"Are abuse, extraordinary-volume, security, or termination controls absent?",Yes / unclear,,,,,,,,,,,,,,,,,,
95219375f2f4dba6,locked_test,EUROPEANMICROHOLDINGSINC_03_06_1998-EX-10.6-DISTRIBUTOR AGREEMENT.PDF,6189,Uncapped Liability,"EXCEPT AS PROVIDED IN PARAGRAPH 15, WGT'S      LIABILITY(WHETHER IN CONTRACT, WARRANTY, TORT (INCLUDING NEGLIGENCE WHETHER      ACTIVE, PASSIVE, IMPUTED), PRODUCT LIABILITY, STRICT LIABILITY OR OTHER      THEORY) UNDER THIS AGREEMENT OR WITH REGARD TO ANY PRODUCT OR OTHER ITEMS      FURNISHED UNDER THIS AGREEMENT WILL IN NO EVENT EXCEED THE COMPENSATION      PAID TO WGT CONCERNING SUCH PRODUCT UNDER THIS AGREEMENT.",UNC-1,Is any liability described as unlimited or uncapped?,Yes (then classify scope in UNC-2 and UNC-3),,,,,,,,,,,,,,,,,,
2e1aa3f33429ff7e,locked_test,XENCORINC_10_25_2013-EX-10.24-COLLABORATION AGREEMENT (3).PDF,7132,Uncapped Liability,"With the exception of wilful misconduct by a Party, and such cases where a limitation of liability and/or indemnification is not possible under applicable law, for which cases there shall be no limitation, any and all liability and/or indemnification obligations of each of BII and XENCOR under this Agreement shall be:   a. excluded for incidental, indirect, consequential, punitive or special damages (provided that the foregoing shall not exclude a Party's right to consequential or incidental<omitted>damages for any negligent or intentional breach of confidentiality and non-use obligations under Section 9); and   b. each Party's aggregate liability and/or indemnification obligations towards the other Party under this Agreement shall not exceed an amount equal to the average annual aggregate amount paid or to be paid by XENCOR to BII hereunder; provided, however, that in the case of a Party's negligent or intentional breach of confidentiality and non­use obligations pursuant to Section 9, this limitation of liability shall be increased to twice the average annual aggregate amount paid or to be paid by XENCOR to BII hereunder;   provided however that the foregoing Subsections a. and b. of this Section 7.4 shall not limit XENCOR' s liability and indemnification obligation towards BII with respect to any third party claims according to clause (iii) and (iv) of Section 7.3 b. regarding any use of the Deliverables (in particular the Product) in humans and/or with respect to any third party claim that BII's use of the Material to manufacture the Product infringes any issued patent owed by such third party (excluding any such claim based specifically on use of the Process but not on the use of the Material).",UNC-2,Does uncapped liability apply to ordinary breach?,Yes,,,,,,,,,,,,,,,,,,
fe8c44394de04176,locked_test,EhaveInc_20190515_20-F_EX-4.44_11678816_EX-4.44_License Agreement_ Reseller Agreement.pdf,982,Uncapped Liability,"Notwithstanding Sections 17(a) and 17(b), neither Party excludes or limits any liability for: (i) personal injury or death to the extent that such injury or death results from the negligence or wilful misconduct of a Party or its employees or subcontractors; (ii) fraud, fraudulent misrepresentation or fraudulent concealment; (iii) the Party's obligations set out in Sections 2(c), 5(b), 5(c), 6(b), 11, 13 or 16; (iv) CHT's payment obligations under Section 7; or (v) willful misconduct or gross negligence.",UNC-3,"Is uncapped liability limited to high-risk heads (IP, confidentiality, willful misconduct, fraud, indemnity)?",No — extends beyond those heads,,,,,,,,,,,,,,,,,,
e8020f97ffb2e8ef,locked_test,"CARDAX,INC_08_19_2014-EX-10.1-COLLABORATION AGREEMENT.PDF",5607,Uncapped Liability,"Except in the event of (i) a Party's gross negligence or willful misconduct and/or (ii) a Party's breach of its confidentiality obligation, the total liability of one Party to the other Party (and its Affiliates) arising out of or in connection with this Agreement or the Products, whether in contract, tort (including negligence), statute or otherwise, shall, to the maximum extent permitted by Applicable Law, be limited to the amount of revenues it receives under this Agreement.",UNC-4,Is the reviewing party's liability uncapped while the counterparty's liability is capped?,Yes,,,,,,,,,,,,,,,,,,
e983aeb5bcaaf5c2,locked_test,SoupmanInc_20150814_8-K_EX-10.1_9230148_EX-10.1_Franchise Agreement1.pdf,4293,Volume Restriction,We will provide you or one of your principals and up to five (5) additional persons with a comprehensive initial training program and additional training programs from time to time.,VOL-1,"Are minimums, maximums, or volume ceilings clearly stated and objectively measurable?",No / unclear,,,,,,,,,,,,,,,,,,
70c493c35a4c63d0,locked_test,EcoScienceSolutionsInc_20171117_8-K_EX-10.1_10956472_EX-10.1_Endorsement Agreement.pdf,10365,Volume Restriction,In the event any Production Session exceeds eight (8) hours in duration ESSI and Talent will negotiate in good faith additional compensation to Talent for time in excess of eight (8) hours.,VOL-2,Could a volume restriction prevent expected business use or create material supply/service interruption risk?,Yes,,,,,,,,,,,,,,,,,,
54e43c79f9732e59,locked_test,UpjohnInc_20200121_10-12G_EX-2.6_11948692_EX-2.6_Manufacturing Agreement_ Supply Agreement.pdf,6330,Volume Restriction,Nothing in this Agreement shall require Manufacturer to provide more than 75 hours per calendar year per Product in connection with any Technical Support.,VOL-3,"Are forecasting, overflow, repricing, relief, or adjustment mechanisms defined?",No / unclear,,,,,,,,,,,,,,,,,,
bd7f59f5be822979,locked_test,FIBROGENINC_10_01_2014-EX-10.11-COLLABORATION AGREEMENT.PDF,4863,Warranty Duration,"In the absence of such notification, Astellas shall be deemed to have accepted the shipment.",WAR-1,Are material warranties disclaimed (for example 'as is') without meaningful remedies?,Yes,,,,,,,,,,,,,,,,,,
3b4f9fef0198d5d2,locked_test,"NETGEAR,INC_04_21_2003-EX-10.16-DISTRIBUTOR AGREEMENT.pdf",9087,Warranty Duration,"NETGEAR warrants to end-user that each item of Hardware will be free from defects in workmanship and materials for its respective warranty period which begins on the date of purchase by the end user. Should a Product fail within this warranty period, Distributor shall replace such defective Product from Distributor's inventory and accept return of the failed Product from Distributor's customer.",WAR-2,Is warranty duration stated and practical?,Missing or unreasonably short,,,,,,,,,,,,,,,,,,
a9b4c9ca778b48f0,calibration,GRANTIERRAENERGYINC_05_07_2012-EX-10.6-TRANSPORTATION CONTRACT.PDF,2323,Anti-Assignment,"The SENDER shall not assign totally or partially the Contract hereof, without the previous written consent by ECOPETROL.",AA-1,Is assignment restricted?,Yes — evaluate consent standard,,,,,,,,,,,,,,,,,,
d0d0b4f2a868afea,calibration,"Antares Pharma, Inc. - Manufacturing Agreement.PDF",5406,Anti-Assignment,"Except as otherwise provided in this Section 12.2, neither this Agreement nor any interest hereunder shall be assignable by any Party without the prior written consent of the other (which consent shall not be unreasonably withheld, conditioned or delayed); provided, however, that either Party may assign this Agreement to any wholly-owned subsidiary or to any successor by merger or sale of substantially all of its business unit to which this Agreement relates.",AA-2,What is the consent standard?,"Absolute ban, or consent with no reasonableness limit",,,,,,,,,,,,,,,,,,
928e8509cc2bb0c4,calibration,NETGROCERINC_07_31_1998-EX-10.15-SPONSORSHIP AGREEMENT.PDF,1578,Anti-Assignment,"Neither party may assign this Agreement, in whole                   or in part, without the other party's written consent (which                   will not be unreasonably withheld), except that no such                   consent will be required in connection with (i) a merger,                   reorganization or sale of all, or substantially all, of such                   party's assets or (ii) the assignment and/or delegation of                   such party's rights and responsibilities hereunder to a                   wholly-owned subsidiary or joint venture in which that party                   holds an interest.",AA-3,"Are there exceptions for affiliates, M&A, or financing?",None,,,,,,,,,,,,,,,,,,
036050af7d01f28f,calibration,ENERGOUSCORP_03_16_2017-EX-10.24-STRATEGIC ALLIANCE AGREEMENT.PDF,7498,Affiliate License-Licensor,"Subject to the restrictions set out in Section 2.2, ENERGOUS hereby grants to DIALOG a non-exclusive (subject to Section 2.5), irrevocable, worldwide, sub-licensable (solely in accordance with Section 2.4), royalty-bearing license during the Term under all Product IP to:   (a) repackage or have repackaged the Product Die into various package formats or layouts, and to integrate the Product Die into MCMs, which may incorporate DIALOG or third party intellectual property (such repackaged Product Die, MCMs and Products, are individually and/or collectively referred to as the ""Licensed Products"");   (b) have the Licensed Products manufactured, tested and packaged by Manufacturing Subcontractors;   (c) Sell, offer for Sale, import, export and support the Licensed Products, including without limitation, providing system design, troubleshooting and failure analysis support for DIALOG's customers and their customers;   (d) use and modify the Tooling and Documentation for the purposes of paragraphs (a) to (d) of this Section 2.1.<omitted>""Product IP"" means (a) all Intellectual Property Rights in and to the Products, including all Product Updates, (b) any other Inventions and work products created or developed in connection with research and development or manufacturing efforts relating to the Products, including all Intellectual Property Rights therein and (c) all Intellectual Property Rights in and to the Mask Sets and Tooling, in each of the foregoing cases, that are owned or controlled by ENERGOUS, its Affiliates or any successor or assign.",AFFLR-1,Is the affiliate that owns or controls the licensed IP clearly identified or its authority established?,No / unclear,,,,,,,,,,,,,,,,,,
ac441a48ca416abb,calibration,ENERGOUSCORP_03_16_2017-EX-10.24-STRATEGIC ALLIANCE AGREEMENT.PDF,7498,Affiliate License-Licensor,"Subject to the restrictions set out in Section 2.2, ENERGOUS hereby grants to DIALOG a non-exclusive (subject to Section 2.5), irrevocable, worldwide, sub-licensable (solely in accordance with Section 2.4), royalty-bearing license during the Term under all Product IP to:   (a) repackage or have repackaged the Product Die into various package formats or layouts, and to integrate the Product Die into MCMs, which may incorporate DIALOG or third party intellectual property (such repackaged Product Die, MCMs and Products, are individually and/or collectively referred to as the ""Licensed Products"");   (b) have the Licensed Products manufactured, tested and packaged by Manufacturing Subcontractors;   (c) Sell, offer for Sale, import, export and support the Licensed Products, including without limitation, providing system design, troubleshooting and failure analysis support for DIALOG's customers and their customers;   (d) use and modify the Tooling and Documentation for the purposes of paragraphs (a) to (d) of this Section 2.1.<omitted>""Product IP"" means (a) all Intellectual Property Rights in and to the Products, including all Product Updates, (b) any other Inventions and work products created or developed in connection with research and development or manufacturing efforts relating to the Products, including all Intellectual Property Rights therein and (c) all Intellectual Property Rights in and to the Mask Sets and Tooling, in each of the foregoing cases, that are owned or controlled by ENERGOUS, its Affiliates or any successor or assign.",AFFLR-2,Does the agreement clearly connect the affiliate-owned IP to the granted license and applicable obligations?,No / unclear,,,,,,,,,,,,,,,,,,
2b7fb9fc6c3f7259,calibration,ENERGOUSCORP_03_16_2017-EX-10.24-STRATEGIC ALLIANCE AGREEMENT.PDF,7498,Affiliate License-Licensor,"Subject to the restrictions set out in Section 2.2, ENERGOUS hereby grants to DIALOG a non-exclusive (subject to Section 2.5), irrevocable, worldwide, sub-licensable (solely in accordance with Section 2.4), royalty-bearing license during the Term under all Product IP to:   (a) repackage or have repackaged the Product Die into various package formats or layouts, and to integrate the Product Die into MCMs, which may incorporate DIALOG or third party intellectual property (such repackaged Product Die, MCMs and Products, are individually and/or collectively referred to as the ""Licensed Products"");   (b) have the Licensed Products manufactured, tested and packaged by Manufacturing Subcontractors;   (c) Sell, offer for Sale, import, export and support the Licensed Products, including without limitation, providing system design, troubleshooting and failure analysis support for DIALOG's customers and their customers;   (d) use and modify the Tooling and Documentation for the purposes of paragraphs (a) to (d) of this Section 2.1.<omitted>""Product IP"" means (a) all Intellectual Property Rights in and to the Products, including all Product Updates, (b) any other Inventions and work products created or developed in connection with research and development or manufacturing efforts relating to the Products, including all Intellectual Property Rights therein and (c) all Intellectual Property Rights in and to the Mask Sets and Tooling, in each of the foregoing cases, that are owned or controlled by ENERGOUS, its Affiliates or any successor or assign.",AFFLR-3,Is there a material continuity or enforcement gap if the affiliate is not a party to the main agreement?,Yes / possible,,,,,,,,,,,,,,,,,,
a43001831a372e08,calibration,CerenceInc_20191002_8-K_EX-10.4_11827494_EX-10.4_Intellectual Property Agreement.pdf,5939,Affiliate License-Licensee,"Subject to the terms and conditions of this Agreement, as of the Distribution Date, Nuance hereby grants to SpinCo and the members of the SpinCo Group a worldwide, non-exclusive, fully paid-up, perpetual and irrevocable, transferable (subject to ARTICLE VIII), sublicensable (subject to Section 3.01(g)) license to continue to use any Nuance IP (other than Nuance Patents, Nuance Technology Assets, Nuance Trademarks and Nuance Data), in each case solely as and to the extent that it is used by the SpinCo Group in connection with products and services of the SpinCo Business within the SpinCo Field of Use, together with natural extensions and evolutions thereof.",AFFLS-1,Are the affiliates permitted to use the licensed rights clearly identified or objectively determinable?,No / unclear,,,,,,,,,,,,,,,,,,
4b0ebbb9fb085ae3,calibration,PREMIERBIOMEDICALINC_05_14_2020-EX-10.2-INTELLECTUAL PROPERTY AGREEMENT.PDF,9022,Affiliate License-Licensee,"Any such sublicense may be made effective retroactively, but not prior to the effective date hereof, nor prior to the sublicensee's becoming a Related Company.",AFFLS-2,"Are affiliate use rights bounded by the same field, territory, purpose, duration, and security obligations as the main license?",No / unclear,,,,,,,,,,,,,,,,,,
1eea2dd588391442,calibration,CerenceInc_20191002_8-K_EX-10.4_11827494_EX-10.4_Intellectual Property Agreement.pdf,5938,Affiliate License-Licensee,"The licenses granted in Sections 4.01(a), (b) and (c) to the Nuance Group include the right to grant sublicenses within the scope of such licenses only to members of the Nuance Group and, without any further right to sublicense, to their respective (i) contractors, distributors, manufacturers and resellers, in each case solely for the benefit of the Nuance Business and (ii) end users and customers, in each case solely in connection with the use of products and services of the Nuance Business.",AFFLS-3,Could affiliate use materially expand the commercial scope or exposure without corresponding controls?,Yes,,,,,,,,,,,,,,,,,,
c7208eac4613ba80,calibration,"BELLRINGBRANDS,INC_02_07_2020-EX-10.18-MASTER SUPPLY AGREEMENT.PDF",9137,Audit Rights,"For routine visits and audits, PNC will provide [***] if facilities located in the US and with [***] if facilities are located [***], provided that such examination will be conducted during Supplier's normal business hours and in such a manner as to reasonably minimize disruption to Supplier's business, unless food safety is at issue, in which case such examination may be conducted at any time.",AUD-1,Are audit rights one-sided in a way that creates undue burden or data exposure for the reviewing party?,Yes,,,,,,,,,,,,,,,,,,
8c0bf535e852ef0d,calibration,PhasebioPharmaceuticalsInc_20200330_10-K_EX-10.21_12086810_EX-10.21_Development Agreement.pdf,797,Audit Rights,"PB shall (a) provide SFJ with quarterly unaudited financial statements and annual audited financial statements (the ""PB Financial Statements"") promptly following the availability thereof (and no later than the date filed with the SEC) and provide to SFJ on a quarterly basis concurrently with the applicable PB Financial Statements [***], (b) promptly notify SFJ of achieving the Successful Phase 3 Interim Analysis and the Phase 3 Success Criteria, and (c) on or prior to the end of each [***] during the Term [***].",AUD-2,"Are notice, frequency, and confidentiality protections for audits stated?",No,,,,,,,,,,,,,,,,,,
21c8cdc4dc480da5,calibration,RitterPharmaceuticalsInc_20200313_S-4A_EX-10.54_12055220_EX-10.54_Development Agreement.pdf,7364,Covenant Not To Sue,"During and after the Term, neither Party shall register, use or claim ownership or other rights in any logo, trade name, brand name or trademark of the other Party in existence during the Term (nor any logo, trade name, brand name or trademark confusingly similar to any logo, trade name, brand name or trademark of the other Party in existence during the Term), nor assist anyone else to do so, nor make or assist in any challenge to any logo, trade name, brand name or trademark of the other Party in existence during the Term.",CNTS-1,Does the covenant restrict claims or enforcement rights more broadly than the commercial arrangement requires?,Yes,,,,,,,,,,,,,,,,,,
5099fd6c03228988,calibration,"HOSPITALITYINVESTORSTRUST,INC_04_07_2014-EX-10.26-FRANCHISE AGREEMENT.PDF",2939,Covenant Not To Sue,"With the exception of claims related to representations contained in the franchise disclosure document for the Brand, you, on your own behalf and on behalf of, as applicable, your officers, directors, managers, employees, heirs, administrators, executors, agents and representatives and their respective successors and assigns hereby release, remise, acquit and forever discharge us and the Entities and our and their respective officers, directors, employees, managers, agents, representatives and their respective successors and assigns from any and all actions, claims, causes of action, suits, rights, debts, liabilities, accounts, agreements, covenants, contracts, promises, warranties, judgments, executions, demands, damages, costs and expenses, whether known or unknown at this time, of any kind or nature, absolute or contingent, existing at law or in equity, on account of any matter, cause or thing whatsoever that has happened, developed or occurred relating to this Agreement or the relationship between you and us.",CNTS-2,"Are the covered claims, parties, duration, and exceptions clearly bounded?",No / unclear,,,,,,,,,,,,,,,,,,
71eb62b3281243bf,calibration,LifewayFoodsInc_20160316_10-K_EX-10.24_9489766_EX-10.24_Endorsement Agreement.pdf,1826,Covenant Not To Sue,"Individual hereby releases and discharges Lifeway from any and all claims, demands, or causes of action in law or equity that he or she may have or may hereafter acquire, including without limitation in connection with any prior use, reuse, publication, reproduction, performance, copy, creation of derivative works, exhibition, broadcast, and display of the name, image and likeness of Individual and any and all claims for libel, slander, invasion of privacy, copyright or trademark violation, right of publicity, or false light, that may arise out of or in connection with the use of the Marketing Materials in accordance with this Agreement.",CNTS-3,Is the covenant materially one-sided or broader than any reciprocal protection?,Yes,,,,,,,,,,,,,,,,,,
18b274a9190efb2a,calibration,PfHospitalityGroupInc_20150923_10-12G_EX-10.1_9266710_EX-10.1_Franchise Agreement1.pdf,1862,Change Of Control,"The Owners may not enter into any shareholders' agreement, management agreement, voting trust or other arrangement that gives a third party the power to direct and control your affairs without our prior written consent.",COC-1,What happens on a change of control?,Automatic termination or harsh adverse effect,,,,,,,,,,,,,,,,,,
6b94349dfde73ebc,calibration,ENERGOUSCORP_03_16_2017-EX-10.24-STRATEGIC ALLIANCE AGREEMENT.PDF,7480,Change Of Control,"If DIALOG is acquired by a third party, DIALOG's acquirer will have the right, for a period of [***] following closing of such acquisition, to terminate this Agreement upon written notice to ENERGOUS.",COC-2,Is the same corporate event treated inconsistently versus the anti-assignment clause?,Yes,,,,,,,,,,,,,,,,,,
cf2c61eae9f53903,calibration,EdietsComInc_20001030_10QSB_EX-10.4_2606646_EX-10.4_Co-Branding Agreement.pdf,3354,Competitive Restriction Exception,"Notwithstanding the foregoing, Women.com shall be entitled to (aa) provide mini and micro web sites and Women.com promotions and sponsorships to Jenny Craig; (bb) sell, display, or distribute advertisements, including banner advertisements, newsletter placements, internet radio, commerce placements and market research, or otherwise promote Competitive Companies on pages other than the Gateway Page of the Diet Center.",CRE-1,"Are exceptions to exclusivity, non-compete, or similar restrictions clearly defined?",No / unclear,,,,,,,,,,,,,,,,,,
b90aea95099835be,calibration,ElPolloLocoHoldingsInc_20200306_10-K_EX-10.16_12041700_EX-10.16_Development Agreement.pdf,1945,Competitive Restriction Exception,"To further protect the El Pollo Loco® System while this Agreement is in effect, Developer and each officer, director, shareholder, member, manager, partner and other equity owner, as applicable, of Developer, if Developer is an entity, shall neither directly nor indirectly own, operate, control or any financial interest in any other business which would constitute a ""Competitive Business"" (as hereinafter defined) without the prior written consent of Franchisor; provided further, that Franchisor may, as its sole and absolute right, consent to the Developer's continued operation of any business already in existence and operating at the time of execution of this Agreement.",CRE-2,Do the exceptions materially weaken the protection expected by the reviewing party?,Yes,,,,,,,,,,,,,,,,,,
4dadfd80bd4ae95e,calibration,ENERGOUSCORP_03_16_2017-EX-10.24-STRATEGIC ALLIANCE AGREEMENT.PDF,7467,Competitive Restriction Exception,"However, ENERGOUS is allowed to engage with a Semiconductor Supplier to supply comparable products or product die to a customer if either (i) the customer which has not been engaged with DIALOG with respect to such product or product die notifies ENERGOUS or DIALOG in writing by an authorized officer of the customer that it does not want to use DIALOG or a DIALOG Affiliate as a supplier of such product or product die; or (ii) if DIALOG has been engaged with the customer, the customer notifies ENERGOUS or DIALOG in writing prior to commencement of the Design-In Phase that it does not want to use DIALOG or a DIALOG Affiliate as a supplier of such product or product die",CRE-3,Are the exception triggers consistent with the surrounding restriction clauses?,No / unclear,,,,,,,,,,,,,,,,,,
89c7eea377f5b502,calibration,ENERGOUSCORP_03_16_2017-EX-10.24-STRATEGIC ALLIANCE AGREEMENT.PDF,7506,Source Code Escrow,"In the event of any Insolvency Event and where the design files need to be accessed by DIALOG to fix an Epidemic Defect or other Product design or production issue impacting yield or quality (""Release Condition""), the Escrow Agent will, in accordance with the terms of the escrow agreement between the parties and the Escrow Agent (the ""Escrow Agreement""), release the Deposit Materials to DIALOG.",ESC-1,Is the licensed software business-critical with no escrow or equivalent continuity path?,Yes,,,,,,,,,,,,,,,,,,
4702dc4939576485,calibration,ENERGOUSCORP_03_16_2017-EX-10.24-STRATEGIC ALLIANCE AGREEMENT.PDF,7503,Source Code Escrow,"ENERGOUS will keep the Deposit Materials in escrow and ensure on a quarterly basis that all the information relating to the Deposit Materials in escrow is current, including deposit of any Product Updates.",ESC-2,"Are release conditions clear (for example bankruptcy, material breach, failure to support)?",No,,,,,,,,,,,,,,,,,,
d2b70e00c479e22f,calibration,EdietsComInc_20001030_10QSB_EX-10.4_2606646_EX-10.4_Co-Branding Agreement.pdf,3358,Exclusivity,"For purposes of this Agreement, ""Women.com Competitive Company"" means any company that Women.com reasonably presents as, and eDiets reasonably agrees is, a direct competitor to Women.com by providing an on-line portal for women, including, but not limited to, Oxygen Media and iVillage,",EXC-1,Is exclusivity granted without performance obligations or exit rights?,Yes,,,,,,,,,,,,,,,,,,
26cf2d87f6b0a76c,calibration,AlliedEsportsEntertainmentInc_20190815_8-K_EX-10.34_11788308_EX-10.34_Sponsorship Agreement.pdf,5671,Exclusivity,"Without limitation of the preceding sentence or any other provision of this Agreement, Allied shall identify and name Newegg as a Founding Partner, and as the exclusive Technology E-Commerce (or E-tail) Partner, of the Arena and in all of Allied's marketing materials in connection with the Arena where reasonably practicable.",EXC-2,Do exceptions hollow out the exclusivity or make it one-sided against the reviewing party?,Yes,,,,,,,,,,,,,,,,,,
df62cf22463b844e,calibration,"CURAEGISTECHNOLOGIES,INC_05_26_2010-EX-1-CORPORATE SPONSORSHIP AGREEMENT.PDF",4625,Governing Law,This Agreement is to be governed and construed according to the laws of the State of New York without regard to conflicts of law.,GOV-1,Is governing law stated?,No,,,,,,,,,,,,,,,,,,
639b5ed66e603fb3,calibration,SPORTHALEYINC_09_29_1997-EX-10.2-10-ENDORSEMENT AGREEMENT.PDF,2610,Governing Law,"This Agreement shall be construed and enforced in            accordance with, and governed by the laws of the State of Colorado           without regard to conflicts of laws principles.",GOV-2,Is the forum or dispute mechanism consistent with the governing law?,Missing or inconsistent,,,,,,,,,,,,,,,,,,
ad88f8f50cc2455e,calibration,PharmagenInc_20120803_8-KA_EX-10.1_7693204_EX-10.1_Endorsement Agreement.pdf,1631,Insurance,"Media Liability insurance with limits not less than $2,000,000 per occurrence and aggregate.",INS-1,Are insurance requirements stated where the activity creates material risk?,No,,,,,,,,,,,,,,,,,,
5c7fb6599a7b5a8c,calibration,VERTEXENERGYINC_08_14_2014-EX-10.24-OPERATION AND MAINTENANCE AGREEMENT.PDF,1729,Insurance,"Operator shall maintain Umbrella Liability Insurance coverage covering in excess of (a), (b), and (c) above, excluding Worker's Compensation, in the amount of ten million dollars ($10,000,000).",INS-2,Are required limits aligned with residual liability exposure?,Limits far below exposure,,,,,,,,,,,,,,,,,,
e53f18c75c4df3d7,calibration,"BERKELEYLIGHTS,INC_06_26_2020-EX-10.12-COLLABORATION AGREEMENT.PDF",2679,Ip Ownership Assignment,"In no event shall Ginkgo, and Ginkgo shall cause its Affiliates to not, file any patent applications covering (or support existing patent applications covering) the [***] and, in the event Ginkgo (or its Affiliates) do file one or more of such patent applications, Ginkgo will and hereby does assign, and shall cause its employees, agents and contractors to assign, to BLI all rights, title and interests in, to and under such patent applications.",IP-1,Who owns newly created or deliverable IP?,"Vendor owns IP the customer paid to create, without clear license-back",,,,,,,,,,,,,,,,,,
a5590d6d6f39f491,calibration,"KNOWLABS,INC_08_15_2005-EX-10-INTELLECTUAL PROPERTY AGREEMENT.PDF",8010,Ip Ownership Assignment,"Turpin agrees to maintain at all times adequate      and current  records  relating to the creation and development of the Work      Product and  Intellectual  Property Rights  therein,  which records and all      copies  thereof  shall be and shall  remain the  exclusive  property of the      Company,  and to  disclose  all such  records  and  copies  to the  Company      promptly.",IP-2,Is assignment language present-tense (for example 'hereby assigns') rather than only future ('will assign')?,Future-tense only,,,,,,,,,,,,,,,,,,
5287f39936de629d,calibration,FuelcellEnergyInc_20191106_8-K_EX-10.1_11868007_EX-10.1_Development Agreement.pdf,5810,Ip Ownership Assignment,"For Program Patents, if one or more employees or other representatives of FCE are determined to be inventors, then FCE will:

(i) cause its employees, contractors, and consultants to render reasonable and timely assistance to ExxonMobil and its attorneys or agents;

(ii) assign, and will cause its and its Affiliates' employees, contractors, and consultants to assign, its right, title, and interest in and to such Program Patent to ExxonMobil for filing; and

(iii) cause its and its Affiliate employees, contractors, and consultants, to execute any documents as may be required to effect such assignments, or file, prosecute, and maintain any patent applications or patents that are based on, derived from, or protect such Program Patent.",IP-3,Does the clause assign the customer's pre-existing IP or data to the vendor?,Yes,,,,,,,,,,,,,,,,,,
048a2244b47ffacf,calibration,"GIGGLESN_HUGS,INC_06_23_2016-EX-10.2-STRATEGIC ALLIANCE AGREEMENT.PDF",10486,Ip Ownership Assignment,"Consultant agrees to disclose in writing to the Company all inventions, products, designs, drawings, notes, documents, information, documentation, improvements, works of authorship, processes, techniques, know-how, algorithms, technical and business plans, specifications, hardware, circuits, computer languages, computer programs, databases, user interfaces, encoding techniques, and other materials or innovations of any kind that Consultant may make, conceive, develop or reduce to practice, alone or jointly with others, in connection with performing Services or that result from or that are related to such Services, whether or not they are eligible for patent, copyright, mask work, trade secret, trademark or other legal protection (collectively, ""Innovations""). (ii) Ownership of Innovations",IP-4,Is each party's background IP clearly retained?,No,,,,,,,,,,,,,,,,,,
dbba92810923a72a,calibration,FuelcellEnergyInc_20191106_8-K_EX-10.1_11868007_EX-10.1_Development Agreement.pdf,5840,Irrevocable Or Perpetual License,"ExxonMobil grants FCE a worldwide, non-exclusive, royalty-free, perpetual, irrevocable (except as stated in Paragraphs 12.03 (Failure to Perform), 12.04 (Other Termination), and 12.05 (Bankruptcy)), sub-licensable, non-transferable (except pursuant to Article 14 (Assignment)), right and license to practice Program Results solely for Power Applications and Hydrogen Applications.",IPL-1,Is the license described as irrevocable or perpetual?,Present — then check IPL-2 and IPL-3,,,,,,,,,,,,,,,,,,
fe00bf0e0dacf182,calibration,CerenceInc_20191002_8-K_EX-10.4_11827494_EX-10.4_Intellectual Property Agreement.pdf,5946,Irrevocable Or Perpetual License,"Subject to the terms and conditions of this Agreement, as of the Distribution Date, Nuance hereby grants to SpinCo and the members of the SpinCo Group a worldwide, non-exclusive, fully paid-up, perpetual and irrevocable, transferable (subject to ARTICLE VIII), sublicensable (subject to Section 3.01(g)) license to continue to use any Nuance IP (other than Nuance Patents, Nuance Technology Assets, Nuance Trademarks and Nuance Data), in each case solely as and to the extent that it is used by the SpinCo Group in connection with products and services of the SpinCo Business within the SpinCo Field of Use, together with natural extensions and evolutions thereof.",IPL-2,Can the supplier still terminate the license for convenience or minor breach?,Yes,,,,,,,,,,,,,,,,,,
c3f34c882e4c6aff,calibration,"IOVANCEBIOTHERAPEUTICS,INC_08_03_2017-EX-10.1-STRATEGIC ALLIANCE AGREEMENT.PDF",185,Irrevocable Or Perpetual License,"MD Anderson also grants LBIO a non-exclusive, royalty free, perpetual license (with rights to sub-license) under, in and to any and all data generated by MD Anderson in conducting studies of TILs in double refractory melanoma outside of the Collaboration and as of the Effective Date, and LBIO shall have unrestricted rights to use such double refractory melanoma data in governmental and regulatory submissions, including submissions that may become public.",IPL-3,Did the reviewing party grant an irrevocable or perpetual license it did not intend?,Yes,,,,,,,,,,,,,,,,,,
373a2f0a597643d8,calibration,RitterPharmaceuticalsInc_20200313_S-4A_EX-10.54_12055220_EX-10.54_Development Agreement.pdf,7342,Joint Ip Ownership,"In the event that Qualigen elects not to prosecute or maintain in a particular Applicable Market country any Patent Rights in the jointly developed Development IP (the ""Abandoned Joint IP""), Sekisui may elect to prosecute such Abandoned Joint IP in such particular Applicable Market country, in which case the Patent Rights for such Abandoned Joint IP in such particular in Applicable Market country shall be owned solely by Sekisui.",JIPO-1,Are ownership shares or ownership rights for jointly created IP clearly defined?,No / unclear,,,,,,,,,,,,,,,,,,
0e9005d43caaa16c,calibration,LeadersonlineInc_20000427_S-1A_EX-10.8_4991089_EX-10.8_Co-Branding Agreement.pdf,3313,Joint Ip Ownership,"Upon termination of the Agreement, VerticalNet and LeadersOnline shall jointly own all User Data.",JIPO-2,"Are licensing, exploitation, enforcement, registration, and cost responsibilities for joint IP addressed?",No / unclear,,,,,,,,,,,,,,,,,,
d616276486768b52,calibration,RitterPharmaceuticalsInc_20200313_S-4A_EX-10.54_12055220_EX-10.54_Development Agreement.pdf,7342,Joint Ip Ownership,"In the event that Qualigen elects not to prosecute or maintain in a particular Applicable Market country any Patent Rights in the jointly developed Development IP (the ""Abandoned Joint IP""), Sekisui may elect to prosecute such Abandoned Joint IP in such particular Applicable Market country, in which case the Patent Rights for such Abandoned Joint IP in such particular in Applicable Market country shall be owned solely by Sekisui.",JIPO-3,"Are exit, termination, or dispute consequences for jointly owned IP unclear?",Yes / unclear,,,,,,,,,,,,,,,,,,
c14e0d60c6e66b97,calibration,SENMIAOTECHNOLOGYLTD_02_19_2019-EX-10.5-Collaboration Agreement.PDF,148,Liquidated Damages,"In this case, Party B shall pay additional deposit equivalent to the liquidated damages when it pays the liquidated damages.",LD-1,Does the amount appear to be a reasonable pre-estimate of loss rather than a penalty?,Looks punitive or arbitrary,,,,,,,,,,,,,,,,,,
fa1c7237a0a858b5,calibration,SENMIAOTECHNOLOGYLTD_02_19_2019-EX-10.5-Collaboration Agreement.PDF,150,Liquidated Damages,"In the case of a written notice 15 days in advance from either party to the other Party And a payment of the liquidated damages of RMB10,000 (RMB TEN THOUSAND), this Agreement shall terminate as of the date of termination stated in the notice of termination.",LD-2,Is the relationship between liquidated damages and the liability cap stated?,Silent or conflicting,,,,,,,,,,,,,,,,,,
bb5881654890ee88,calibration,"BERKELEYLIGHTS,INC_06_26_2020-EX-10.12-COLLABORATION AGREEMENT.PDF",2686,License Grant,"For clarity and without limiting Section 8.8.1 (Non-Exclusive Manufacturing License; Covenant), the licenses granted to Ginkgo in Section 9.1.1 (Scope of Grants) and Section 9.1.2 (License Grant to Exploit [***]) do not include the right to make, have made, offer to sell or sell Consumables, [***], to or for Third Parties or any Ginkgo Affiliate or Ginkgo Subcontractor that are [***] on the Beacon Platform [***].",LIC-1,"Are field, territory, and purpose of the license clear?",Unclear or missing,,,,,,,,,,,,,,,,,,
b2922e5abb1005b6,calibration,MTITECHNOLOGYCORP_11_16_2004-EX-10.102-Reseller Agreement Premier Addendum.PDF,2438,License Grant,Reseller grants McDATA a license to use Reseller's trademarks and corporate logos solely for such marketing and reference purposes.,LIC-2,Is the license broader than the commercial deal requires?,Yes,,,,,,,,,,,,,,,,,,
e4acea21116942c0,calibration,LECLANCHÉ S.A. - JOINT DEVELOPMENT AND MARKETING AGREEMENT.PDF,5657,License Grant,"Where appropriate and to the extent required, each party undertakes to grant a royalty free license to the other Party solely for the design and development of product(s) under this Agreement.",LIC-3,Are sublicense or affiliate rights missing when the deal needs them?,Yes,,,,,,,,,,,,,,,,,,
2b6fc0aa4afda0b0,calibration,"CURAEGISTECHNOLOGIES,INC_05_26_2010-EX-1-CORPORATE SPONSORSHIP AGREEMENT.PDF",4630,Cap On Liability,"Upon termination of this Agreement, NEITHER PARTY SHALL BE LIABLE TO THE OTHER FOR ANY CONSEQUENTIAL,  EXEMPLARY, SPECIAL, INCIDENTAL OR PUNITIVE DAMAGES, EVEN IF IT HAS BEEN ADVISED OF THE POSSIBILITY OF SUCH  DAMAGES, WHICH ARE RELATED TO THE AGREEMENT OR ITS BREACH.",LOL-1,Is there no express monetary or fee-based liability cap?,Yes,,,,,,,,,,,,,,,,,,
01f3cd69c2ca5b27,calibration,SENMIAOTECHNOLOGYLTD_02_19_2019-EX-10.5-Collaboration Agreement.PDF,145,Cap On Liability,"Party B has fully understood the functions and characteristics of services of the Platform prior to the use of the Platform and agrees that Party A shall not be liable to Party B for any defect in software, insufficiency of function or any necessary improvement.",LOL-2,Is the cap mutual?,One-sided protecting only the counterparty,,,,,,,,,,,,,,,,,,
acf1137a450dfebd,calibration,AIRSPANNETWORKSINC_04_11_2000-EX-10.5-Distributor Agreement.PDF,345,Cap On Liability,"Airspan shall not be liable to Distributor on account of termination or expiration of this Agreement for reimbursement or damages for loss of goodwill, prospective profits, or anticipated orders, or on account of any expenditures, investments, leases, or commitments made by either party, or for any other reason whatsoever based upon or growing out of such termination or expiration.",LOL-3,Is the liability cap nominal or very low relative to deal value or exposure?,Yes,,,,,,,,,,,,,,,,,,
37d4cc73e3f01757,calibration,AIRSPANNETWORKSINC_04_11_2000-EX-10.5-Distributor Agreement.PDF,342,Cap On Liability,"And Distributor, taken as a whole, shall be liable for physical damage to Airspan's property resulting from Distributor's negligence under or in connection with this Agreement up to a maximum aggregate amount of one million US Dollars (US$1,000,000).",LOL-4,"Are high-risk heads missing from the liability-cap carve-outs (for example IP, confidentiality/data, fraud, willful misconduct, gross negligence)?",Yes,,,,,,,,,,,,,,,,,,
29a6ba7728658e62,calibration,GSVINC_05_15_1998-EX-10-SPONSORSHIP AGREEMENT.PDF,6057,Cap On Liability,"EXCEPT UNDER SECTIONS 13(a) AND 13(b), IN NO EVENT WILL EITHER PARTY             BE LIABLE TO THE OTHER FOR ANY SPECIAL, INCIDENTAL OR CONSEQUENTIAL             DAMAGES, WHETHER BASED ON BREACH OF CONTRACT, TORT (INCLUDING             NEGLIGENCE) OR OTHERWISE, WHETHER OR NOT THAT PARTY HAS BEEN ADVISED             OF THE POSSIBILITY OF SUCH DAMAGE. THE LIABILITY OF EITHER PARTY FOR             DAMAGES OR ALLEGED DAMAGES HEREUNDER, WHETHER IN CONTRACT, TORT OR             ANY OTHER LEGAL THEORY, IS LIMITED TO, AND WILL NOT EXCEED, THE             AMOUNTS TO BE PAID BY CLIENT TO EXCITE HEREUNDER.",LOL-5,Is the exclusion of consequential or indirect damages one-sided against the reviewing party?,Yes,,,,,,,,,,,,,,,,,,
2c1e51d93558275a,calibration,"BERKELEYLIGHTS,INC_06_26_2020-EX-10.12-COLLABORATION AGREEMENT.PDF",2653,Most Favored Nation,"With respect to any [***],<omitted>(ii) the per unit pricing charged by BLI to Ginkgo at any time shall be no greater than the lowest of the (A) lowest price per unit charged by BLI or its Affiliates to any similarly situated Third Party customer (i.e. taking into account [***]) for such unit at any time in the [***] ([***]) months prior to the delivery of the applicable Purchase Order by Ginkgo or (B) the then- current List Price; provided, however, that in no event shall BLI be required to charge a price less than the cost of goods sold for such unit, as determined in accordance with United States generally accepted accounting principles, consistently applied.",MFN-1,"Is MFN scope (price, terms, customers, territory) clear?",Unclear,,,,,,,,,,,,,,,,,,
e82c84ec1de42e55,calibration,AIRSPANNETWORKSINC_04_11_2000-EX-10.5-Distributor Agreement.PDF,324,Most Favored Nation,"Airspan warrants that during the term of this Agreement, the prices at      which Airspan sells to Distributor products supplied under this Agreement      shall be no less favorable to the Distributor than those prices at which      Airspan sells, at substantially the same time in the United States, similar      products and pursuant to similar terms and conditions as those by which      Airspan sells Products to the Distributor under this Agreement.",MFN-2,Does MFN conflict with other price or discount restrictions in the contract?,Yes,,,,,,,,,,,,,,,,,,
f27b4ff473d87807,calibration,GpaqAcquisitionHoldingsInc_20200123_S-4A_EX-10.8_11951679_EX-10.8_Service Agreement.pdf,1605,Minimum Commitment,"A minimum of [***] in mutually agreed upon EME financing will be contracted for by the Parties, with a minimum of [***] of such aggregate amount to be contracted for in each of [***] and [***].",MIN-1,Is there a minimum purchase or take-or-pay obligation?,Yes — check relief terms,,,,,,,,,,,,,,,,,,
9a6bfc27fbadf2fc,calibration,MEDIWOUNDLTD_01_15_2014-EX-10.6-SUPPLY AGREEMENT.PDF,2470,Minimum Commitment,Purchase orders issued by MediWound to CBC for quantities within the [***]% of the Annual Forecast shall be binding upon CBC and shall be deemed accepted upon delivery of the purchase order to CBC.,MIN-2,Is there relief if goods or services are not delivered or are unusable?,No,,,,,,,,,,,,,,,,,,
ed425228487ca329,calibration,GSVINC_05_15_1998-EX-10-SPONSORSHIP AGREEMENT.PDF,6047,Non-Compete,"Excite will in ""good faith"" ensure Client that the above mentioned             banners and promotional placements will be more prominently             presented than any other ""competitive retailer's"" banners or             promotional placements for the term of the Agreement. For the             purposes of this Agreement, a ""competitive retailer"" means an             on-line department store comparable to Bloomingdale's, Macy's,             Burdine's, Shopping.com, Chef's Catalog or iQVC.",NC-1,"Are scope, geography, and duration reasonable?",Over-broad or excessively long,,,,,,,,,,,,,,,,,,
5357cc6510e752f7,calibration,AIRSPANNETWORKSINC_04_11_2000-EX-10.5-Distributor Agreement.PDF,328,Non-Compete,"During the term of this Agreement Distributor agrees that neither it      nor any organization or entity controlled or directed by it will, without      Airspan's prior, written consent, represent a manufacturer or supplier of      products similar in design or performance to or which are of such a nature      as to be competitive with any products contained in the Airspan Products.",NC-2,Is there a meaningful exception or carve-out for ordinary business?,No,,,,,,,,,,,,,,,,,,
3035aaab842fb522,calibration,"XLITECHNOLOGIES,INC_12_11_2015-EX-10.1-Sponsorship Agreement.PDF",1555,Non-Disparagement,"In further consideration of this Agreement, XLI shall not in any way disparage the Trademarks, nor any of WCC's parent, subsidiary, or affiliated companies' trademarks or its or their products.",NDS-1,Is the non-disparagement restriction materially broader than needed for the transaction?,Yes,,,,,,,,,,,,,,,,,,
c21644911314aca3,calibration,AlliedEsportsEntertainmentInc_20190815_8-K_EX-10.34_11788308_EX-10.34_Sponsorship Agreement.pdf,5673,Non-Disparagement,"Each Party covenants that it shall not make, publish or communicate to any person or entity in any online or other public forum any defamatory, misleading or disparaging remarks, comments or statements concerning (a) the other Party or any of its affiliates, or any of such Party's or its affiliates' respective employees, officers, directors, agents, officials, equity holders, investors or sponsors, or (b) any software, products or services of the other Party or any affiliate.",NDS-2,"Is the restriction mutual and subject to appropriate legal, regulatory, or truthful-reporting exceptions?",No / unclear,,,,,,,,,,,,,,,,,,
115269557043bcae,calibration,AlliedEsportsEntertainmentInc_20190815_8-K_EX-10.34_11788308_EX-10.34_Sponsorship Agreement.pdf,5674,Non-Disparagement,"Without limiting the preceding sentence, Allied agrees not to use the Newegg Marks in any advertising materials or conduct any activities in a manner that may be seen to unreasonably modify, alter, detract from or impair the integrity, character, or dignity of the Newegg Marks or reflect unfavorably upon Newegg or Newegg Products.",NDS-3,Is the duration or covered audience unclear or unusually extensive?,Yes / unclear,,,,,,,,,,,,,,,,,,
3f43d3ab67f3c02f,calibration,CHAPARRALRESOURCESINC_03_30_2000-EX-10.66-TRANSPORTATION CONTRACT.PDF,1357,Notice Period To Terminate Renewal,"In accordance with items 9.3, 9.4, and 10.3, this Contract shall come into      force on the Effective Date, remain effective throughout the Initial Term,      and be prolonged, or further extended automatically for a period of 12





     months, each such extension commencing at the end of the last day of the      Initial Term or the relevant anniversary thereof, unless either Party      serves written notice of termination on the other Party at least 65 days      prior to the end of the Initial Term, or any subsequent extension.",NOT-1,Is a notice period to prevent renewal stated?,No,,,,,,,,,,,,,,,,,,
1c28fe304f329f14,calibration,MARTINMIDSTREAMPARTNERSLP_01_23_2004-EX-10.3-TRANSPORTATION SERVICES AGREEMENT.PDF,4763,Notice Period To Terminate Renewal,"This Agreement will automatically renew for successive one year terms (each a ""Renewal Term"", and together with the Initial Term, the ""Term""), unless either Charterer or Owner elects not to renew this Agreement by providing the other party with written notice of such election 30 days prior to the expiration of the Initial Term or Renewal Term, as applicable, at which point this Agreement will automatically terminate.",NOT-2,Can the deadline be calculated clearly from the renewal or term dates?,No,,,,,,,,,,,,,,,,,,
0829768a2dee407a,calibration,CHAPARRALRESOURCESINC_03_30_2000-EX-10.66-TRANSPORTATION CONTRACT.PDF,1357,Notice Period To Terminate Renewal,"In accordance with items 9.3, 9.4, and 10.3, this Contract shall come into      force on the Effective Date, remain effective throughout the Initial Term,      and be prolonged, or further extended automatically for a period of 12





     months, each such extension commencing at the end of the last day of the      Initial Term or the relevant anniversary thereof, unless either Party      serves written notice of termination on the other Party at least 65 days      prior to the end of the Initial Term, or any subsequent extension.",NOT-3,Does the notice window fall inside the current term in a workable way?,No,,,,,,,,,,,,,,,,,,
4cffd722265c29f0,calibration,SteelVaultCorp_20081224_10-K_EX-10.16_3074935_EX-10.16_Affiliate Agreement.pdf,6631,No-Solicit Of Customers,Marketing Affiliate shall not directly or indirectly solicit an existing business customer of  Equidata during the term and condition of this Agreement other than for joint marketing purposes.,NS-1,Is non-solicit so broad it functions as a non-compete?,Yes,,,,,,,,,,,,,,,,,,
a29b7519909134d0,calibration,"GIGGLESN_HUGS,INC_06_23_2016-EX-10.2-STRATEGIC ALLIANCE AGREEMENT.PDF",10484,No-Solicit Of Employees,"Consultant will not, during the Term, and for a period of one (1) year thereafter, directly or indirectly: (i) solicit, recruit or promote the solicitation or recruitment of any employee or consultant of the Company for the purpose of encouraging that employee or consultant to leave the Company's employ or sever an agreement for services",NS-2,Are duration and covered persons reasonable?,No,,,,,,,,,,,,,,,,,,
c9c27272e3cffff7,calibration,FuelcellEnergyInc_20191106_8-K_EX-10.1_11868007_EX-10.1_Development Agreement.pdf,5832,Non-Transferable License,"In the event that ExxonMobil fails to notify FCE before the end of the Term of the Agreement of ExxonMobil's intent to negotiate a subsequent or follow-on commercial agreement, ExxonMobil agrees to negotiate a grant to FCE, under commercially reasonable terms to be determined in good faith, a worldwide, royalty-free, non-exclusive, non-sub-licensable (except as set forth herein) right and license to practice ExxonMobil Background Information and ExxonMobil Background Patents for Generation 1 Technology in Carbon Capture Applications.",NTL-1,"Does the license prohibit transfer, assignment, or sublicense in a way that could block the intended operational use?",Yes,,,,,,,,,,,,,,,,,,
58bb5d553ab2c873,calibration,FuelcellEnergyInc_20191106_8-K_EX-10.1_11868007_EX-10.1_Development Agreement.pdf,5835,Non-Transferable License,All rights and licenses in this Paragraph (b)(1)(ii) may be extended to contractors performing work on behalf of FCE but are not otherwise sub-licensable.,NTL-2,"Are affiliate, merger, acquisition, financing, or other necessary transfer exceptions absent?",Yes,,,,,,,,,,,,,,,,,,
faee620c5f35935d,calibration,GpaqAcquisitionHoldingsInc_20200123_S-4A_EX-10.8_11951679_EX-10.8_Service Agreement.pdf,1608,Non-Transferable License,"Constellation grants to the HOF Entities a nonexclusive, nontransferable, royalty-free license to use the marks set forth on Exhibit G (""Constellation's Marks"") in the United States or online throughout the Term solely in connection with the Sponsorship Rights, the advertising and promotion of the Village, including any musical, athletic or other live performance events at the Village, in connection with the name of the Center for Excellence and/or any Co-Branded Center for Excellence Logos and otherwise as expressly contemplated by this Agreement.",NTL-3,Do transfer restrictions conflict with the anti-assignment or change-of-control provisions?,Yes / inconsistent,,,,,,,,,,,,,,,,,,
bcf54e913cea7585,calibration,GpaqAcquisitionHoldingsInc_20200123_S-4A_EX-10.6_11951677_EX-10.6_License Agreement.pdf,6864,Price Restrictions,"The Parties acknowledge and agree that two hundred twenty five thousand dollars ($225,000) (the ""Youth Sports License Fee"") shall be credited against the Annual Guarantee on the Closing Date and each anniversary of the Closing Date during the Term for the license granted by PFHOF to Youth Sports Management, LLC (""Youth Sports"") pursuant to that certain branding license agreement to be entered into on the Effective Date between PFHOF and Youth Sports for so long as such agreement remains in effect; provided that after the first five (5) years of the Term, the Youth Sports License Fee shall increase by three percent (3%) on a year-over year basis and thereafter, the aggregate amount of the Youth Sports License Fee, after giving effect to such increase each year, shall be the amount credited against the Annual Guarantee.",PR-1,Can the counterparty raise prices without clear limits or notice?,Yes,,,,,,,,,,,,,,,,,,
25911250042139d7,calibration,VitalibisInc_20180316_8-K_EX-10.2_11100168_EX-10.2_Hosting Agreement.pdf,1750,Price Restrictions,VOTOCAST will give Licensee at least thirty (30) days prior written notice of any rate changes during any Renewal Term.,PR-2,Are price-adjustment formulas and triggers stated clearly?,No,,,,,,,,,,,,,,,,,,
34277e73b4378803,calibration,PhasebioPharmaceuticalsInc_20200330_10-K_EX-10.21_12086810_EX-10.21_Development Agreement.pdf,792,Post-Termination Services,"SFJ shall, and shall cause its Affiliates to, promptly assign to PB or its designee any and all Clinical Trial Agreements, CRO Agreements and other Vendor Agreements to which any of them is a party and cooperate in good faith with PB to provide appropriate notice and new contact information to the applicable Sites, Clinical Investigators, CROs and other Vendors and PB shall accept such assignment of all obligations of SFJ and its Affiliates thereunder without recourse to SFJ other than any indemnification obligations which SFJ may be liable for thereunder.",PTS-1,Is transition or post-termination assistance required where continuity matters?,No,,,,,,,,,,,,,,,,,,
4e128c692226230b,calibration,PhasebioPharmaceuticalsInc_20200330_10-K_EX-10.21_12086810_EX-10.21_Development Agreement.pdf,780,Post-Termination Services,"In the event that SFJ terminates this Agreement pursuant to this Section 14.2.6, then, in exchange for purchasing the Trial Data Package including the Research Results included therein as set forth in Section 11.1.1.4, PB will pay to SFJ within [***] of the date of termination an amount equal to one hundred fifty percent (150%) of Development Costs which were paid or incurred by SFJ. PB or its successor (whose performance shall be guaranteed by PB) shall be obligated to continue to exercise Commercially Reasonable Effort to develop the Product and seek Regulatory Approval as set forth herein following the date of such termination including the Trial Data Package including the Research Results included therein as set forth in Section 11.1.1.4, PB shall remain obligated to pay any Approval Payments that become due and payable pursuant to ARTICLE 6 at such time as such Approval Payments become due and payable (if ever) pursuant to ARTICLE 6 (except to the extent of the amount of any Buy-Out Payment paid by PB pursuant to Section 6.7), provided that such Approval Payments (or Buy-Out Payment, as applicable) shall be adjusted as set forth in Section 6.2, and shall be reduced by the amount previously paid to SFJ as set forth in this Section 14.2.6.",PTS-2,"Are duration, fees, and data-return terms for post-termination services clear?",No,,,,,,,,,,,,,,,,,,
a400a96621de2f0b,calibration,MTITECHNOLOGYCORP_11_16_2004-EX-10.102-Reseller Agreement Premier Addendum.PDF,2433,Renewal Term,"Thereafter, this Agreement automatically renews for successive terms of one (1) year.",REN-1,Is renewal automatic or evergreen?,Yes — then require workable non-renewal notice,,,,,,,,,,,,,,,,,,
51ce4da34cec54ea,calibration,EmeraldHealthBioceuticalsInc_20200218_1-A_EX1A-6 MAT CTRCT_11987205_EX1A-6 MAT CTRCT_Development Agreement.pdf,2837,Renewal Term,"The Services Term of this Agreement shall be automatically renewed for successive two-year terms thereafter unless written notice is given by either party to the other, indicating that party's intention not to renew the Services Term of this Agreement, at least ninety (90) days prior to the end of the initial Services Term or any renewed Services Term.",REN-2,Is the non-renewal notice period stated and calculable from the renewal date?,No,,,,,,,,,,,,,,,,,,
9612bff62ac7c445,calibration,GpaqAcquisitionHoldingsInc_20200123_S-4A_EX-10.6_11951677_EX-10.6_License Agreement.pdf,6845,Renewal Term,"If either party elects not to renew the Agreement and the other party wishes to continue the Agreement, the Parties shall attempt in good faith to negotiate an amendment to the Agreement to renew the Term on such terms as may be negotiated by the Parties.",REN-3,Is the notice window so early that non-renewal is impractical?,Yes,,,,,,,,,,,,,,,,,,
c38d621d3f341667,calibration,"TRANSPHORM,INC_02_14_2020-EX-10.12(1)-JOINT VENTURE AGREEMENT.PDF",2191,Rofr/Rofo/Rofn,"If, after the Effective Date, FSL or AFSL shall have materially breached any of its representations or warranties contained in this Agreement or shall have failed to comply in any material respect with any of the other covenants or agreements contained in this Agreement, which breach or failure shall not have been remedied within thirty (30) days after the Default Notice has been given by TPH-A to FSL/AFSL, then TPH-A shall have the option of purchasing from AFSL, and AFSL shall be obligated to sell, all of the Shares then owned by AFSL at a purchase price per Share equal to the lesser of: (i) the Net Book Value as of the most recent month end (provided that, if the Net Book Value is a negative amount, the product of the Net Book Value multiplied by such Sale Shares shall be deemed to be one Japanese Yen (¥1)), or (ii) the Shares Purchase Price, divided by the number of Sale Shares. TPH-A shall provide the Election Notice to purchase the Shares owned by AFSL within ten (10) Business Days following the expiration of the thirty (30) day cure period set forth in the Default Notice. The closing of the purchase of the Shares owned by AFSL shall take place within thirty (30) Business Days following the date of the Election Notice, or at such other time as the Parties may mutually agree. At such closing, TPH-A shall deliver to AFSL, by wire transfer, the full amount of the purchase price in Japanese Yen for such Shares as provided in this Section 7.5.2 against delivery by AFSL of the following: (a) a sale agreement in form reasonably satisfactory to TPH-A containing among other things, a representation and warranty of AFSL that it is, and TPH-A shall be, the beneficial owner of such Shares, with good title thereto, free and clear of all liens and other encumbrances; (b) documentary evidence reasonably satisfactory to TPH-A of the transfer to it of all of AFSL's Shares and (c) resignations of all Directors, if any, on the Board appointed by AFSL. Notwithstanding the remedies provided in this Section 7.5.2, TPH/TPH-A shall be entitled to all other remedies against FSL/AFSL available at law or equity or under this Agreement.",ROFR-1,"Is the trigger for the right of first refusal, offer, or negotiation clearly defined?",No / unclear,,,,,,,,,,,,,,,,,,
ebab7f0b1b43945d,calibration,FuelcellEnergyInc_20191106_8-K_EX-10.1_11868007_EX-10.1_Development Agreement.pdf,5802,Rofr/Rofo/Rofn,"Notwithstanding the foregoing, in the event ExxonMobil decides not to prosecute, defend, enforce, maintain or decides to abandon any Program Patent, then ExxonMobil will provide notice thereof to FCE, and FCE will then have the right, but not the obligation, to prosecute or maintain the Program Patent and sole responsibility for the continuing costs, taxes, legal fees, maintenance fees and other fees associated with that Program Patent.",ROFR-2,"Are notice, response, matching, negotiation, and expiry periods objectively calculable?",No / unclear,,,,,,,,,,,,,,,,,,
35c16cac68f8ea26,calibration,GOLDRESOURCECORP_12_11_2008-EX-10.1-STRATEGIC ALLIANCE AGREEMENT.PDF,57,Rofr/Rofo/Rofn,"Following delivery of the Acceptance Notice, if any, the HOC Entities shall pay for, and the Company shall issue to the relevant HOC Entities, free and clear of any liens, the number of Additional Securities specified in the Acceptance Notice and, except as otherwise agreed, the Company shall provide HOC with substantially the same closing documents, including opinions, if applicable, as are delivered to the other persons subscribing for Additional Securities on the closing date for such issuance.",ROFR-3,"Can the right materially constrain a transaction, sale, or third-party deal without a clear process?",Yes / unclear,,,,,,,,,,,,,,,,,,
df0716fc7f29e9e9,calibration,RaeSystemsInc_20001114_10-Q_EX-10.57_2631790_EX-10.57_Co-Branding Agreement.pdf,2570,Revenue/Profit Sharing,"For each User that accesses the co-branded             ------------------------ site  and  becomes  a  paying  customer  on the co-branded site, SpinRecords.com agrees  to  pay  a  fee  of  five  (5%)  percent  of  the  gross  sale.",RPS-1,"Are the revenue, profit, net sales, or other sharing bases defined sufficiently to calculate the amount owed?",No / unclear,,,,,,,,,,,,,,,,,,
3e9ffe856ee2adc5,development,Apollo Endosurgery - Manufacturing and Supply Agreement.PDF,7805,Anti-Assignment,"Neither Party shall have the right to assign this Agreement or any of its rights or obligations hereunder without the prior written consent of the other Party; provided, however, APOLLO may assign the Agreement to and may, without the<omitted>prior consent of ESTABLISHMENT, assign all of its rights under this Agreement to (i) a parent or subsidiary of Apollo, (ii) a purchaser of all or substantially all the Apollo assets related to this Agreement, or (iii) a third party acquiring control of Apollo through a merger, acquisition, sale of assets or other corporate reorganization.",AA-1,Is assignment restricted?,Yes — evaluate consent standard,,,,,,,,,,,,,,,,,,
6f4e85491f697f66,development,"PAXMEDICA,INC_07_02_2020-EX-10.12-Master Service Agreement.PDF",5222,Anti-Assignment,Any attempted assignment or delegation without such consent will be void.,AA-2,What is the consent standard?,"Absolute ban, or consent with no reasonableness limit",,,,,,,,,,,,,,,,,,
17dfd0acc265bc88,development,BNCMORTGAGEINC_05_17_1999-EX-10.4-LICENSING AND WEB SITE HOSTING AGREEMENT.PDF,583,Anti-Assignment,"Neither party shall assign or transfer any of its rights under this Agreement without the prior written approval of the other party, except no such approval shall be required for an assignment to a financially responsible affiliate.",AA-3,"Are there exceptions for affiliates, M&A, or financing?",None,,,,,,,,,,,,,,,,,,
63f5c3cc755e12a7,development,ENTRUSTINC_07_24_1998-EX-10.5-STRATEGIC ALLIANCE AGREEMENT.PDF,4883,Affiliate License-Licensor,"Subject to the terms and               -----------------------------------                           conditions of this Agreement, Entrust, to the extent of its legal right to do so, hereby grants to Nortel, under the Entrust Patents, an irrevocable, non- transferable, non-assignable, indivisible, non-exclusive, royalty-free, worldwide license for Licensed Products and Licensed Services.<omitted>""Entrust Patents"" shall mean all Patents: (i) which are owned or controlled at  ---------------                                                               any time during the Patent License Term by Entrust or any Entrust Subsidiary; or (ii) with respect to which, and to the extent to which, Entrust or any Entrust Subsidiary shall at any time during the Patent License Term have the right to grant the licenses and rights which are granted herein by Entrust.  The Entrust Patents as of the Effective Date are set forth in Exhibit A of the NTL Transfer Agreement.",AFFLR-1,Is the affiliate that owns or controls the licensed IP clearly identified or its authority established?,No / unclear,,,,,,,,,,,,,,,,,,
09020c859cf5b88d,development,"Array BioPharma Inc. - LICENSE, DEVELOPMENT AND COMMERCIALIZATION AGREEMENT.PDF",8439,Affiliate License-Licensor,"Subject to the terms and conditions of this Agreement, following registration of the Product Trademark(s) by Array in the Ono Territory pursuant to Section 12.3 below, Array shall assign, and shall cause its Affiliates to assign, to Ono all rights to the Product Trademark(s) so registered in the Ono Territory at Ono's cost and expense, in each case solely for the purpose of Commercializing the Products in the Ono Territory in accordance with this Agreement.",AFFLR-2,Does the agreement clearly connect the affiliate-owned IP to the granted license and applicable obligations?,No / unclear,,,,,,,,,,,,,,,,,,
3142c4740ce182e4,development,ENTRUSTINC_07_24_1998-EX-10.5-STRATEGIC ALLIANCE AGREEMENT.PDF,4884,Affiliate License-Licensor,"Subject to the terms and               --------------------------------                           conditions of this Agreement, NTL, to the extent of its legal right to do so, hereby grants to Entrust under the Nortel Patents, a non-transferable, non- assignable, indivisible, non-exclusive, royalty-free, worldwide license for Licensed Products and Licensed Services.<omitted>""Nortel Patents"" shall mean all Patents other than Patents included in NTL  --------------                                                            Technology: (i) which are owned or controlled at any time during the Patent License Term by Nortel or any Nortel Subsidiary; or (ii) with respect to which, and to the extent to which, Nortel or any Nortel Subsidiary shall at any time during the Patent License Term have the right to grant the licenses and rights which are herein granted by Nortel including through cross licenses or otherwise.",AFFLR-3,Is there a material continuity or enforcement gap if the affiliate is not a party to the main agreement?,Yes / possible,,,,,,,,,,,,,,,,,,
f3761f635f7d422a,development,SigaTechnologiesInc_20190603_8-K_EX-10.1_11695818_EX-10.1_Promotion Agreement.pdf,9263,Affiliate License-Licensee,"Each such subcontractor listed on Exhibit A attached hereto and any Affiliate or Third Party approved by SIGA as an MMT sublicensee pursuant to this Section 2.1(b) shall be deemed to be a ""Permitted Sublicensee"" for purposes of this Agreement.",AFFLS-1,Are the affiliates permitted to use the licensed rights clearly identified or objectively determinable?,No / unclear,,,,,,,,,,,,,,,,,,
b1b0530a670f7efd,development,QuantumGroupIncFl_20090120_8-K_EX-99.2_3672910_EX-99.2_Hosting Agreement.pdf,6987,Affiliate License-Licensee,"Customer hereby grants to IBM, its Affiliates and Subcontractors all rights and licenses to, or agrees to promptly obtain and keep in effect Required Consents for all Customer Components, necessary for IBM to perform all of its obligations as set forth in this Agreement.",AFFLS-2,"Are affiliate use rights bounded by the same field, territory, purpose, duration, and security obligations as the main license?",No / unclear,,,,,,,,,,,,,,,,,,
1ea4d8452d5ad24b,development,"FOUNDATIONMEDICINE,INC_02_02_2015-EX-10.2-Collaboration Agreement.PDF",9192,Affiliate License-Licensee,"Effective after the Immunotherapy Exclusivity Period, Roche hereby grants to FMI a non-exclusive, royalty-free, worldwide, perpetual, and sublicensable to Affiliates, license to any intellectual property arising from the Immunotherapy Testing Platform Development Program Controlled by Roche (excluding Roche Immunotherapy Sample Results) to the extent necessary<omitted>for FMI to develop, make, have made, use, offer for sale, sell, import and commercialize the Immuno-Biomarker Discovery Platform, Signature Identification services, Clinical Study assays, CDx assays, or any other FMI testing or services (including that are part of the Genomic Analysis Platform).",AFFLS-3,Could affiliate use materially expand the commercial scope or exposure without corresponding controls?,Yes,,,,,,,,,,,,,,,,,,
35ff20ef9257c5f9,development,InmodeLtd_20190729_F-1A_EX-10.9_11743243_EX-10.9_Manufacturing Agreement.pdf,3729,Audit Rights,"Contractor shall permit Customer to audit its quality procedures, upon three (3) business day advance written notice to Contractor and shall provide all assistance which is reasonably necessary for Customer to evaluate the quality of the Products.",AUD-1,Are audit rights one-sided in a way that creates undue burden or data exposure for the reviewing party?,Yes,,,,,,,,,,,,,,,,,,
ad75507bffae6f89,development,"HALITRON,INC_03_01_2005-EX-10.15-SPONSORSHIP AND DEVELOPMENT AGREEMENT.PDF",7913,Audit Rights,All books of account and records of Licensee covering all transactions relating to the Licensee shall be retained by the Licensee until at least two (2) years after the expiration or termination of the Term for possible inspection by Smith.,AUD-2,"Are notice, frequency, and confidentiality protections for audits stated?",No,,,,,,,,,,,,,,,,,,
d8b6164afbfc0700,development,SmartRxSystemsInc_20180914_1-A_EX1A-6 MAT CTRCT_11351705_EX1A-6 MAT CTRCT_Distributor Agreement.pdf,2552,Covenant Not To Sue,"Distributor acknowledges that Company owns and retains all copyrights and other proprietary rights in all the Products, and agrees that it will not at any time during or after the term of this Agreement assert or claim any interest in or do anything that may adversely affect the validity or enforceability of any trademark, trade name, copyright or logo belonging to or licensed to Company (including without limitation any act, or assistance to any act, which may infringe or lead to the infringement of any copyright in the Products)",CNTS-1,Does the covenant restrict claims or enforcement rights more broadly than the commercial arrangement requires?,Yes,,,,,,,,,,,,,,,,,,
654e40258daefdff,development,ImpresseCorp_20000322_S-1A_EX-10.11_5199234_EX-10.11_Co-Branding Agreement.pdf,5725,Covenant Not To Sue,"Except for claims under Sections 9.4  [INDEMNIFICATION BY IMPRESSE] and 9.5  [INDEMNIFICATION BY VERTICALNET]<omitted>hereof, neither party may bring a claim or action regardless of form, arising out of or related to this Agreement, including any claim of fraud or misrepresentation, more than two years after the cause of action accrues or becomes known, whichever is later.",CNTS-2,"Are the covered claims, parties, duration, and exceptions clearly bounded?",No / unclear,,,,,,,,,,,,,,,,,,
504c12f55f2c66ff,development,"DUOSTECHNOLOGIESGROUP,INC_04_21_2009-EX-10.1-STRATEGIC ALLIANCE AGREEMENT.PDF",8858,Covenant Not To Sue,"Either Party may terminate this Agreement upon ten Business Day's Notice to  the other Party in the event the other Party contests or challenges to a material degree any of the other Party's Intellectual Property rights referred  to in Sections 5.1, and 5.3, respectively.",CNTS-3,Is the covenant materially one-sided or broader than any reciprocal protection?,Yes,,,,,,,,,,,,,,,,,,
5f83f319320ac0eb,development,DYNTEKINC_07_30_1999-EX-10-ONLINE HOSTING AGREEMENT.PDF,4211,Change Of Control,"Tadeo will have the right (but not the obligation) to terminate this Agreement and the rights granted to Diplomat hereunder, upon 60 days written notice to Diplomat, following the acquisition of all or substantially all of the assets of Diplomat by any Permitted Assignee (as defined in Section 9(a) of this Agreement), or the acquisition of the beneficial ownership of at least 20% (the ""Threshold"") of the voting power represented by the voting securities of Diplomat, any successor thereto or any Permitted Assignee by any person or<omitted>""group"" within the meaning of Sections 13(d)(3) and 14(d)(2) of the Securities Exchange Act of 1934, as amended (the ""Exchange Act""), or any successor provision to either of the foregoing, including any group acting for the purpose of acquiring, holding or disposing of securities within the meaning of Rule 13d-5(b)(1) under the Exchange Act or any successor provision thereof (a ""group"") other than The Rubin Family Irrevocable Stock Trust U/A dated April 30, 1997, organized under the laws of the State of New York (the ""Trust""), Robert M. Rubin (""Rubin""), or any affiliate of Rubin or the Trust.",COC-1,What happens on a change of control?,Automatic termination or harsh adverse effect,,,,,,,,,,,,,,,,,,
6240d57194759c92,development,MACROGENICSINC_08_02_2013-EX-10-COLLABORATION AGREEMENT.PDF,6894,Change Of Control,"In the event of a Change in Control involving MacroGenics, MacroGenics shall provide prompt written notice to Green Cross following such Change in Control, and Green Cross may, in its sole discretion, terminate this Agreement by providing written notice to MacroGenics within *** of Green Cross' receipt of such written notice of the Change in Control.",COC-2,Is the same corporate event treated inconsistently versus the anti-assignment clause?,Yes,,,,,,,,,,,,,,,,,,
51da1952c6e2d161,development,"OPTIMIZEDTRANSPORTATIONMANAGEMENT,INC_07_26_2000-EX-6.6-DISTRIBUTOR AGREEMENT.PDF",513,Competitive Restriction Exception,"Upon the effective date of this agreement COMWARE shall have the exclusive right to purchase, at the DISCOUNTS described below, and resell Products to potential customers during the Initial Distribution Period, based on the following terms and conditions:

(a)    COMWARE must purchase no less than $22,710.00 worth of Products, in any        combination,  by April 15, 2000.  This initial order shall be evidenced        by valid  purchase  order from  COMWARE to be  received by ITS no later        than 5:00PM April 1, 2000,  with payment to be received by ITS no later        than April 15,  2000.  In the event  either of these dates are not met,        this Agreement will automatically and immediately terminate and neither        of the parties  hereto will have any  further  obligations,  one to the        other.

(b)    Future  Purchase  Orders  and  delivery  will  approximate  the  15 day        delivery schedule (but not the dates), although payment will be made by        COMWARE to ITS no later than thirty (30) days after  receipt of invoice        from ITS.

(c)    Provided  COMWARE  purchases  the  initial  products  as in (a)  above,        COMWARE  shall have the right to purchase  additional  Products up to a        total of $45,420.00 at the following discounts:

                                       1

     INITIAL DISCOUNTS:

         PRODUCT IDENTIFICATION     SUGGESTED RETAIL PRICE       DISCOUNT        PRICE TO COMWARE -------------------------------------------------------------------------------------------------                                                                                          CircuiTest 2000S           $5,995.00                       45%                 $3,297.25          CircuiTest 2100 Scanner    $2,995.00                       56%                 $1,317.80

        (INTERNATIONAL TEST SYSTEMS RESERVES THE RIGHT TO CHANGE THE RETAIL         PRICE AT ANY TIME, WITH NOTICE TO COMWARE.)

(d)      In the event COMWARE purchases  products in excess of $45,420.00 during          the  Initial  Distribution  Period, COMWARE  shall  have  the  right to          purchase additional Products at the following discounts:

     SUBSEQUENT DISCOUNTS:

         PRODUCT IDENTIFICATION     SUGGESTED RETAIL PRICE       DISCOUNT        PRICE TO COMWARE -------------------------------------------------------------------------------------------------                                                                                          CircuiTest 2000S           $5,995.00                       50%                 $2,997.50          CircuiTest 2100 Scanner    $2,995.00                       60%                 $1,198.00

        (INTERNATIONAL TEST SYSTEMS RESERVES THE RIGHT TO CHANGE THE RETAIL         PRICE AT ANY TIME, WITH NOTICE TO COMWARE.)",CRE-1,"Are exceptions to exclusivity, non-compete, or similar restrictions clearly defined?",No / unclear,,,,,,,,,,,,,,,,,,
d83cd8408e782d64,development,Monsanto Company - SECOND A&R EXCLUSIVE AGENCY AND MARKETING AGREEMENT .PDF,7637,Competitive Restriction Exception,"Notwithstanding the foregoing provisions of this Section 6.13(c), the Agent shall have the right to market and make sales of Roundup Products labeled for Lawn and Garden Use to any business that markets and makes sales to Lawn and Garden Channels in Mexico regardless of whether that business also makes sales to the Ag Market in Mexico, and such sales shall not constitute a violation of Section 6.13(c) of this Section 6.13(c).",CRE-2,Do the exceptions materially weaken the protection expected by the reviewing party?,Yes,,,,,,,,,,,,,,,,,,
90a8b3f7cd8c5aff,development,SimplicityEsportsGamingCompany_20181130_8-K_EX-10.1_11444071_EX-10.1_Franchise Agreement.pdf,1303,Competitive Restriction Exception,"""Exclusivity"" shall mean that Franchisor shall not grant any further licenses to third parties in the Trademarks for use in connection with Smaaash Centres in the Territory, and the Franchisee shall not enter into any arrangement or agreement with any third parties for establishing or operating any gaming and entertainment centres identical or similar to Smaaash Centres, in the Territory except as otherwise provided in this Agreement; provided, however, that Franchisor may continue to use the Trademarks in the Territory in connection with the operation of Franchisor's entertainment centers already",CRE-3,Are the exception triggers consistent with the surrounding restriction clauses?,No / unclear,,,,,,,,,,,,,,,,,,
30a8314d7e6701de,development,CORIOINC_07_20_2000-EX-10.5-LICENSE AND HOSTING AGREEMENT.PDF,7193,Source Code Escrow,"Within sixty (60) days of the Effective Date, Commerce         One agrees to execute an escrow agreement by and among Corio, Commerce         One and a mutually acceptable escrow agent (the ""ESCROW AGENT"").",ESC-1,Is the licensed software business-critical with no escrow or equivalent continuity path?,Yes,,,,,,,,,,,,,,,,,,
c2407c99854f9497,development,CORIOINC_07_20_2000-EX-10.5-LICENSE AND HOSTING AGREEMENT.PDF,7195,Source Code Escrow,"Upon the release of the Source Code to Corio pursuant to         Section 12.2 of this Agreement, Corio shall have a royalty-free,         nonexclusive, nontransferable, right and license in the Territory to use         and modify the Source Code to support and maintain the Software until         the expiration or termination of Corio's Customers' End User License         Agreements.",ESC-2,"Are release conditions clear (for example bankruptcy, material breach, failure to support)?",No,,,,,,,,,,,,,,,,,,
eed8ecf108335282,development,AgapeAtpCorp_20191202_10-KA_EX-10.1_11911128_EX-10.1_Supply Agreement.pdf,2296,Exclusivity,"The Manufacturer covenants not to sell any product listed in this agreement, or product name (as listed in schedule A of this agreement) to any other party without prior written consent of the Customer.",EXC-1,Is exclusivity granted without performance obligations or exit rights?,Yes,,,,,,,,,,,,,,,,,,
eecd84e0e990e65c,development,NakedBrandGroupInc_20150731_POS AM (on S-1)_EX-10.75_9196027_EX-10.75_Endorsement Agreement.pdf,9659,Exclusivity,"During the Term and subject to the limitations set forth in this Agreement, Naked shall have an exclusive right and license in the Territory to use Athlete's name, nickname, initials, autograph, image, likeness, photographs, biographical details, facsimile signature, voice, videos, electronic media depictions, any words, symbols or other depictions, as well as any other identifying attributes that would identify Athlete to the public, including any trade mark(s), copyrights which Wade has, as set forth on Schedule A attached hereto, and all multimedia assets that Wade owns or has right to use (collectively, the ""Wade Image"") solely for the advertising, endorsement, promotion, or sale of the Naked Products (including the Wade Products) in the Territory as follows:",EXC-2,Do exceptions hollow out the exclusivity or make it one-sided against the reviewing party?,Yes,,,,,,,,,,,,,,,,,,
a3bcd4f34ce4bcc4,development,AgapeAtpCorp_20191202_10-KA_EX-10.1_11911128_EX-10.1_Supply Agreement.pdf,2292,Governing Law,This agreement shall be governed by the Laws of England (English common and statutory Law).,GOV-1,Is governing law stated?,No,,,,,,,,,,,,,,,,,,
3aca11192ed57a89,development,SCOUTCAMINC_05_12_2020-EX-10.22-SERVICES AGREEMENT.PDF,6943,Governing Law,This Agreement shall be governed by and construed in accordance with the law of the State of New York without giving effect to the principles of conflicts of law thereof.,GOV-2,Is the forum or dispute mechanism consistent with the governing law?,Missing or inconsistent,,,,,,,,,,,,,,,,,,
0e63e3c1643d5d3e,development,BONTONSTORESINC_04_20_2018-EX-99.3-AGENCY AGREEMENT.PDF,5761,Insurance,"Agent shall maintain, at Agent's cost (as an Expense) and in such amounts as Agent currently has in effect, commercial general liability policies covering injuries to persons and property in or in connection with Agent's agency at the Stores and shall cause Merchant to be named as an additional insured with respect to such policies.",INS-1,Are insurance requirements stated where the activity creates material risk?,No,,,,,,,,,,,,,,,,,,
cb13adc6df32114d,development,Apollo Endosurgery - Manufacturing and Supply Agreement.PDF,7811,Insurance,"ESTABLISHMENT, at its sole cost and expense, will maintain appropriate insurance including, but not limited to, Commercial General Liability Insurance with premises, operations coverage including Person Injury/Property Damage coverage, with limits of not less than $1,000,000 per occurrence. As of January 1, 2015, such insurance shall also have annual aggregate limits not less than $2,000,000. Evidence of insurance indicating such coverage will be delivered to APOLLO upon request. The evidence will (a) indicate that the policy will not change or terminate without at least fifteen (15) days prior written notice to APOLLO, (b) APOLLO shall be listed as an additional insured on the commercial general liability policy.",INS-2,Are required limits aligned with residual liability exposure?,Limits far below exposure,,,,,,,,,,,,,,,,,,
f8cbcec94c0ca875,development,AtnInternationalInc_20191108_10-Q_EX-10.1_11878541_EX-10.1_Maintenance Agreement.pdf,5865,Ip Ownership Assignment,"To the extent needed to perfect AT&T's ownership in AT&T Data, Vendor hereby assigns all right, title and interest in AT&T Data to AT&T.",IP-1,Who owns newly created or deliverable IP?,"Vendor owns IP the customer paid to create, without clear license-back",,,,,,,,,,,,,,,,,,
31e818d0b6a9f0cb,development,BICYCLETHERAPEUTICSPLC_03_10_2020-EX-10.11-SERVICE AGREEMENT.PDF,2167,Ip Ownership Assignment,"To the extent that such IPRs do not vest automatically in the Company by operation of law, you hereby assign and agree to assign to the Company all of your right, title and interest in any existing and future IPRs which may subsist in any Works for their full term of protection (including any extensions, revivals and renewals) together with the right to sue and claim remedies for past infringement and all materials embodying these rights to the fullest extent permitted by law in any and all countries of the world.",IP-2,Is assignment language present-tense (for example 'hereby assigns') rather than only future ('will assign')?,Future-tense only,,,,,,,,,,,,,,,,,,
e5473911cea10642,development,"VIRTUALSCOPICS,INC_11_12_2010-EX-10.1-STRATEGIC ALLIANCE AGREEMENT.PDF",8682,Ip Ownership Assignment,"Unless otherwise addressed in an Intellectual Property Amendment, VS hereby assigns to PPD (or Sponsor as the case may be) all rights that VS may have in any invention, technology, know-how or other intellectual property which is developed with use of Confidential Information provided to VS by PPD.",IP-3,Does the clause assign the customer's pre-existing IP or data to the vendor?,Yes,,,,,,,,,,,,,,,,,,
4b24f9fa0ab0b033,development,"FOUNDATIONMEDICINE,INC_02_02_2015-EX-10.2-Collaboration Agreement.PDF",9178,Ip Ownership Assignment,"Roche shall exclusively own all information, results, and intellectual property from Advanced Genomic Analyses performed on Roche samples (""Roche-Owned Advanced Genomic Analysis Results""), and any inventions arising from the Roche-Owned Advanced Genomic Analysis Results, and FMI will assign all rights to any such inventions to Roche (except for FMI Improvements).",IP-4,Is each party's background IP clearly retained?,No,,,,,,,,,,,,,,,,,,
d5277a7660b43e8a,development,QuantumGroupIncFl_20090120_8-K_EX-99.2_3672910_EX-99.2_Hosting Agreement.pdf,6988,Irrevocable Or Perpetual License,"IBM grants Customer an irrevocable, nonexclusive, worldwide, paid-up license to use, execute, reproduce, display, and perform copies of such Materials and distribute within Customer's Affiliates only.",IPL-1,Is the license described as irrevocable or perpetual?,Present — then check IPL-2 and IPL-3,,,,,,,,,,,,,,,,,,
894374a2bfba216b,development,CORIOINC_07_20_2000-EX-10.5-LICENSE AND HOSTING AGREEMENT.PDF,7192,Irrevocable Or Perpetual License,"Subject to the terms and conditions of this         Agreement, Commerce One grants to Corio a nonexclusive, nontransferable         (except in accordance with Section 14.1 of this Agreement),         royalty-free, fully paid up, perpetual right and license in the         Territory to reproduce, install and use additional copies of the         Software and Software tools and utilities, subject to any restrictions         placed on the Commerce One by third party software providers, in machine         executable object code for (i) Corio's internal business operations and         (ii) production, testing, development, upgrade, reporting and training.",IPL-2,Can the supplier still terminate the license for convenience or minor breach?,Yes,,,,,,,,,,,,,,,,,,
d1fbda221e2f0636,development,BLUEFLYINC_03_27_2002-EX-10.27-e-business Hosting Agreement.PDF,2138,Irrevocable Or Perpetual License,"Customer grants to IBM:

      1.    an irrevocable, nonexclusive, worldwide, paid-up license to use,             execute, reproduce, display, perform, distribute (internally and             externally) copies of, and prepare derivative works based on Type I             Materials; and       2.    the right to authorize others to do any of the same.",IPL-3,Did the reviewing party grant an irrevocable or perpetual license it did not intend?,Yes,,,,,,,,,,,,,,,,,,
dff6a2afe671928f,development,"Array BioPharma Inc. - LICENSE, DEVELOPMENT AND COMMERCIALIZATION AGREEMENT.PDF",8424,Joint Ip Ownership,"Except to the extent any jointly-owned inventions or intellectual property are included in subject matter licensed by one Party to the other Party under this Agreement, each Party may only practice any such jointly-owned inventions or intellectual property for its own internal purposes, and neither Party shall have the right to enforce, license, or assign such jointly- owned inventions or intellectual property, without the prior written consent of the other Party.",JIPO-1,Are ownership shares or ownership rights for jointly created IP clearly defined?,No / unclear,,,,,,,,,,,,,,,,,,
d389fd6c7cfc0cfe,development,ADAPTIMMUNETHERAPEUTICSPLC_04_06_2017-EX-10.11-STRATEGIC ALLIANCE AGREEMENT.PDF,9949,Joint Ip Ownership,"With respect to any Inventions that are not Adaptimmune Inventions (""Other Inventions""),<omitted>where made jointly by MD Anderson and Adaptimmune and/or Adaptimmune Limited and their employees and agents will be jointly owned by MD Anderson and Adaptimmune Limited.",JIPO-2,"Are licensing, exploitation, enforcement, registration, and cost responsibilities for joint IP addressed?",No / unclear,,,,,,,,,,,,,,,,,,
c9572644488f44ce,development,ADAPTIMMUNETHERAPEUTICSPLC_04_06_2017-EX-10.11-STRATEGIC ALLIANCE AGREEMENT.PDF,9950,Joint Ip Ownership,"The Parties will reasonably cooperate with each other with respect to matters concerning jointly-owned Inventions to the extent reasonably necessary for filing, prosecuting, maintaining, defending or enforcing any such patents, registrations and other forms of intellectual property protection.",JIPO-3,"Are exit, termination, or dispute consequences for jointly owned IP unclear?",Yes / unclear,,,,,,,,,,,,,,,,,,
d55228ca96ce2301,development,IDREAMSKYTECHNOLOGYLTD_07_03_2014-EX-10.39-Cooperation Agreement on Mobile Game Business.PDF,8061,Liquidated Damages,"For the third time of the aforementioned violation, Party A will withhold the full amount of the performance bond already paid by Party B, and terminate the full-range business cooperation for one year.",LD-1,Does the amount appear to be a reasonable pre-estimate of loss rather than a penalty?,Looks punitive or arbitrary,,,,,,,,,,,,,,,,,,
6869bd5d552f2b96,development,IDREAMSKYTECHNOLOGYLTD_07_03_2014-EX-10.39-Cooperation Agreement on Mobile Game Business.PDF,8061,Liquidated Damages,"For the third time of the aforementioned violation, Party A will withhold the full amount of the performance bond already paid by Party B, and terminate the full-range business cooperation for one year.",LD-2,Is the relationship between liquidated damages and the liability cap stated?,Silent or conflicting,,,,,,,,,,,,,,,,,,
2ecafb9cd92b1a80,development,AtnInternationalInc_20191108_10-Q_EX-10.1_11878541_EX-10.1_Maintenance Agreement.pdf,5869,License Grant,"Vendor hereby grants and promises to grant and have granted to AT&T and its Affiliates a royalty-free, nonexclusive, sublicensable, assignable, transferable, irrevocable, perpetual, world- wide license in and to any applicable Intellectual Property Rights of Vendor to use, copy, modify, distribute, display, perform, import, make, sell, offer to sell, and exploit (and have others do any of the foregoing on or for AT&T's or any of its customers' behalf or benefit) any Intellectual Property Rights of Vendor or any third party that are not included in Material or Paid-For Development but necessary to operate the Cell Sites or receive the full benefit of the Work.",LIC-1,"Are field, territory, and purpose of the license clear?",Unclear or missing,,,,,,,,,,,,,,,,,,
6fe933df2e50ad18,development,ADAPTIMMUNETHERAPEUTICSPLC_04_06_2017-EX-10.11-STRATEGIC ALLIANCE AGREEMENT.PDF,9954,License Grant,"MD Anderson hereby grants Adaptimmune and Adaptimmune Limited a non-exclusive, worldwide, irrevocable royalty-free license to any Invention in which MD Anderson has an ownership interest, for any purpose.",LIC-2,Is the license broader than the commercial deal requires?,Yes,,,,,,,,,,,,,,,,,,
b4d1cf50751646a1,development,NANOPHASETECHNOLOGIESCORP_11_01_2005-EX-99.1-DISTRIBUTOR AGREEMENT.PDF,5043,License Grant,ALFA AESAR hereby grants to NTC a limited non-exclusive license to use the ALFA AESAR Trademarks in the form provided by ALFA AESAR during the Term of this Agreement in accordance with the terms set forth herein.,LIC-3,Are sublicense or affiliate rights missing when the deal needs them?,Yes,,,,,,,,,,,,,,,,,,
be05e622d596cd9f,development,ENTRUSTINC_07_24_1998-EX-10.5-STRATEGIC ALLIANCE AGREEMENT.PDF,4891,Cap On Liability,"Notwithstanding any provision of the Source Code              -----------------                                                  License, ETI shall not be required to honour any product warranty or intellectual property indemnity set forth in the Source Code License, to the extent that such breach of warranty or indemnity relates to a defect in any of the Entrust Products as of the Effective Date or the infringement or misappropriation of any third party rights incorporated into the Entrust Products as of the Effective Date.",LOL-1,Is there no express monetary or fee-based liability cap?,Yes,,,,,,,,,,,,,,,,,,
d46dd17c6a92e2f9,development,UAGHINC_04_14_2004-EX-10.18-MAINTENANCE AGREEMENT.PDF,1807,Cap On Liability,"EXCEPT AS STATED ABOVE, THE PROVIDER'S OBLIGATIONS UNDER THIS AGREEMENT ARE IN LIEU OF ALL OTHER WARRANTIES, EXPRESSED OR IMPLIED. ALL IMPLIED WARRANTIES ARE LIMITED TO THE DURATION OF THIS AGREEMENT. A PARTY'S TOTAL LIABILITY TO THE OTHER PARTY IN CONNECTION WITH THIS AGREEMENT, FOR ANY AND ALL CAUSES OF ACTIONS AND CLAIMS, INCLUDING, WITHOUT LIMITATION, BREACH OF CONTRACT, BREACH OF WARRANTY, NEGLIGENCE, STRICT LIABILITY, MISREPRESENTATION AND OTHER TORTS, SHALL BE:   (a) FOR BODILY INJURY OR DEATH TO ANY PERSON PROXIMATELY CAUSED BY A PARTY'S NEGLIGENCE, THE AMOUNT OF DIRECT DAMAGES PROVEN;   (b) FOR LOSS OR DAMAGE TO REAL PROPERTY OR TANGIBLE PERSONAL PROPERTY PROXIMATELY CAUSED BY A PARTY'S NEGLIGENCE, THE AMOUNT OF DIRECT DAMAGES PROVEN;   (c) FOR ANY DAMAGES ARISING OUT OF THE WILLFUL OR INTENTIONAL MISCONDUCT OF A PARTY, THE AMOUNT OF DIRECT DAMAGES PROVEN;   (d) FOR ALL OTHER DAMAGES OTHER THAN THOSE SET FORTH ABOVE AND NOT EXCLUDED UNDER THIS AGREEMENT, EACH PARTY'S LIABILITY TO THE OTHER PARTY DURING ANY TWELVE (12) MONTH PERIOD SHALL BE LIMITED TO THE LESSOR OF (i) DIRECT DAMAGES PROVEN BY THE PARTY, OR (ii) THE AMOUNT PAID BY THE COMPANY TO THE PROVIDER UNDER THIS AGREEMENT FOR THE TWELVE (12) MONTH PERIOD PRIOR TO THE CLAIM.",LOL-2,Is the cap mutual?,One-sided protecting only the counterparty,,,,,,,,,,,,,,,,,,
49010284d751999f,development,MANUFACTURERSSERVICESLTD_06_05_2000-EX-10.14-OUTSOURCING AGREEMENT.PDF,4061,Cap On Liability,"In addition, IBM will       not be liable for any damages claimed by IBM based on any third party       claim.",LOL-3,Is the liability cap nominal or very low relative to deal value or exposure?,Yes,,,,,,,,,,,,,,,,,,
cdd36f8f5ed72734,development,IpassInc_20181203_8-K_EX-99.1_11445874_EX-99.1_Reseller Agreement.pdf,3280,Cap On Liability,"NEITHER PARTY WILL BE LIABLE FOR ANY SPECIAL, INCIDENTAL, INDIRECT, EXEMPLARY, PUNITIVE, OR CONSEQUENTIAL DAMAGES ARISING OUT OF OR IN CONNECTION WITH THIS AGREEMENT OR THE USE OF THE LICENSED SOFTWARE, THE SERVICES OR DOCUMENTATION, WHETHER FROM BREACH OF CONTRACT OR WARRANTY, FROM NEGLIGENCE, STRICT LIABILITY OR OTHER CAUSE OF ACTION, EVEN IF SUCH PARTY HAS BEEN ADVISED OF THE POSSIBILITY OF SUCH DAMAGES.",LOL-4,"Are high-risk heads missing from the liability-cap carve-outs (for example IP, confidentiality/data, fraud, willful misconduct, gross negligence)?",Yes,,,,,,,,,,,,,,,,,,
c107a82f5fa97502,development,VERTICALNETINC_04_01_2002-EX-10.19-MAINTENANCE AND SUPPORT AGREEMENT.PDF,9331,Cap On Liability,"IF A CLAIM OR CAUSE OF ACTION IS ATTRIBUTABLE TO A PRODUCT OR ANY SERVICES PROVIDED UNDER THE SUBSCRIPTION LICENSE AGREEMENT, THE REMEDIES SET FORTH IN THE SUBSCRIPTION LICENSE AGREEMENT, TO THE EXCLUSION OF THE REMEDIES SET FORTH IN THIS AGREEMENT, SHALL CONSTITUTE THE SOLE AND EXCLUSIVE REMEDIES AVAILABLE TO A PARTY FOR SUCH CLAIM OR CAUSE OF ACTION.",LOL-5,Is the exclusion of consequential or indirect damages one-sided against the reviewing party?,Yes,,,,,,,,,,,,,,,,,,
5e5b583794c831a3,development,ENTERTAINMENTGAMINGASIAINC_02_15_2005-EX-10.5-DISTRIBUTOR AGREEMENT.PDF,1191,Most Favored Nation,"In the event that Vendor is forced to allocate the distribution of the Products due to limited supply, Distributor shall be treated no less favorably than any other distributor and shall receive its pro rata allocation of the Products.",MFN-1,"Is MFN scope (price, terms, customers, territory) clear?",Unclear,,,,,,,,,,,,,,,,,,
8eb0a93ae2d181f6,development,"VIRTUALSCOPICS,INC_11_12_2010-EX-10.1-STRATEGIC ALLIANCE AGREEMENT.PDF",8669,Most Favored Nation,"During the Term of this Agreement, except as otherwise permitted by this Section 3(a)(v), VS agrees that it shall not enter into the same or substantially similar Commitments with any other company or entity which performs clinical research services the same or similar to those provided by PPD or any PPD affiliate (collectively, ""PPD Competitor""), nor shall VS provide preferred pricing to a PPD Competitor which is better than that provided by VS hereunder to PPD.",MFN-2,Does MFN conflict with other price or discount restrictions in the contract?,Yes,,,,,,,,,,,,,,,,,,
3d68018093734bf7,development,"OPTIMIZEDTRANSPORTATIONMANAGEMENT,INC_07_26_2000-EX-6.6-DISTRIBUTOR AGREEMENT.PDF",516,Minimum Commitment,"COMWARE must purchase no less than $22,710.00 worth of Products, in any        combination,  by April 15, 2000.",MIN-1,Is there a minimum purchase or take-or-pay obligation?,Yes — check relief terms,,,,,,,,,,,,,,,,,,
c0a4f730cf8e6db8,development,AgapeAtpCorp_20191202_10-KA_EX-10.1_11911128_EX-10.1_Supply Agreement.pdf,2306,Minimum Commitment,"Minimum Annual Product Performance Requirements are listed below: Product Name: Agreed Quantity of Units to be purchased per Annum: ATP 1 S Survivor Select 150gm packaged 15,000 ATP 2 Energized Mineral Concentrate 29.5mL packaged 20,000 ATP 3 Ionized Cal-Mag 114gm packaged 15,000 ATP 4 Omega Blend 250mL packaged 15,000 ATP 5 BetaMaxx 150gm packaged 15,000 AGP 1 Iron 29.5mL packaged 1000 YFA Young Formula 450gm packaged 3000 ORYC Organic Soap 150gm packaged 2500",MIN-2,Is there relief if goods or services are not delivered or are unusable?,No,,,,,,,,,,,,,,,,,,
c31a1655d25f69ef,development,RemarkHoldingsInc_20081114_10-Q_EX-10.24_2895649_EX-10.24_Content License Agreement.pdf,7223,Non-Compete,"HSWI may not sublicense the Content, Images or Affinities to any paid-subscription website which is an aggregator of third-party content (for the avoidance of doubt, such shall not include the<omitted>HSWI Websites).",NC-1,"Are scope, geography, and duration reasonable?",Over-broad or excessively long,,,,,,,,,,,,,,,,,,
930659933adad12c,development,Monsanto Company - SECOND A&R EXCLUSIVE AGENCY AND MARKETING AGREEMENT .PDF,7640,Non-Compete,"A Competitive Business shall be any business which, anywhere within the Included Markets, (x) manufactures, sells, markets or<omitted>distributes any non-selective weed control product, whether residual or non-residual, for Lawn and Garden Use or (y) competes with the Roundup L&G Business; provided, however, this Section 6.13(b) shall not apply to those actions of Monsanto or any Affiliate (i) to the extent such actions are expressly contemplated by this Agreement, for the duration of this Agreement, (ii) to the extent that immediately upon termination of this Agreement for whatever reason Monsanto or any Affiliates or successor to the Roundup L&G Business shall continue to operate the Roundup L&G Business without infringing this covenant, or (iii) to the extent that Monsanto's interest in a Competitive Business, as a shareholder, partner, creditor or otherwise, is equal to or less than 5%.",NC-2,Is there a meaningful exception or carve-out for ordinary business?,No,,,,,,,,,,,,,,,,,,
ac775295f913405a,development,URSCORPNEW_03_17_2014-EX-99-COOPERATION AGREEMENT.PDF,4444,Non-Disparagement,"JANA agrees that, from the date of this Agreement until the earliest of (i) the date that is thirty (30) calendar days prior to any applicable deadline by which a shareholder must give notice to the Company of its intention to nominate a director for election at or bring other business before the 2015 Annual Meeting under the Company's By­Laws and (ii) any material breach of this Agreement by the Company (provided that the Company shall have three (3) business days following written notice from JANA of material breach to remedy such material breach if capable of remedy) (such period, the ""Cooperation Period""), neither it nor any of its Affiliates or Associates will in any manner, directly or indirectly, make, or cause to be made, or in any way encourage any other person to make or cause to be made, any statement or announcement that relates to and constitutes an ad hominem attack on, or relates to and otherwise disparages, the Company, any of its officers or directors or any person who has served as an officer or director of the Company, including: (i) in any document or report filed with or furnished to the Securities and Exchange Commission (the ""SEC"") or any other governmental agency, (ii) in any press release or other publicly available format or (iii) to any journalist or member of the media (including without limitation, in a television, radio, newspaper or magazine interview), or otherwise; provided, that if the Company makes any material announcement prior to the March Board Meeting, JANA will be permitted to make objective statements that solely reflect JANA's view, as a shareholder, with respect to such announcement.",NDS-1,Is the non-disparagement restriction materially broader than needed for the transaction?,Yes,,,,,,,,,,,,,,,,,,
b2a790b5118c9573,development,ALLISONTRANSMISSIONHOLDINGSINC_12_15_2014-EX-99.1-COOPERATION AGREEMENT.PDF,3598,Non-Disparagement,"Each member of the ValueAct Group agrees that, during the Covered Period, (unless specifically requested in writing by the Company, acting through a resolution of a majority of the Company's directors not including the ValueAct Designee), it shall not, and shall cause each of its Affiliates or Associates (as such terms are defined in Rule 12b-2 promulgated by the SEC under the Exchange Act) (collectively and individually, the ""ValueAct Affiliates,"" provided that no portfolio company of the ValueAct Group shall be deemed a ""ValueAct Affiliate"" so long as such portfolio company (A) has not discussed any of the actions set forth in this subsection (a) with the ValueAct Group or the ValueAct Designee, (B) has not received from the ValueAct Group or the ValueAct Designee information concerning the Company or its business, and (C) is not acting at the request of, in coordination with or on behalf of the ValueAct Group or the ValueAct Designee), not to, directly or indirectly, in any manner, alone or in concert with others:<omitted>(ix) disparage or cause to be disparaged the Company or Affiliates thereof, any of its current or former officers, or directors;",NDS-2,"Is the restriction mutual and subject to appropriate legal, regulatory, or truthful-reporting exceptions?",No / unclear,,,,,,,,,,,,,,,,,,
1c3418193845bdb6,development,SmartRxSystemsInc_20180914_1-A_EX1A-6 MAT CTRCT_11351705_EX1A-6 MAT CTRCT_Distributor Agreement.pdf,2541,Non-Disparagement,"However, conduct which Company, in its discretion, deems detrimental to Company's image or reputation, shall be grounds for termination of this Agreement, upon reasonable notice and the failure to cure such behavior by Distributor.",NDS-3,Is the duration or covered audience unclear or unusually extensive?,Yes / unclear,,,,,,,,,,,,,,,,,,
8e7bda03cc03bab8,development,ULTRAGENYXPHARMACEUTICALINC_12_23_2013-EX-10.9-SUPPLY AGREEMENT.PDF,2274,Notice Period To Terminate Renewal,"Thereafter, the Agreement shall be automatically renewed for additional two year periods (each a ""Renewal Term"", the Initial Term and all Renewal Terms, the ""Term"") unless either Party notifies the other Party of its intention not to renew in writing at least three calendar months before the expiration of the then current Term.",NOT-1,Is a notice period to prevent renewal stated?,No,,,,,,,,,,,,,,,,,,
56cd1f9c74de1d99,development,MidwestEnergyEmissionsCorp_20080604_8-K_EX-10.2_3093976_EX-10.2_Content License Agreement.pdf,7304,Notice Period To Terminate Renewal,"This Agreement shall be automatically renewed for additional extended terms each of two (2) years duration unless either party notifies the other in writing of its intention not to renew the Agreement, such notification to be provided at least ninety (90) days prior to the expiration of the then in-effect term.",NOT-2,Can the deadline be calculated clearly from the renewal or term dates?,No,,,,,,,,,,,,,,,,,,
1549da63f84532fa,development,IpassInc_20181203_8-K_EX-99.1_11445874_EX-99.1_Reseller Agreement.pdf,3263,Notice Period To Terminate Renewal,"The Agreement shall automatically renew for successive one (1) year terms (each a ""Renewal Term"") unless either party provides the other party written notification of its intent to terminate the Agreement no later than sixty (60) days prior to the end of the then applicable term.",NOT-3,Does the notice window fall inside the current term in a workable way?,No,,,,,,,,,,,,,,,,,,
57a67f1e04d836be,development,Monsanto Company - SECOND A&R EXCLUSIVE AGENCY AND MARKETING AGREEMENT .PDF,7644,No-Solicit Of Employees,"The Agent agrees that for the duration of the Noncompetition Period, without the prior written consent of Monsanto, it will not, nor will it permit any of its Affiliates to (i) solicit for employment any person then employed who works primarily with Roundup Products or with other products with Lawn & Garden Uses (""Lawn & Garden Employee"") by Monsanto or any of its Affiliates or (ii) knowingly employ any Lawn & Garden Employee of Monsanto or any of its Affiliates who voluntarily terminates such employment with Monsanto (or such Affiliate) after the Effective Date, until three months have passed following termination of such employment.",NS-1,Is non-solicit so broad it functions as a non-compete?,Yes,,,,,,,,,,,,,,,,,,
9ad075a44b5d07ea,development,ENTERTAINMENTGAMINGASIAINC_02_15_2005-EX-10.5-DISTRIBUTOR AGREEMENT.PDF,1199,No-Solicit Of Employees,"Vendor agrees that, without the prior written consent of the Distributor, for a period beginning from the date of this Agreement and ending three (3) years after the termination of this Agreement, neither Vendor nor any of its affiliates or representatives will: (1) employ or solicit to employ any of the employees of Distributor; or (2) encourage of the employees of the Distributor or its subsidiaries to leave the employment of Distributor; provided, however, this Section shall not apply to any such employee who has been terminated by or left the employment of Distributor prior to the Effective Date or, if employed by Distributor as of the Effective Date, any employee who has not been employed by Distributor for at least one (1) year after the end of such employment.",NS-2,Are duration and covered persons reasonable?,No,,,,,,,,,,,,,,,,,,
1558dcce5ab1cd8a,development,VERICELCORP_08_06_2019-EX-10.10-SUPPLY AGREEMENT.PDF,1272,Non-Transferable License,"MediWound hereby grants to Vericel an exclusive (even as to MediWound), sublicensable, royalty- free, fully paid-up, license in the Territory to use the Licensed Trademarks (as defined in the License Agreement) and a non- exclusive, sublicensable, royalty-free, fully paid-up, license to use the MediWound name and trademark, in",NTL-1,"Does the license prohibit transfer, assignment, or sublicense in a way that could block the intended operational use?",Yes,,,,,,,,,,,,,,,,,,
730daff58f49e17c,development,RemarkHoldingsInc_20081114_10-Q_EX-10.24_2895649_EX-10.24_Content License Agreement.pdf,7244,Non-Transferable License,"HSWI may not sublicense the Content, Images or Affinities to any paid-subscription website which is an aggregator of third-party content (for the avoidance of doubt, such shall not include the<omitted>HSWI Websites).",NTL-2,"Are affiliate, merger, acquisition, financing, or other necessary transfer exceptions absent?",Yes,,,,,,,,,,,,,,,,,,
acbf9db5ac81a900,development,Monsanto Company - SECOND A&R EXCLUSIVE AGENCY AND MARKETING AGREEMENT .PDF,7678,Non-Transferable License,"The Agent hereby grants to Monsanto, during the term of this Agreement, a non-exclusive, royalty-free, non- transferable and non-assignable license (without the right to<omitted>sublicense, except as specifically set forth in Section 6.11(h)) to use the Additional Roundup Products Formulation Data for the purpose of and to the limited extent necessary to register each of the Additional Roundup Products with federal, state, or territorial government authorities (as may be required by law) in the United States and its territories.",NTL-3,Do transfer restrictions conflict with the anti-assignment or change-of-control provisions?,Yes / inconsistent,,,,,,,,,,,,,,,,,,
78d764d3e58f53bb,development,BNLFINANCIALCORP_03_30_2007-EX-10.8-OUTSOURCING AGREEMENT.PDF,7035,Price Restrictions,"After the initial twelve months of this Agreement, VIP may adjust the rates in Schedule A to VIP's then current standard rates for such services, provided that it provides BNL with notice of any such adjustment not less ~han thirty (30) days prior to any such adjustment and that such rates shall not increase by more than ten ( 10% ) percent per year .",PR-1,Can the counterparty raise prices without clear limits or notice?,Yes,,,,,,,,,,,,,,,,,,
b83a6d0b0a108fc0,development,ULTRAGENYXPHARMACEUTICALINC_12_23_2013-EX-10.9-SUPPLY AGREEMENT.PDF,2278,Price Restrictions,"The prices payable by Ultragenyx to Cremer for the Product (the ""Price"") shall be agreed [***] every contract year; provided, that the Price may not increase more than the [***] for such period or [***]%, whichever is higher.",PR-2,Are price-adjustment formulas and triggers stated clearly?,No,,,,,,,,,,,,,,,,,,
fcde9c15c999c9af,development,SMITHELECTRICVEHICLESCORP_04_04_2012-EX-10.26-FLEET MAINTENANCE AGREEMENT.PDF,2237,Post-Termination Services,SEV shall remain liable for the repairs described in Clause 4.12 identified by DCL for a period of thirteen weeks from the end  of the Contracted Period and shall provide such repairs on a free of charge basis.,PTS-1,Is transition or post-termination assistance required where continuity matters?,No,,,,,,,,,,,,,,,,,,
4e2629a5a30f7826,development,NANOPHASETECHNOLOGIESCORP_11_01_2005-EX-99.1-DISTRIBUTOR AGREEMENT.PDF,5047,Post-Termination Services,"Upon termination of this Agreement, ALFA AESAR may continue to advertise and promote the Products, using the NTC's Trademarks and NTC content until ALFA AESAR's inventory depletion.",PTS-2,"Are duration, fees, and data-return terms for post-termination services clear?",No,,,,,,,,,,,,,,,,,,
7f1d648f9aa34c58,development,IpassInc_20181203_8-K_EX-99.1_11445874_EX-99.1_Reseller Agreement.pdf,3262,Renewal Term,"The Agreement shall automatically renew for successive one (1) year terms (each a ""Renewal Term"") unless either party provides the other party written notification of its intent to terminate the Agreement no later than sixty (60) days prior to the end of the then applicable term.",REN-1,Is renewal automatic or evergreen?,Yes — then require workable non-renewal notice,,,,,,,,,,,,,,,,,,
08debf88b35bac9f,development,"VAPOTHERM, INC. - Manufacturing and Supply Agreement.PDF",9367,Renewal Term,"The term of this Agreement is three years from and including the date of this Agreement (the ""Initial Term""), with automatic renewal for additional successive one-year terms (each a ""Renewal Term"" and together wit the Initial Term, the ""Term"") unless no later than [* * *] days prior to the end of the Initial Term, or any Renewal Term either party notifies the other that it wishes to terminate this Agreement effective the end of the Initial Term or that Renewal Term, as applicable.",REN-2,Is the non-renewal notice period stated and calculable from the renewal date?,No,,,,,,,,,,,,,,,,,,
77e52e2a382dd2e4,development,Apollo Endosurgery - Manufacturing and Supply Agreement.PDF,7802,Renewal Term,This Agreement shall commence on the Effective Date and shall be valid for a period of five (5) years with automatic renewal of one year thereafter until terminated<omitted>by either party with one (1) year written notice prior to the expiration of the initial period or any extension period thereof.,REN-3,Is the notice window so early that non-renewal is impractical?,Yes,,,,,,,,,,,,,,,,,,
77a6aa441f9c469b,development,N2KINC_10_16_1997-EX-10.16-SPONSORSHIP AGREEMENT.PDF,6657,Rofr/Rofo/Rofn,"If, [****] prior to the expiration of the                   term of the Agreement, the parties have not entered into a                   written sponsorship renewal agreement. Excite may enter into                   negotiations with any third party with respect to retail music                   store sponsorships of the Excite Site.",ROFR-1,"Is the trigger for the right of first refusal, offer, or negotiation clearly defined?",No / unclear,,,,,,,,,,,,,,,,,,
8b2c74443a1525f2,development,Monsanto Company - SECOND A&R EXCLUSIVE AGENCY AND MARKETING AGREEMENT .PDF,7651,Rofr/Rofo/Rofn,"If the Agent fails to agree in writing to accept the Product Offer within such ninety (90) days of receipt, then Monsanto shall have the exclusive right to manufacture, package, promote, distribute, and sell such New Product in the Included Markets, regardless of any actual or potential conflict with the terms of Agreement.",ROFR-2,"Are notice, response, matching, negotiation, and expiry periods objectively calculable?",No / unclear,,,,,,,,,,,,,,,,,,
4117c1517665965c,development,N2KINC_10_16_1997-EX-10.16-SPONSORSHIP AGREEMENT.PDF,6650,Rofr/Rofo/Rofn,Excite will offer Sponsor the right of first refusal to                  negotiate with Excite for renewal of this sponsorship.,ROFR-3,"Can the right materially constrain a transaction, sale, or third-party deal without a clear process?",Yes / unclear,,,,,,,,,,,,,,,,,,
cccaa9d2ff4f9982,development,Monsanto Company - SECOND A&R EXCLUSIVE AGENCY AND MARKETING AGREEMENT .PDF,7670,Revenue/Profit Sharing,"During the 2014 Program Year and for each Program Year thereafter, in consideration for the Agent's marketing, distribution and sales of Roundup 365, for the 2014 Program Year, and for each Program Year thereafter, if 365 Gross Profits exceed USD $10MM in a Program Year, the Agent shall be paid an amount equal to 7% of the 365 Gross Profits for such Program Year (including, for the avoidance of doubt, the first USD $10MM of the 365 Gross Profits).",RPS-1,"Are the revenue, profit, net sales, or other sharing bases defined sufficiently to calculate the amount owed?",No / unclear,,,,,,,,,,,,,,,,,,
6817d684bba6cf5a,locked_test,DigitalCinemaDestinationsCorp_20111220_S-1_EX-10.10_7346719_EX-10.10_Affiliate Agreement.pdf,4118,Anti-Assignment,Any attempted  assignment in violation of this section shall be void.,AA-1,Is assignment restricted?,Yes — evaluate consent standard,,,,,,,,,,,,,,,,,,
9206043a15a91c17,locked_test,WOMENSGOLFUNLIMITEDINC_03_29_2000-EX-10.13-ENDORSEMENT AGREEMENT.PDF,9421,Anti-Assignment,"Any attempt to assign, transfer or alienate the Options without the prior written consent of the Company shall be void.",AA-2,What is the consent standard?,"Absolute ban, or consent with no reasonableness limit",,,,,,,,,,,,,,,,,,
22cb84821440fd6b,locked_test,BUFFALOWILDWINGSINC_06_05_1998-EX-10.3-FRANCHISE AGREEMENT.PDF,1085,Anti-Assignment,"The Agreements, and your rights and obligations under them, are and shall remain personal to you.",AA-3,"Are there exceptions for affiliates, M&A, or financing?",None,,,,,,,,,,,,,,,,,,
7aeeb78f80e9c5bb,locked_test,AimmuneTherapeuticsInc_20200205_8-K_EX-10.3_11967170_EX-10.3_Development Agreement.pdf,2000,Affiliate License-Licensor,"""Xencor Know-How"" means any and all Know-How, whether or not patented or patentable, (i) to the extent Controlled by Xencor or its Affiliates as of the Effective Date, or, if transferred to Aimmune thereafter during the Term of this Agreement, and that is necessary in connection with the Development, Manufacture, Commercialization or other use of the Antibody or Product or (ii) constituting a Xencor Invention. Notwithstanding the foregoing, in all cases, Xencor Know-How does not include (a) [***], (b) [***], (c) [***], (d) [***], (e) [***], or (f) [***].<omitted>Subject to the terms and conditions of this Agreement, Xencor hereby grants to Aimmune during the Term an exclusive, worldwide, payment-bearing license under and with respect to Xencor Patents and Xencor's interest in Joint Collaboration Patents, and a non-exclusive, payment bearing license under and with respect to Xencor Know-How, in each case, with the right to sublicense solely in accordance with Section 2.3.2, solely to Develop, Manufacture and Commercialize the Product in and for the Licensed Field; provided that notwithstanding the foregoing, Xencor shall retain the right under and with respect to Xencor Patents and Xencor's interest in Joint Collaboration Patents to the extent necessary to perform its obligations under this Agreement.",AFFLR-1,Is the affiliate that owns or controls the licensed IP clearly identified or its authority established?,No / unclear,,,,,,,,,,,,,,,,,,
6b820d70409c3778,locked_test,"BABCOCK_WILCOXENTERPRISES,INC_08_04_2015-EX-10.17-INTELLECTUAL PROPERTY AGREEMENT between THE BABCOCK _ WILCOX COMPANY and BABCOCK _ WILCOX ENTERPRISES, INC..PDF",4392,Affiliate License-Licensor,"Accordingly, (i) with respect to RemainCo's right and interest in and to the Shared Library Materials, RemainCo, for itself and as representative of all other members of the RemainCo Group, hereby grants to SpinCo (x) a perpetual (subject to Section 4.4), irrevocable, exclusive, royalty-free, worldwide right and license with the right to grant sublicenses (solely as set forth in Section 5.6) to use the Shared Library Materials, including all Know-How and Copyrights embodied therein, for any purpose in the SpinCo Core Field and (y) a perpetual (subject to Section 4.4), irrevocable, non-exclusive, royalty-free, worldwide right and license with the right to grant sublicenses (solely as set forth in Section 5.6) to use the Shared Library Materials, including all Know-How and Copyrights embodied therein, for any purpose in any field other than the RemainCo Core Field or the SpinCo Core Field and (ii) with respect to SpinCo's right and interest in and to the Shared Library Materials, SpinCo, for itself and as representative of all other members of the SpinCo Group, hereby grants to RemainCo (x) a perpetual (subject to Section 4.4), irrevocable, exclusive, royalty-free, worldwide right and license with the right to grant sublicenses (solely as set forth in Section 5.6) to use the Shared Library Materials, including all Know-How and Copyrights embodied therein, for any purpose in the RemainCo Core Field and (y) a perpetual (subject to Section 4.4), irrevocable, non- exclusive, royalty-free, worldwide right and license with the right to grant sublicenses (solely as set forth in Section 5.6) to use the Shared Library Materials, including all Know-How and Copyrights embodied therein, for any purpose in any field other than the SpinCo Core Field or the RemainCo Core Field.",AFFLR-2,Does the agreement clearly connect the affiliate-owned IP to the granted license and applicable obligations?,No / unclear,,,,,,,,,,,,,,,,,,
bf899acd16d3205e,locked_test,"FIDELITYNATIONALINFORMATIONSERVICES,INC_08_05_2009-EX-10.3-INTELLECTUAL PROPERTY AGREEMENT.PDF",4738,Affiliate License-Licensor,"Without limiting the foregoing, Certegy hereby grants, and will cause





the other members of the Certegy Group to grant, to Equifax a fully paid, non- exclusive, perpetual, worldwide, transferable license to use, modify, improve, create Derivative Works from, and sublicense, the Utility Software Programs (in both object and source code format) identified on Exhibit L as being owned by Certegy or a member of the Certegy Group for any and all fields of use and to any and all Persons.",AFFLR-3,Is there a material continuity or enforcement gap if the affiliate is not a party to the main agreement?,Yes / possible,,,,,,,,,,,,,,,,,,
ed4fb2cb36e23e90,locked_test,CardlyticsInc_20180112_S-1_EX-10.16_11002987_EX-10.16_Maintenance Agreement1.pdf,9584,Affiliate License-Licensee,"Supplier hereby grants Bank of America a nonexclusive, worldwide, irrevocable, perpetual license to: (a) any patents related to or necessary or desirable to use the Software to the extent such patents are now held, licensed to or hereafter acquired by Supplier, for the purpose of allowing Bank of America and its Affiliates and permitted assigns to install, copy, use, execute, modify, distribute (as necessary or useful for Bank of America and its Affiliates and permitted assigns to enjoy their rights as set forth in the Agreement), make, have made, enhance, improve and alter the Software (both in Object Code and Source Code form) as necessary to conduct Bank of America business in accordance with the terms and restrictions or this Section; (b) any Copyrights now held, licensed to or hereafter acquired by Supplier in the Software for the purpose of allowing Bank of America and its Affiliates an permitted assigns to install, copy, use, execute, modify, distribute (as necessary or useful for Bank of America and its Affiliates and permitted assigns to enjoy their fights as set forth In the Agreement, produce derivative works from and<omitted>display such Software (both in Object Code and Source Code for ); any (c) other Intellectual Property Rights or Supplier in the Software as are necessary or useful for Bank of America, its Affiliates and permitted assigns to install, copy, use, execute, modify, distribute, enhance, improve and alter and copy the Software (both in Object Code and Source Code form) for the purpose of conducting Bank of America business in accordance with the terms and restrictions of this Section.",AFFLS-1,Are the affiliates permitted to use the licensed rights clearly identified or objectively determinable?,No / unclear,,,,,,,,,,,,,,,,,,
5df4047507e29802,locked_test,XENCORINC_10_25_2013-EX-10.24-COLLABORATION AGREEMENT (3).PDF,7129,Affiliate License-Licensee,"In the event that XENCOR pays the Technology Access Fee set forth above, XENCOR shall have the right to use or have used (e.g. by a Business Partner) the Process worldwide for the manufacture of Product in accordance with the terms and conditions of this Agreement, without entering into a contract manufacturing agreement with BII",AFFLS-2,"Are affiliate use rights bounded by the same field, territory, purpose, duration, and security obligations as the main license?",No / unclear,,,,,,,,,,,,,,,,,,
a90344c51d922b2e,locked_test,CardlyticsInc_20180112_S-1_EX-10.16_11002987_EX-10.16_Maintenance Agreement1.pdf,9584,Affiliate License-Licensee,"Supplier hereby grants Bank of America a nonexclusive, worldwide, irrevocable, perpetual license to: (a) any patents related to or necessary or desirable to use the Software to the extent such patents are now held, licensed to or hereafter acquired by Supplier, for the purpose of allowing Bank of America and its Affiliates and permitted assigns to install, copy, use, execute, modify, distribute (as necessary or useful for Bank of America and its Affiliates and permitted assigns to enjoy their rights as set forth in the Agreement), make, have made, enhance, improve and alter the Software (both in Object Code and Source Code form) as necessary to conduct Bank of America business in accordance with the terms and restrictions or this Section; (b) any Copyrights now held, licensed to or hereafter acquired by Supplier in the Software for the purpose of allowing Bank of America and its Affiliates an permitted assigns to install, copy, use, execute, modify, distribute (as necessary or useful for Bank of America and its Affiliates and permitted assigns to enjoy their fights as set forth In the Agreement, produce derivative works from and<omitted>display such Software (both in Object Code and Source Code for ); any (c) other Intellectual Property Rights or Supplier in the Software as are necessary or useful for Bank of America, its Affiliates and permitted assigns to install, copy, use, execute, modify, distribute, enhance, improve and alter and copy the Software (both in Object Code and Source Code form) for the purpose of conducting Bank of America business in accordance with the terms and restrictions of this Section.",AFFLS-3,Could affiliate use materially expand the commercial scope or exposure without corresponding controls?,Yes,,,,,,,,,,,,,,,,,,
196fa43ea5c0ad27,locked_test,CardlyticsInc_20180112_S-1_EX-10.16_11002987_EX-10.16_Maintenance Agreement1.pdf,9613,Audit Rights,Supplier's agreement with any independent contractor to provide services to Bank of America in support of this Agreement shall likewise permit Bank of America to conduct the same inspections.,AUD-1,Are audit rights one-sided in a way that creates undue burden or data exposure for the reviewing party?,Yes,,,,,,,,,,,,,,,,,,
756cb7aba61b69f8,locked_test,CardlyticsInc_20180112_S-1_EX-10.16_11002987_EX-10.16_Maintenance Agreement1.pdf,9607,Audit Rights,"Bank of America will determine the scope of such audits, tests or inspections, which may extend to Supplier's Subcontractors and other Supplier resources (other systems, environmental support, recovery processes, etc.) used to support the systems and handling of Confidential Information.",AUD-2,"Are notice, frequency, and confidentiality protections for audits stated?",No,,,,,,,,,,,,,,,,,,
27f89d9ce99d96e5,locked_test,"HEMISPHERX - Sales, Marketing, Distribution, and Supply Agreement.PDF",571,Covenant Not To Sue,"SCIEN agrees that it will not during the term of this Agreement, or thereafter, attack the title or any rights of HEMISPHERX in and to Interferon alfa-n3 (human leukocyte derived) or attack the validity of the license granted herein by HEMISPHERX and solely owned by HEMISPHERX.",CNTS-1,Does the covenant restrict claims or enforcement rights more broadly than the commercial arrangement requires?,Yes,,,,,,,,,,,,,,,,,,
a33058035a15002c,locked_test,VIOLINMEMORYINC_12_12_2012-EX-10.14-SPONSORSHIP AGREEMENT.PDF,8130,Covenant Not To Sue,"Sponsor hereby agrees to and does (a) waive any and all suits, actions, claims, losses, demands, damages, liabilities, costs and reasonable expenses of every kind (including consequential, incidental or punitive damages, or lost profits), including court costs and reasonable attorneys' fees (collectively, ""Claims"") Sponsor may have now or in the future against Forty Niners SC, its Affiliates, the National Football League, SCSA and any of their respective officers, directors, employees, agents, insurers, and assigns (collectively, the ""Indemnitees"") for damage to or destruction of Sponsor's property, excepting only claims caused by the gross negligence or willful misconduct of an Indemnitee; (b) fully compensate Forty Niners SC, the SCSA and their respective Affiliates (""Indemnitees"") for damage to or destruction of their tangible property caused by, resulting from, or arising out of Sponsor's negligence or willful misconduct under this Agreement; (b) defend, indemnify, protect and hold the Indemnitees harmless from and against any and all claims by Sponsor's officers, directors, employees, insurers, invitees, and agents for any personal injury or death or any property damage, regardless of how caused, including claims caused in whole or in part by the act, omission or negligence of an Indemnitee, excepting with respect to any Indemnitee only claims caused by the negligence or willful misconduct of such Indemnitee, to the extent of such negligence or willful misconduct, and (c) defend, indemnify, protect and hold harmless the Indemnitees against any and all claims by third parties, including, without limitation, all costs, liabilities, judgments, expenses, damages and reasonable attorneys' fees, arising out of or in connection with (i) any breach by Sponsor of any provision of the Agreement or any representation or warranty made by it therein; (ii) the use of the Sponsor Marks displayed in any advertising materials; (iii) any negligence or willful misconduct of Sponsor, its employees, servants and agents hereunder or in respect hereto; and (iv) any event for which Sponsor is credited with sponsorship or which is controlled or directed by Sponsor or anyone with whom Sponsor has contracted to control or direct such activities.",CNTS-2,"Are the covered claims, parties, duration, and exceptions clearly bounded?",No / unclear,,,,,,,,,,,,,,,,,,
82f7f52fee4d502c,locked_test,MRSFIELDSORIGINALCOOKIESINC_01_29_1998-EX-10-FRANCHISE AGREEMENT.PDF,6293,Covenant Not To Sue,The  occurrence of any one of the following  events shall  constitute a default under this Agreement  requiring a 30 day notice period of termination by Pretzel Time to Franchisee:<omitted>(xi)  Franchisee  misuses  Pretzel Time's Marks or asserts any                   interest  in  Pretzel   Time's  Marks;   uses  Pretzel  Time's                   tradename  or any  part  thereof  as part to of its  corporate                   name;  does not cooperate in the  enforcement  of any Mark; or                   challenges or seeks to challenge the validity of the Marks;,CNTS-3,Is the covenant materially one-sided or broader than any reciprocal protection?,Yes,,,,,,,,,,,,,,,,,,
fc4c43ee241d26a8,locked_test,RevolutionMedicinesInc_20200117_S-1_EX-10.1_11948417_EX-10.1_Development Agreement.pdf,5443,Change Of Control,Sanofi will have the option to either (A) terminate this Agreement in its entirety upon written notice to RevMed provided to RevMed within [***] of the effective date of such Change of Control; or (B) [***].,COC-1,What happens on a change of control?,Automatic termination or harsh adverse effect,,,,,,,,,,,,,,,,,,
6df7993442b481ed,locked_test,"BABCOCK_WILCOXENTERPRISES,INC_08_04_2015-EX-10.17-INTELLECTUAL PROPERTY AGREEMENT between THE BABCOCK _ WILCOX COMPANY and BABCOCK _ WILCOX ENTERPRISES, INC..PDF",4380,Change Of Control,"Notwithstanding the foregoing provisions of this Section 3.2, in no event shall any of the members of the RemainCo Group continue to use the SpinCo House Marks (whether in any of the materials referenced in the immediately preceding sentence or otherwise) following a Change of Control of RemainCo.",COC-2,Is the same corporate event treated inconsistently versus the anti-assignment clause?,Yes,,,,,,,,,,,,,,,,,,
309246430eb8289d,locked_test,MRSFIELDSORIGINALCOOKIESINC_01_29_1998-EX-10-FRANCHISE AGREEMENT.PDF,6231,Competitive Restriction Exception,The  restrictions  of this Section  shall not be  applicable to the ownership of shares  of a class of  securities  listed on a stock  exchange  or traded on the over-the-counter market that represent two percent (2%) or less of the number of shares of that class of  securities  issued  and  outstanding.,CRE-1,"Are exceptions to exclusivity, non-compete, or similar restrictions clearly defined?",No / unclear,,,,,,,,,,,,,,,,,,
632991a830224734,locked_test,HEALTHGATEDATACORP_11_24_1999-EX-10.1-HOSTING AND MANAGEMENT AGREEMENT (1).pdf,7935,Competitive Restriction Exception,"The Publishers grant HealthGate an exclusive right to carry out the       Services, with the exception that the Publishers shall honour current       contracts with third parties and Publisher may publish and licence content       themselves as long as it does not materially reduce HealthGate's revenue.",CRE-2,Do the exceptions materially weaken the protection expected by the reviewing party?,Yes,,,,,,,,,,,,,,,,,,
6a446550da63658f,locked_test,BUFFALOWILDWINGSINC_06_05_1998-EX-10.3-FRANCHISE AGREEMENT.PDF,1057,Competitive Restriction Exception,We reserve the right to market and sell Menu Items and Trade Secret Food Products on the Internet/World Wide Web.,CRE-3,Are the exception triggers consistent with the surrounding restriction clauses?,No / unclear,,,,,,,,,,,,,,,,,,
521e93fd532a2157,locked_test,CardlyticsInc_20180112_S-1_EX-10.16_11002987_EX-10.16_Maintenance Agreement1.pdf,9593,Source Code Escrow,"Bank of America shall notify Supplier of the dates on which any such verification will be conducted, and the results thereof.",ESC-1,Is the licensed software business-critical with no escrow or equivalent continuity path?,Yes,,,,,,,,,,,,,,,,,,
3a1829c0b30f99be,locked_test,HEALTHGATEDATACORP_11_24_1999-EX-10.1-HOSTING AND MANAGEMENT AGREEMENT - Escrow Agreement.pdf,122,Source Code Escrow,"Subject to the provisions of Clauses 6.2 and 6.3, NCC shall release             the Material to a duly authorised officer of the Licensee if at any             time or times any of the following events or circumstances occur,             arise or become apparent:

            6.1.1 the Owner enters into any composition or arrangement with its                   creditors or (being a company) enters into liquidation whether                   compulsory or voluntary (other than for the purposes of                   solvent reconstruction or amalgamation) or has a receiver or                   administrative receiver appointed over all or any part of its                   assets or undertaking or a petition is presented for an                   Administration Order or (being an individual or partnership)                   becomes bankrupt, or an event occurs within the jurisdiction                   of the country in which the Owner is situated which has a                   similar effect to any of the above events in the United                   Kingdom; or

            6.1.2 the Owner ceases to trade; or

            6.1.3 the Owner assigns copyright in the Material and the assignee                   fails within 60 days of such assignment to offer the Licensee                   substantially similar protection to that provided by this                   Agreement without significantly increasing the cost to the                   Licensee; or

            6.1.4 the Owner without legal justification, has defaulted to a                   material degree in any obligation to provide maintenance or                   modification of the Package under the Licence Agreement or any                   maintenance agreement entered into in connection with the                   Package and has failed to remedy such default notified by the                   Licensee to the Owner; or





            6.1.5 coding of the Package is such that either the accuracy or the                   functionality or the performance of the Package is or becomes                   or is demonstrably likely to become significantly adversely                   affected by the entry or processing of data incorporating any                   date or dates whether prior or subsequent to or including 31                   December 1999, including but not limited to any of the                   following:

                  6.1.5.1  the Package crashes at any time while processing any                            such data;

                  6.1.5.2. the Owner has warranted or represented that the                            Package is capable of accurately and correctly                            processing such data in accordance with the Package's                            current functional specification and the Licensee                            demonstrates that the Package is not so capable;

                  6.1.5.3  the Owner has undertaken or attempted to procure the                            Package to be so capable and the Licensee                            demonstrates that the Package is still not so                            capable;

                  6.1.5.4  no such warranty, representation, undertaking or                            attempt has been given or made and the Licensee                            demonstrates that the Package is not so capable.",ESC-2,"Are release conditions clear (for example bankruptcy, material breach, failure to support)?",No,,,,,,,,,,,,,,,,,,
ce9858bb99f86c93,locked_test,WatchitMediaInc_20061201_8-K_EX-10.1_4148672_EX-10.1_Content License Agreement.pdf,3150,Exclusivity,"Oceanic Time Warner Cable will use the content solely on channel 777, the Las Vegas channel.",EXC-1,Is exclusivity granted without performance obligations or exit rights?,Yes,,,,,,,,,,,,,,,,,,
ac83ff8a687385f4,locked_test,TUNIUCORP_03_06_2014-EX-10-COOPERATION AGREEMENT.PDF,10465,Exclusivity,Party A irrevocably undertakes that it will make best efforts to assist and endeavor to achieve the exclusive operation of thecooperative business to the extent permitted by laws.,EXC-2,Do exceptions hollow out the exclusivity or make it one-sided against the reviewing party?,Yes,,,,,,,,,,,,,,,,,,
53c31d9748fd5ae1,locked_test,MphaseTechnologiesInc_20030911_10-K_EX-10.15_1560667_EX-10.15_Co-Branding Agreement.pdf,8970,Governing Law,"The validity, construction and performance of this Agreement shall be          governed by the laws of the State of New York.",GOV-1,Is governing law stated?,No,,,,,,,,,,,,,,,,,,
6a9f2c6b0eaa688a,locked_test,"GOOSEHEADINSURANCE,INC_04_02_2018-EX-10.6-Franchise Agreement.PDF",4545,Governing Law,The Franchise Agreement requires application of the laws of the State of Texas.,GOV-2,Is the forum or dispute mechanism consistent with the governing law?,Missing or inconsistent,,,,,,,,,,,,,,,,,,
8beb1c8e8cf682ec,locked_test,RevolutionMedicinesInc_20200117_S-1_EX-10.1_11948417_EX-10.1_Development Agreement.pdf,5500,Insurance,"Each Party shall provide the other Party with evidence of such insurance upon request and, in the case of RevMed, shall provide Sanofi with written notice at least [***] prior to the cancellation, non-renewal or material changes in such insurance.",INS-1,Are insurance requirements stated where the activity creates material risk?,No,,,,,,,,,,,,,,,,,,
14f4dfe5fd7e3bc8,locked_test,AudibleInc_20001113_10-Q_EX-10.32_2599586_EX-10.32_Co-Branding Agreement_ Marketing Agreement_ Investment Distribution Agreement.pdf,3709,Insurance,"Company will at its expense, prior to the Launch Date obtain, and thereafter throughout the Term and for a period of six (6) months thereafter maintain, such policy or policies of insurance as is commercially reasonable for the transactions and business contemplated by this Agreement.",INS-2,Are required limits aligned with residual liability exposure?,Limits far below exposure,,,,,,,,,,,,,,,,,,
8ed9e0ef7206bfef,locked_test,XENCORINC_10_25_2013-EX-10.24-COLLABORATION AGREEMENT (3).PDF,7112,Ip Ownership Assignment,BII shall provide reasonable assistance to XENCOR for any action which may be necessary to assign or otherwise transfer any rights to XENCOR Intellectual Property contemplated by this Section 8.2.1.,IP-1,Who owns newly created or deliverable IP?,"Vendor owns IP the customer paid to create, without clear license-back",,,,,,,,,,,,,,,,,,
402fbda069fbe4e7,locked_test,MusclepharmCorp_20170208_10-KA_EX-10.38_9893581_EX-10.38_Co-Branding Agreement.pdf,7426,Ip Ownership Assignment,"All such works based upon the Trademarks and/or Name and Appearance Rights shall be prepared by an employee-for- hire of MusclePharm (under MusclePharms's sole supervision, responsibility, and monetary obligation) or as a work-for-hire by a third party who assigns to the AS Parties in writing and in perpetuity throughout the universe all right, title, and interest in the same provided however, nothing herein shall preclude MusclePharm from using any of the intellectual property to be retained by MusclePharm contemplated pursuant to Section 9(f) of this Agreement after the termination of this Agreement.",IP-2,Is assignment language present-tense (for example 'hereby assigns') rather than only future ('will assign')?,Future-tense only,,,,,,,,,,,,,,,,,,
c4c4b31683e22a7e,locked_test,VgrabCommunicationsInc_20200129_10-K_EX-10.33_11958828_EX-10.33_Development Agreement.pdf,4646,Ip Ownership Assignment,All rights and title to Duesey Coffee Intellectual Property created pursuant to the Project shall belong to VAL and shall be subject to the terms and conditions of this Agreement.,IP-3,Does the clause assign the customer's pre-existing IP or data to the vendor?,Yes,,,,,,,,,,,,,,,,,,
ec798fde7f97cfdd,locked_test,"Magenta Therapeutics, Inc. - Master Development and Manufacturing Agreement.PDF",9816,Ip Ownership Assignment,"Bachem hereby assigns, and agrees to assign, to Magenta all of its right, title and interest to and in any Magenta Developed Intellectual Property, including all related intellectual property rights.",IP-4,Is each party's background IP clearly retained?,No,,,,,,,,,,,,,,,,,,
a5249d3c45b67334,locked_test,XENCORINC_10_25_2013-EX-10.24-COLLABORATION AGREEMENT (3).PDF,7131,Irrevocable Or Perpetual License,"Subject to XENCOR's adherence to the obligations under this Agreement, BII hereby grants XENCOR a worldwide, irrevocable, exclusive, sublicensable and royalty free license to use the Process and all reasonably necessary related BII Confidential Information and Know- How, BII Technology and BII Intellectual Property for the sole purpose of making and having made the Product; provided that such license shall become effective only upon complete payment of the Technology Access Fee, as applicable.",IPL-1,Is the license described as irrevocable or perpetual?,Present — then check IPL-2 and IPL-3,,,,,,,,,,,,,,,,,,
29ebc25c5fd6a03d,locked_test,"GOOSEHEADINSURANCE,INC_04_02_2018-EX-10.6-Franchise Agreement.PDF",4584,Irrevocable Or Perpetual License,"You hereby grant to us (and agree to obtain from your affiliates, owners, employees, and/or contractors), a perpetual, non-exclusive, and worldwide right to use any such ideas, concepts, methods, techniques and products in any businesses that we and/or our affiliates, franchisees and designees operate. We will have the right to use those ideas, concepts, methods, techniques, and/or products without making payment to you. You agree not to use or allow any other person or entity to use any such concept, method, technique or product without obtaining our prior written approval.",IPL-2,Can the supplier still terminate the license for convenience or minor breach?,Yes,,,,,,,,,,,,,,,,,,
1d0ccc4c8e59cf18,locked_test,ZEBRATECHNOLOGIESCORP_04_16_2014-EX-10.1-INTELLECTUAL PROPERTY AGREEMENT.PDF,3442,Irrevocable Or Perpetual License,"Effective as of the Initial Closing Date, the Seller hereby grants (and will cause each other Seller Party to grant following each applicable Closing Date) to the Purchaser Licensees:

(A) for a period of one hundred eighty (180) days after the applicable Closing Date (the ""Mobility Transition Period""), a fully paid-up, royalty-free, worldwide, non-transferable, non-exclusive sublicense to use any and all Mobility Trademarks, in accordance with the terms and conditions of the Mobility Trademark License; and

(B) for a period of seven hundred thirty (730) days after the applicable Closing Date (the ""Non-Mobility Transition Period""), a fully paid-up, royalty-free, irrevocable (except as expressly set forth herein), worldwide, non-transferable, non- exclusive license to use any and all Retained Seller Trademarks (other than the Mobility Trademarks and Licensed Trademarks) that are or have been, on or prior to the Initial Closing Date, used in connection with the Business or any product, service, or system in the Business (the ""Non-Mobility Trademarks""),

in each case of clauses (A) and (B), solely in connection with the operation of the Business or with the exercise of the licenses granted pursuant to Section 2.2(a) and Section 2.2(b), in a manner that is the same or substantially similar to the manner in which the Seller Entities used the Mobility Trademarks or Non-Mobility Trademarks, as applicable, in connection with the Business as of the Initial Closing Date, including with respect to existing signs and stocks of advertisements and promotional materials and items, inventory and packaging included in the Acquired Assets (""Existing Stock"") containing any Mobility Trademark or Non- Mobility Trademark.",IPL-3,Did the reviewing party grant an irrevocable or perpetual license it did not intend?,Yes,,,,,,,,,,,,,,,,,,
91db6d337a6eb645,locked_test,"INNOVIVA,INC_08_07_2014-EX-10.1-COLLABORATION AGREEMENT.PDF",2069,Joint Ip Ownership,"All Joint Inventions shall be owned jointly by Theravance and GSK, and each Party hereby consents to the assignment or license or other disposition by the other Party of its joint interests in Joint Inventions without the need to seek the consent of the other Party to such assignment or license or other disposition; provided that any such assignment, license or other disposition shall at all times be subject to the grant of rights and accompanying conditions under Sections 2.1 and 2.2 and Article 14.",JIPO-1,Are ownership shares or ownership rights for jointly created IP clearly defined?,No / unclear,,,,,,,,,,,,,,,,,,
c8392833a19404be,locked_test,IntegrityMediaInc_20010329_10-K405_EX-10.17_2373875_EX-10.17_Co-Branding Agreement.pdf,1784,Joint Ip Ownership,The parties hereby agree that the                   copyright in the Product sound recording compilation will be                   jointly registered by Integrity in the names of Integrity                   and TL.,JIPO-2,"Are licensing, exploitation, enforcement, registration, and cost responsibilities for joint IP addressed?",No / unclear,,,,,,,,,,,,,,,,,,
78e5f007d58096d1,locked_test,ZogenixInc_20190509_10-Q_EX-10.2_11663313_EX-10.2_Distributor Agreement.pdf,3883,Joint Ip Ownership,"Notwithstanding the foregoing, if Zogenix asks Distributor to solely conduct any additional Territory-specific Development activities which are urgently required by the MHLW for the MAA in the Territory, Distributor shall retain co-ownership with Zogenix of any Data generated solely by Distributor.",JIPO-3,"Are exit, termination, or dispute consequences for jointly owned IP unclear?",Yes / unclear,,,,,,,,,,,,,,,,,,
27cca91e1c54cd1d,locked_test,JOINTCORP_09_19_2014-EX-10.15-FRANCHISE AGREEMENT.PDF,8646,Liquidated Damages,"In the event that you use, sell or distribute unauthorized products or services, and do not cease the use, sale, or distribution of unauthorized services or products within ten (10) days after written notice is given to you, we reserve the right to terminate this agreement and/or charge you a fee of One Hundred and No/100 Dollars ($100.00) for each day that you fail to comply with our demand to cease the use, sale or distribution of unauthorized products or services, which is a reasonable estimate of the damages we would incur from your continued use, sale or distribution of unauthorized products or services, and not a penalt",LD-1,Does the amount appear to be a reasonable pre-estimate of loss rather than a penalty?,Looks punitive or arbitrary,,,,,,,,,,,,,,,,,,
db187c3793266e40,locked_test,BUFFALOWILDWINGSINC_06_05_1998-EX-10.3-FRANCHISE AGREEMENT.PDF,1114,Liquidated Damages,You pay us a nonrefundable Initial Franchise Fee of ________________ _______________________ Dollars ($________) which is payable in full on the date of this Agreement.,LD-2,Is the relationship between liquidated damages and the liability cap stated?,Silent or conflicting,,,,,,,,,,,,,,,,,,
d661b7aa292ac192,locked_test,IntegrityMediaInc_20010329_10-K405_EX-10.17_2373875_EX-10.17_Co-Branding Agreement.pdf,1787,License Grant,"Integrity hereby grants to TL the right                   to use its ""Integrity Music"" name and logo (""the Integrity                   Trademarks') in connection with the products produced during                   the Term of this Agreement for as long as the parties continue                   to sell and distribute such products at no additional cost to                   TL, and in accordance with the terms and conditions contained                   herein.",LIC-1,"Are field, territory, and purpose of the license clear?",Unclear or missing,,,,,,,,,,,,,,,,,,
9d8a32f66610675e,locked_test,AudibleInc_20001113_10-Q_EX-10.32_2599586_EX-10.32_Co-Branding Agreement_ Marketing Agreement_ Investment Distribution Agreement.pdf,3698,License Grant,"ACSI hereby grants to Company, during the Term, a non- exclusive, non-transferable (except in accordance with Section 11.7  [Assignment]) license, which Company may sublicense only to its Affiliates, to use the ACSI Intellectual Property supplied by ACSI to Company as is reasonably necessary to perform its obligations under this Agreement; provided, however, that Company shall not use ACSI's Trademarks, including in any advertising, without ACSI's prior written consent, unless such use conforms to a written Trademark use policy previously furnished by ACSI to Company and not subsequently modified or revoked.",LIC-2,Is the license broader than the commercial deal requires?,Yes,,,,,,,,,,,,,,,,,,
26baddeed12e6703,locked_test,WOMENSGOLFUNLIMITEDINC_03_29_2000-EX-10.13-ENDORSEMENT AGREEMENT.PDF,9432,License Grant,"The Professional hereby grants to the Company an exclusive license to use her name, likeness, image and personal identification in the Company's catalog of products.",LIC-3,Are sublicense or affiliate rights missing when the deal needs them?,Yes,,,,,,,,,,,,,,,,,,
1d27dd7bc7737e10,locked_test,"Sonos, Inc. - Manufacturing Agreement .PDF",6423,Cap On Liability,"In such case, Sonos' sole liability shall be limited to payment of the amount due under this Agreement, all the Component(s) procured by IAC, and any finished and work-in-process Products provided such Components and Products liabilities were incurred in compliance with this Agreement.",LOL-1,Is there no express monetary or fee-based liability cap?,Yes,,,,,,,,,,,,,,,,,,
b0a7f6c75066fdeb,locked_test,BIOPURECORP_06_30_1999-EX-10.13-AGENCY AGREEMENT.PDF,411,Cap On Liability,In no event will the Company be liable for incidental or consequential damages.,LOL-2,Is the cap mutual?,One-sided protecting only the counterparty,,,,,,,,,,,,,,,,,,
bb844946e5a38969,locked_test,NICELTD_06_26_2003-EX-4.5-OUTSOURCING AGREEMENT.PDF,5077,Cap On Liability,"Notwithstanding anything to the contrary contained herein, NICE'           liability to Contractor for any indirect, special, incidental,           exemplary or consequential damages as a result of any claim arising           under this Agreement or in connection therewith, regardless of whether           NICE has been advised of the possibility of such damages, shall not           exceed five million US dollars ($5,000,000) in the aggregate for all           claims, except for infringement of Intellectual Property rights for           which NICE is liable under Section 12.8.",LOL-3,Is the liability cap nominal or very low relative to deal value or exposure?,Yes,,,,,,,,,,,,,,,,,,
66fa9ae2e309994c,locked_test,EhaveInc_20190515_20-F_EX-4.44_11678816_EX-4.44_License Agreement_ Reseller Agreement.pdf,988,Cap On Liability,"Subject to Section 17(c), in no event shall either Party's liability under this Agreement exceed the aggregate of all amounts paid under this Agreement and amounts that have accrued but not yet been paid in the twelve (12) months preceding the event giving rise to the claim.",LOL-4,"Are high-risk heads missing from the liability-cap carve-outs (for example IP, confidentiality/data, fraud, willful misconduct, gross negligence)?",Yes,,,,,,,,,,,,,,,,,,
e31ab9e19987f863,locked_test,PLAYAHOTELS&RESORTSNV_03_14_2017-EX-10.22-STRATEGIC ALLIANCE AGREEMENT (Hyatt Ziva Cancun).PDF,2862,Cap On Liability,"In any action or proceeding between the Parties (including any arbitration proceeding) arising under or with respect to this Agreement or in any manner pertaining to the Hyatt All-Inclusive Resorts or to the relationship of the Parties under this Agreement, each Party hereby unconditionally and irrevocably waives and releases any right, power or privilege either may have to claim or receive from the other Party any punitive or exemplary damages, each Party acknowledging and agreeing that the remedies herein provided and other remedies at law or in equity will in all circumstances be adequate.",LOL-5,Is the exclusion of consequential or indirect damages one-sided against the reviewing party?,Yes,,,,,,,,,,,,,,,,,,
4f5b7b6abb374481,locked_test,WARNINGMANAGEMENTSERVICESINC_12_10_1999-EX-10-ENDORSEMENT AGREEMENT.PDF,706,Most Favored Nation,"If, at any time during the Contract Period, Company shall enter into any agreement (the terms of what are significantly the same as the terms hereof) in connection with the production and sale of Company's products using the name, likeness, photographic representation or signature of any other National Football League quarterback (active or retired), which agreement provides for the payment to such individual of remuneration in excess of that set forth herein, then Company agrees it will immediately so notify Pey Dirt<omitted>and, at the same time, shall, retroactive to the effective date of such other agreement, increase the rate of remuneration paid to Pey Dirt hereunder up to the highest then-current rate paid by Company to any such National Football League quarterback (active or retired) for a regional endorsement deal.",MFN-1,"Is MFN scope (price, terms, customers, territory) clear?",Unclear,,,,,,,,,,,,,,,,,,
3876edbcc4ba483c,locked_test,PlayboyEnterprisesInc_20090220_10-QA_EX-10.2_4091580_EX-10.2_Content License Agreement_ Marketing Agreement_ Sales-Purchase Agreement1.pdf,3458,Most Favored Nation,The parties agree that Client will not be  charged a higher fee than what is being made available by EFS to its other Clients for similar services.,MFN-2,Does MFN conflict with other price or discount restrictions in the contract?,Yes,,,,,,,,,,,,,,,,,,
3665149cdd830a1f,locked_test,CHINARECYCLINGENERGYCORP_11_14_2013-EX-10.6-Cooperation Agreement.PDF,3340,Minimum Commitment,"From the starting day of the project, Party B must ensure that the coking system works properly and working hours of the CDQ system must be no less than 8,000 hours/year.",MIN-1,Is there a minimum purchase or take-or-pay obligation?,Yes — check relief terms,,,,,,,,,,,,,,,,,,
b09daf3250fe1d63,locked_test,"OASYSMOBILE,INC_07_05_2001-EX-10.17-OUTSOURCING AGREEMENT.PDF",8908,Minimum Commitment,Reseller must have a minimum of two (2) of its pre-sales technical staff participate in the pre-sales technical training in the first 6 months of this agreement.,MIN-2,Is there relief if goods or services are not delivered or are unusable?,No,,,,,,,,,,,,,,,,,,
1ec6498bac2c3403,locked_test,PaperexchangeComInc_20000322_S-1A_EX-10.4_5202103_EX-10.4_Co-Branding Agreement.pdf,8700,Non-Compete,"During the Term, PaperExchange will not, directly or indirectly, design, host, operate, maintain or otherwise participate in a co-branded career center or a co-branded equipment listing Site with a Pulp and Paper Online Competitor or license a PaperExchange Link for use or display on any Pulp and Paper Online Competitor's Site.",NC-1,"Are scope, geography, and duration reasonable?",Over-broad or excessively long,,,,,,,,,,,,,,,,,,
75c584dd8f45033e,locked_test,PaperexchangeComInc_20000322_S-1A_EX-10.4_5202103_EX-10.4_Co-Branding Agreement.pdf,8700,Non-Compete,"During the Term, PaperExchange will not, directly or indirectly, design, host, operate, maintain or otherwise participate in a co-branded career center or a co-branded equipment listing Site with a Pulp and Paper Online Competitor or license a PaperExchange Link for use or display on any Pulp and Paper Online Competitor's Site.",NC-2,Is there a meaningful exception or carve-out for ordinary business?,No,,,,,,,,,,,,,,,,,,
acce0a295464df07,locked_test,SoupmanInc_20150814_8-K_EX-10.1_9230148_EX-10.1_Franchise Agreement1.pdf,4273,Non-Disparagement,"In consideration for such training, trade secrets and confidential information, you and your principals agree that during the term of this Agreement, and for a continuous uninterrupted period commencing upon expiration or termination of this Agreement, regardless of the cause for termination, and continuing for a period of three (3) years thereafter, neither you nor your principals shall, directly or indirectly, for themselves, or through, on behalf of, or in conjunction with any person, persons, partnership, limited liability company or corporation:   7.1.1 Divert or attempt to divert any business or customer of the Franchised Business or any Unit Franchisee anywhere, by direct or indirect inducement or otherwise, or do or perform, directly or indirectly, any other act injurious or prejudicial to the goodwill associated with our Proprietary Marks or the System.",NDS-1,Is the non-disparagement restriction materially broader than needed for the transaction?,Yes,,,,,,,,,,,,,,,,,,
ef141ae10f02609f,locked_test,WOMENSGOLFUNLIMITEDINC_03_29_2000-EX-10.13-ENDORSEMENT AGREEMENT.PDF,9414,Non-Disparagement,"acts or omissions reasonably determined by the          Company to be prejudicial or injurious to the business or goodwill of          the Company, its officers, employees, shareholders or products, the          golf industry or professional golf; and",NDS-2,"Is the restriction mutual and subject to appropriate legal, regulatory, or truthful-reporting exceptions?",No / unclear,,,,,,,,,,,,,,,,,,
